desc: --massif-out-file=massif.out
cmd: ./btc_predict
time_unit: i
#-----------
snapshot=0
#-----------
time=0
mem_heap_B=0
mem_heap_extra_B=0
mem_stacks_B=0
heap_tree=empty
#-----------
snapshot=1
#-----------
time=1100901
mem_heap_B=1024
mem_heap_extra_B=8
mem_stacks_B=0
heap_tree=empty
#-----------
snapshot=2
#-----------
time=1523639
mem_heap_B=13112
mem_heap_extra_B=7296
mem_stacks_B=0
heap_tree=detailed
n5: 13112 (heap allocation functions) malloc/new/new[], --alloc-fns, etc.
 n3: 5424 0x4EEA4D8: OBJ_NAME_add (in /usr/lib/x86_64-linux-gnu/libcrypto.so.3)
  n0: 4584 in 206 places, all below massif's threshold (1.00%)
  n1: 480 0x4E0C216: EVP_add_digest (in /usr/lib/x86_64-linux-gnu/libcrypto.so.3)
   n0: 480 in 20 places, all below massif's threshold (1.00%)
  n1: 360 0x4E0C23A: EVP_add_digest (in /usr/lib/x86_64-linux-gnu/libcrypto.so.3)
   n0: 360 in 15 places, all below massif's threshold (1.00%)
 n1: 5400 0x4E219A5: OPENSSL_LH_insert (in /usr/lib/x86_64-linux-gnu/libcrypto.so.3)
  n4: 5400 0x4EEA520: OBJ_NAME_add (in /usr/lib/x86_64-linux-gnu/libcrypto.so.3)
   n1: 3264 0x4E0C17B: EVP_add_cipher (in /usr/lib/x86_64-linux-gnu/libcrypto.so.3)
    n0: 3264 in 136 places, all below massif's threshold (1.00%)
   n0: 1296 in 54 places, all below massif's threshold (1.00%)
   n1: 480 0x4E0C1E7: EVP_add_digest (in /usr/lib/x86_64-linux-gnu/libcrypto.so.3)
    n0: 480 in 20 places, all below massif's threshold (1.00%)
   n1: 360 0x4E0C23A: EVP_add_digest (in /usr/lib/x86_64-linux-gnu/libcrypto.so.3)
    n0: 360 in 15 places, all below massif's threshold (1.00%)
 n1: 1024 0x4A751B4: _IO_file_doallocate (filedoalloc.c:101)
  n1: 1024 0x4A85523: _IO_doallocbuf (genops.c:347)
   n1: 1024 0x4A82F8F: _IO_file_overflow@@GLIBC_2.2.5 (fileops.c:745)
    n1: 1024 0x4A83AAE: _IO_new_file_xsputn (fileops.c:1244)
     n1: 1024 0x4A83AAE: _IO_file_xsputn@@GLIBC_2.2.5 (fileops.c:1197)
      n1: 1024 0x4A50CC8: __printf_buffer_flush_to_file (printf_buffer_to_file.c:59)
       n1: 1024 0x4A50CC8: __printf_buffer_to_file_done (printf_buffer_to_file.c:120)
        n1: 1024 0x4A5B742: __vfprintf_internal (vfprintf-internal.c:1545)
         n1: 1024 0x4B27A3C: __printf_chk (printf_chk.c:33)
          n0: 1024 0x109545: main (in /home/khanh/A37/A35M/btc_predict)
 n1: 1024 0x4E2194F: OPENSSL_LH_insert (in /usr/lib/x86_64-linux-gnu/libcrypto.so.3)
  n2: 1024 0x4EEA520: OBJ_NAME_add (in /usr/lib/x86_64-linux-gnu/libcrypto.so.3)
   n1: 1024 0x4DE1112: ??? (in /usr/lib/x86_64-linux-gnu/libcrypto.so.3)
    n1: 1024 0x4E266DC: ??? (in /usr/lib/x86_64-linux-gnu/libcrypto.so.3)
     n1: 1024 0x4A91ED2: __pthread_once_slow (pthread_once.c:116)
      n1: 1024 0x4E3480C: CRYPTO_THREAD_run_once (in /usr/lib/x86_64-linux-gnu/libcrypto.so.3)
       n1: 1024 0x4E26C4A: OPENSSL_init_crypto (in /usr/lib/x86_64-linux-gnu/libcrypto.so.3)
        n1: 1024 0x48906EC: OPENSSL_init_ssl (in /usr/lib/x86_64-linux-gnu/libssl.so.3)
         n1: 1024 0x10A51A: download_model_from_github (in /home/khanh/A37/A35M/btc_predict)
          n0: 1024 0x10954D: main (in /home/khanh/A37/A35M/btc_predict)
   n0: 0 in 2 places, all below massif's threshold (1.00%)
 n1: 240 0x4E27844: CRYPTO_zalloc (in /usr/lib/x86_64-linux-gnu/libcrypto.so.3)
  n0: 240 in 3 places, all below massif's threshold (1.00%)
#-----------
snapshot=3
#-----------
time=2035619
mem_heap_B=42948
mem_heap_extra_B=23004
mem_stacks_B=0
heap_tree=empty
#-----------
snapshot=4
#-----------
time=2642154
mem_heap_B=72878
mem_heap_extra_B=36322
mem_stacks_B=0
heap_tree=detailed
n8: 72878 (heap allocation functions) malloc/new/new[], --alloc-fns, etc.
 n4: 41784 0x4E219A5: OPENSSL_LH_insert (in /usr/lib/x86_64-linux-gnu/libcrypto.so.3)
  n2: 34152 0x4DD9062: ??? (in /usr/lib/x86_64-linux-gnu/libcrypto.so.3)
   n9: 32184 0x4DD9320: ERR_load_strings_const (in /usr/lib/x86_64-linux-gnu/libcrypto.so.3)
    n0: 14016 in 25 places, all below massif's threshold (1.00%)
    n1: 2952 0x4FE569B: ??? (in /usr/lib/x86_64-linux-gnu/libcrypto.so.3)
     n1: 2952 0x4DDAB95: ??? (in /usr/lib/x86_64-linux-gnu/libcrypto.so.3)
      n1: 2952 0x4E266FC: ??? (in /usr/lib/x86_64-linux-gnu/libcrypto.so.3)
       n1: 2952 0x4A91ED2: __pthread_once_slow (pthread_once.c:116)
        n1: 2952 0x4E3480C: CRYPTO_THREAD_run_once (in /usr/lib/x86_64-linux-gnu/libcrypto.so.3)
         n1: 2952 0x4E26BEA: OPENSSL_init_crypto (in /usr/lib/x86_64-linux-gnu/libcrypto.so.3)
          n1: 2952 0x4DD997A: ??? (in /usr/lib/x86_64-linux-gnu/libcrypto.so.3)
           n1: 2952 0x4DDA75C: ERR_set_mark (in /usr/lib/x86_64-linux-gnu/libcrypto.so.3)
            n1: 2952 0x4D49DD5: CONF_modules_load_file_ex (in /usr/lib/x86_64-linux-gnu/libcrypto.so.3)
             n1: 2952 0x4D4A1F0: ??? (in /usr/lib/x86_64-linux-gnu/libcrypto.so.3)
              n1: 2952 0x4E2667E: ??? (in /usr/lib/x86_64-linux-gnu/libcrypto.so.3)
               n1: 2952 0x4A91ED2: __pthread_once_slow (pthread_once.c:116)
                n1: 2952 0x4E3480C: CRYPTO_THREAD_run_once (in /usr/lib/x86_64-linux-gnu/libcrypto.so.3)
                 n1: 2952 0x4E26E43: OPENSSL_init_crypto (in /usr/lib/x86_64-linux-gnu/libcrypto.so.3)
                  n1: 2952 0x48906EC: OPENSSL_init_ssl (in /usr/lib/x86_64-linux-gnu/libssl.so.3)
                   n1: 2952 0x10A51A: download_model_from_github (in /home/khanh/A37/A35M/btc_predict)
                    n0: 2952 0x10954D: main (in /home/khanh/A37/A35M/btc_predict)
    n1: 2760 0x4CD767B: ??? (in /usr/lib/x86_64-linux-gnu/libcrypto.so.3)
     n1: 2760 0x4DDAA6D: ??? (in /usr/lib/x86_64-linux-gnu/libcrypto.so.3)
      n1: 2760 0x4E266FC: ??? (in /usr/lib/x86_64-linux-gnu/libcrypto.so.3)
       n1: 2760 0x4A91ED2: __pthread_once_slow (pthread_once.c:116)
        n1: 2760 0x4E3480C: CRYPTO_THREAD_run_once (in /usr/lib/x86_64-linux-gnu/libcrypto.so.3)
         n1: 2760 0x4E26BEA: OPENSSL_init_crypto (in /usr/lib/x86_64-linux-gnu/libcrypto.so.3)
          n1: 2760 0x4DD997A: ??? (in /usr/lib/x86_64-linux-gnu/libcrypto.so.3)
           n1: 2760 0x4DDA75C: ERR_set_mark (in /usr/lib/x86_64-linux-gnu/libcrypto.so.3)
            n1: 2760 0x4D49DD5: CONF_modules_load_file_ex (in /usr/lib/x86_64-linux-gnu/libcrypto.so.3)
             n1: 2760 0x4D4A1F0: ??? (in /usr/lib/x86_64-linux-gnu/libcrypto.so.3)
              n1: 2760 0x4E2667E: ??? (in /usr/lib/x86_64-linux-gnu/libcrypto.so.3)
               n1: 2760 0x4A91ED2: __pthread_once_slow (pthread_once.c:116)
                n1: 2760 0x4E3480C: CRYPTO_THREAD_run_once (in /usr/lib/x86_64-linux-gnu/libcrypto.so.3)
                 n1: 2760 0x4E26E43: OPENSSL_init_crypto (in /usr/lib/x86_64-linux-gnu/libcrypto.so.3)
                  n1: 2760 0x48906EC: OPENSSL_init_ssl (in /usr/lib/x86_64-linux-gnu/libssl.so.3)
                   n1: 2760 0x10A51A: download_model_from_github (in /home/khanh/A37/A35M/btc_predict)
                    n0: 2760 0x10954D: main (in /home/khanh/A37/A35M/btc_predict)
    n1: 2616 0x4DFDEDB: ??? (in /usr/lib/x86_64-linux-gnu/libcrypto.so.3)
     n1: 2616 0x4DDAA37: ??? (in /usr/lib/x86_64-linux-gnu/libcrypto.so.3)
      n1: 2616 0x4E266FC: ??? (in /usr/lib/x86_64-linux-gnu/libcrypto.so.3)
       n1: 2616 0x4A91ED2: __pthread_once_slow (pthread_once.c:116)
        n1: 2616 0x4E3480C: CRYPTO_THREAD_run_once (in /usr/lib/x86_64-linux-gnu/libcrypto.so.3)
         n1: 2616 0x4E26BEA: OPENSSL_init_crypto (in /usr/lib/x86_64-linux-gnu/libcrypto.so.3)
          n1: 2616 0x4DD997A: ??? (in /usr/lib/x86_64-linux-gnu/libcrypto.so.3)
           n1: 2616 0x4DDA75C: ERR_set_mark (in /usr/lib/x86_64-linux-gnu/libcrypto.so.3)
            n1: 2616 0x4D49DD5: CONF_modules_load_file_ex (in /usr/lib/x86_64-linux-gnu/libcrypto.so.3)
             n1: 2616 0x4D4A1F0: ??? (in /usr/lib/x86_64-linux-gnu/libcrypto.so.3)
              n1: 2616 0x4E2667E: ??? (in /usr/lib/x86_64-linux-gnu/libcrypto.so.3)
               n1: 2616 0x4A91ED2: __pthread_once_slow (pthread_once.c:116)
                n1: 2616 0x4E3480C: CRYPTO_THREAD_run_once (in /usr/lib/x86_64-linux-gnu/libcrypto.so.3)
                 n1: 2616 0x4E26E43: OPENSSL_init_crypto (in /usr/lib/x86_64-linux-gnu/libcrypto.so.3)
                  n1: 2616 0x48906EC: OPENSSL_init_ssl (in /usr/lib/x86_64-linux-gnu/libssl.so.3)
                   n1: 2616 0x10A51A: download_model_from_github (in /home/khanh/A37/A35M/btc_predict)
                    n0: 2616 0x10954D: main (in /home/khanh/A37/A35M/btc_predict)
    n1: 2304 0x4D3BDEB: ??? (in /usr/lib/x86_64-linux-gnu/libcrypto.so.3)
     n1: 2304 0x4DDAB2D: ??? (in /usr/lib/x86_64-linux-gnu/libcrypto.so.3)
      n1: 2304 0x4E266FC: ??? (in /usr/lib/x86_64-linux-gnu/libcrypto.so.3)
       n1: 2304 0x4A91ED2: __pthread_once_slow (pthread_once.c:116)
        n1: 2304 0x4E3480C: CRYPTO_THREAD_run_once (in /usr/lib/x86_64-linux-gnu/libcrypto.so.3)
         n1: 2304 0x4E26BEA: OPENSSL_init_crypto (in /usr/lib/x86_64-linux-gnu/libcrypto.so.3)
          n1: 2304 0x4DD997A: ??? (in /usr/lib/x86_64-linux-gnu/libcrypto.so.3)
           n1: 2304 0x4DDA75C: ERR_set_mark (in /usr/lib/x86_64-linux-gnu/libcrypto.so.3)
            n1: 2304 0x4D49DD5: CONF_modules_load_file_ex (in /usr/lib/x86_64-linux-gnu/libcrypto.so.3)
             n1: 2304 0x4D4A1F0: ??? (in /usr/lib/x86_64-linux-gnu/libcrypto.so.3)
              n1: 2304 0x4E2667E: ??? (in /usr/lib/x86_64-linux-gnu/libcrypto.so.3)
               n1: 2304 0x4A91ED2: __pthread_once_slow (pthread_once.c:116)
                n1: 2304 0x4E3480C: CRYPTO_THREAD_run_once (in /usr/lib/x86_64-linux-gnu/libcrypto.so.3)
                 n1: 2304 0x4E26E43: OPENSSL_init_crypto (in /usr/lib/x86_64-linux-gnu/libcrypto.so.3)
                  n1: 2304 0x48906EC: OPENSSL_init_ssl (in /usr/lib/x86_64-linux-gnu/libssl.so.3)
                   n1: 2304 0x10A51A: download_model_from_github (in /home/khanh/A37/A35M/btc_predict)
                    n0: 2304 0x10954D: main (in /home/khanh/A37/A35M/btc_predict)
    n1: 2112 0x4D2DFDB: ??? (in /usr/lib/x86_64-linux-gnu/libcrypto.so.3)
     n1: 2112 0x4DDAB47: ??? (in /usr/lib/x86_64-linux-gnu/libcrypto.so.3)
      n1: 2112 0x4E266FC: ??? (in /usr/lib/x86_64-linux-gnu/libcrypto.so.3)
       n1: 2112 0x4A91ED2: __pthread_once_slow (pthread_once.c:116)
        n1: 2112 0x4E3480C: CRYPTO_THREAD_run_once (in /usr/lib/x86_64-linux-gnu/libcrypto.so.3)
         n1: 2112 0x4E26BEA: OPENSSL_init_crypto (in /usr/lib/x86_64-linux-gnu/libcrypto.so.3)
          n1: 2112 0x4DD997A: ??? (in /usr/lib/x86_64-linux-gnu/libcrypto.so.3)
           n1: 2112 0x4DDA75C: ERR_set_mark (in /usr/lib/x86_64-linux-gnu/libcrypto.so.3)
            n1: 2112 0x4D49DD5: CONF_modules_load_file_ex (in /usr/lib/x86_64-linux-gnu/libcrypto.so.3)
             n1: 2112 0x4D4A1F0: ??? (in /usr/lib/x86_64-linux-gnu/libcrypto.so.3)
              n1: 2112 0x4E2667E: ??? (in /usr/lib/x86_64-linux-gnu/libcrypto.so.3)
               n1: 2112 0x4A91ED2: __pthread_once_slow (pthread_once.c:116)
                n1: 2112 0x4E3480C: CRYPTO_THREAD_run_once (in /usr/lib/x86_64-linux-gnu/libcrypto.so.3)
                 n1: 2112 0x4E26E43: OPENSSL_init_crypto (in /usr/lib/x86_64-linux-gnu/libcrypto.so.3)
                  n1: 2112 0x48906EC: OPENSSL_init_ssl (in /usr/lib/x86_64-linux-gnu/libssl.so.3)
                   n1: 2112 0x10A51A: download_model_from_github (in /home/khanh/A37/A35M/btc_predict)
                    n0: 2112 0x10954D: main (in /home/khanh/A37/A35M/btc_predict)
    n1: 1968 0x4F182DB: ??? (in /usr/lib/x86_64-linux-gnu/libcrypto.so.3)
     n1: 1968 0x4DDAA25: ??? (in /usr/lib/x86_64-linux-gnu/libcrypto.so.3)
      n1: 1968 0x4E266FC: ??? (in /usr/lib/x86_64-linux-gnu/libcrypto.so.3)
       n1: 1968 0x4A91ED2: __pthread_once_slow (pthread_once.c:116)
        n1: 1968 0x4E3480C: CRYPTO_THREAD_run_once (in /usr/lib/x86_64-linux-gnu/libcrypto.so.3)
         n1: 1968 0x4E26BEA: OPENSSL_init_crypto (in /usr/lib/x86_64-linux-gnu/libcrypto.so.3)
          n1: 1968 0x4DD997A: ??? (in /usr/lib/x86_64-linux-gnu/libcrypto.so.3)
           n1: 1968 0x4DDA75C: ERR_set_mark (in /usr/lib/x86_64-linux-gnu/libcrypto.so.3)
            n1: 1968 0x4D49DD5: CONF_modules_load_file_ex (in /usr/lib/x86_64-linux-gnu/libcrypto.so.3)
             n1: 1968 0x4D4A1F0: ??? (in /usr/lib/x86_64-linux-gnu/libcrypto.so.3)
              n1: 1968 0x4E2667E: ??? (in /usr/lib/x86_64-linux-gnu/libcrypto.so.3)
               n1: 1968 0x4A91ED2: __pthread_once_slow (pthread_once.c:116)
                n1: 1968 0x4E3480C: CRYPTO_THREAD_run_once (in /usr/lib/x86_64-linux-gnu/libcrypto.so.3)
                 n1: 1968 0x4E26E43: OPENSSL_init_crypto (in /usr/lib/x86_64-linux-gnu/libcrypto.so.3)
                  n1: 1968 0x48906EC: OPENSSL_init_ssl (in /usr/lib/x86_64-linux-gnu/libssl.so.3)
                   n1: 1968 0x10A51A: download_model_from_github (in /home/khanh/A37/A35M/btc_predict)
                    n0: 1968 0x10954D: main (in /home/khanh/A37/A35M/btc_predict)
    n1: 1824 0x4D7C4AB: ??? (in /usr/lib/x86_64-linux-gnu/libcrypto.so.3)
     n1: 1824 0x4DDAA91: ??? (in /usr/lib/x86_64-linux-gnu/libcrypto.so.3)
      n1: 1824 0x4E266FC: ??? (in /usr/lib/x86_64-linux-gnu/libcrypto.so.3)
       n1: 1824 0x4A91ED2: __pthread_once_slow (pthread_once.c:116)
        n1: 1824 0x4E3480C: CRYPTO_THREAD_run_once (in /usr/lib/x86_64-linux-gnu/libcrypto.so.3)
         n1: 1824 0x4E26BEA: OPENSSL_init_crypto (in /usr/lib/x86_64-linux-gnu/libcrypto.so.3)
          n1: 1824 0x4DD997A: ??? (in /usr/lib/x86_64-linux-gnu/libcrypto.so.3)
           n1: 1824 0x4DDA75C: ERR_set_mark (in /usr/lib/x86_64-linux-gnu/libcrypto.so.3)
            n1: 1824 0x4D49DD5: CONF_modules_load_file_ex (in /usr/lib/x86_64-linux-gnu/libcrypto.so.3)
             n1: 1824 0x4D4A1F0: ??? (in /usr/lib/x86_64-linux-gnu/libcrypto.so.3)
              n1: 1824 0x4E2667E: ??? (in /usr/lib/x86_64-linux-gnu/libcrypto.so.3)
               n1: 1824 0x4A91ED2: __pthread_once_slow (pthread_once.c:116)
                n1: 1824 0x4E3480C: CRYPTO_THREAD_run_once (in /usr/lib/x86_64-linux-gnu/libcrypto.so.3)
                 n1: 1824 0x4E26E43: OPENSSL_init_crypto (in /usr/lib/x86_64-linux-gnu/libcrypto.so.3)
                  n1: 1824 0x48906EC: OPENSSL_init_ssl (in /usr/lib/x86_64-linux-gnu/libssl.so.3)
                   n1: 1824 0x10A51A: download_model_from_github (in /home/khanh/A37/A35M/btc_predict)
                    n0: 1824 0x10954D: main (in /home/khanh/A37/A35M/btc_predict)
    n1: 1632 0x4F7D57B: ??? (in /usr/lib/x86_64-linux-gnu/libcrypto.so.3)
     n1: 1632 0x4DDAAB8: ??? (in /usr/lib/x86_64-linux-gnu/libcrypto.so.3)
      n1: 1632 0x4E266FC: ??? (in /usr/lib/x86_64-linux-gnu/libcrypto.so.3)
       n1: 1632 0x4A91ED2: __pthread_once_slow (pthread_once.c:116)
        n1: 1632 0x4E3480C: CRYPTO_THREAD_run_once (in /usr/lib/x86_64-linux-gnu/libcrypto.so.3)
         n1: 1632 0x4E26BEA: OPENSSL_init_crypto (in /usr/lib/x86_64-linux-gnu/libcrypto.so.3)
          n1: 1632 0x4DD997A: ??? (in /usr/lib/x86_64-linux-gnu/libcrypto.so.3)
           n1: 1632 0x4DDA75C: ERR_set_mark (in /usr/lib/x86_64-linux-gnu/libcrypto.so.3)
            n1: 1632 0x4D49DD5: CONF_modules_load_file_ex (in /usr/lib/x86_64-linux-gnu/libcrypto.so.3)
             n1: 1632 0x4D4A1F0: ??? (in /usr/lib/x86_64-linux-gnu/libcrypto.so.3)
              n1: 1632 0x4E2667E: ??? (in /usr/lib/x86_64-linux-gnu/libcrypto.so.3)
               n1: 1632 0x4A91ED2: __pthread_once_slow (pthread_once.c:116)
                n1: 1632 0x4E3480C: CRYPTO_THREAD_run_once (in /usr/lib/x86_64-linux-gnu/libcrypto.so.3)
                 n1: 1632 0x4E26E43: OPENSSL_init_crypto (in /usr/lib/x86_64-linux-gnu/libcrypto.so.3)
                  n1: 1632 0x48906EC: OPENSSL_init_ssl (in /usr/lib/x86_64-linux-gnu/libssl.so.3)
                   n1: 1632 0x10A51A: download_model_from_github (in /home/khanh/A37/A35M/btc_predict)
                    n0: 1632 0x10954D: main (in /home/khanh/A37/A35M/btc_predict)
   n0: 1968 in 2 places, all below massif's threshold (1.00%)
  n2: 5424 0x4EEA520: OBJ_NAME_add (in /usr/lib/x86_64-linux-gnu/libcrypto.so.3)
   n1: 3264 0x4E0C17B: EVP_add_cipher (in /usr/lib/x86_64-linux-gnu/libcrypto.so.3)
    n0: 3264 in 136 places, all below massif's threshold (1.00%)
   n0: 2160 in 56 places, all below massif's threshold (1.00%)
  n1: 1680 0x4D45DA4: ??? (in /usr/lib/x86_64-linux-gnu/libcrypto.so.3)
   n1: 1680 0x4D478BE: ??? (in /usr/lib/x86_64-linux-gnu/libcrypto.so.3)
    n1: 1680 0x4D4822B: ??? (in /usr/lib/x86_64-linux-gnu/libcrypto.so.3)
     n1: 1680 0x4D49E04: CONF_modules_load_file_ex (in /usr/lib/x86_64-linux-gnu/libcrypto.so.3)
      n1: 1680 0x4D4A1F0: ??? (in /usr/lib/x86_64-linux-gnu/libcrypto.so.3)
       n1: 1680 0x4E2667E: ??? (in /usr/lib/x86_64-linux-gnu/libcrypto.so.3)
        n1: 1680 0x4A91ED2: __pthread_once_slow (pthread_once.c:116)
         n1: 1680 0x4E3480C: CRYPTO_THREAD_run_once (in /usr/lib/x86_64-linux-gnu/libcrypto.so.3)
          n1: 1680 0x4E26E43: OPENSSL_init_crypto (in /usr/lib/x86_64-linux-gnu/libcrypto.so.3)
           n1: 1680 0x48906EC: OPENSSL_init_ssl (in /usr/lib/x86_64-linux-gnu/libssl.so.3)
            n1: 1680 0x10A51A: download_model_from_github (in /home/khanh/A37/A35M/btc_predict)
             n0: 1680 0x10954D: main (in /home/khanh/A37/A35M/btc_predict)
  n0: 528 in 2 places, all below massif's threshold (1.00%)
 n2: 9728 0x4E2194F: OPENSSL_LH_insert (in /usr/lib/x86_64-linux-gnu/libcrypto.so.3)
  n2: 8192 0x4DD9062: ??? (in /usr/lib/x86_64-linux-gnu/libcrypto.so.3)
   n2: 8192 0x4DD9320: ERR_load_strings_const (in /usr/lib/x86_64-linux-gnu/libcrypto.so.3)
    n1: 8192 0x4F5D3FB: ??? (in /usr/lib/x86_64-linux-gnu/libcrypto.so.3)
     n1: 8192 0x4DDAB20: ??? (in /usr/lib/x86_64-linux-gnu/libcrypto.so.3)
      n1: 8192 0x4E266FC: ??? (in /usr/lib/x86_64-linux-gnu/libcrypto.so.3)
       n1: 8192 0x4A91ED2: __pthread_once_slow (pthread_once.c:116)
        n1: 8192 0x4E3480C: CRYPTO_THREAD_run_once (in /usr/lib/x86_64-linux-gnu/libcrypto.so.3)
         n1: 8192 0x4E26BEA: OPENSSL_init_crypto (in /usr/lib/x86_64-linux-gnu/libcrypto.so.3)
          n1: 8192 0x4DD997A: ??? (in /usr/lib/x86_64-linux-gnu/libcrypto.so.3)
           n1: 8192 0x4DDA75C: ERR_set_mark (in /usr/lib/x86_64-linux-gnu/libcrypto.so.3)
            n1: 8192 0x4D49DD5: CONF_modules_load_file_ex (in /usr/lib/x86_64-linux-gnu/libcrypto.so.3)
             n1: 8192 0x4D4A1F0: ??? (in /usr/lib/x86_64-linux-gnu/libcrypto.so.3)
              n1: 8192 0x4E2667E: ??? (in /usr/lib/x86_64-linux-gnu/libcrypto.so.3)
               n1: 8192 0x4A91ED2: __pthread_once_slow (pthread_once.c:116)
                n1: 8192 0x4E3480C: CRYPTO_THREAD_run_once (in /usr/lib/x86_64-linux-gnu/libcrypto.so.3)
                 n1: 8192 0x4E26E43: OPENSSL_init_crypto (in /usr/lib/x86_64-linux-gnu/libcrypto.so.3)
                  n1: 8192 0x48906EC: OPENSSL_init_ssl (in /usr/lib/x86_64-linux-gnu/libssl.so.3)
                   n1: 8192 0x10A51A: download_model_from_github (in /home/khanh/A37/A35M/btc_predict)
                    n0: 8192 0x10954D: main (in /home/khanh/A37/A35M/btc_predict)
    n0: 0 in 3 places, all below massif's threshold (1.00%)
   n0: 0 in 2 places, all below massif's threshold (1.00%)
  n0: 1536 in 2 places, all below massif's threshold (1.00%)
 n1: 5424 0x4EEA4D8: OBJ_NAME_add (in /usr/lib/x86_64-linux-gnu/libcrypto.so.3)
  n0: 5424 in 208 places, all below massif's threshold (1.00%)
 n1: 5120 0x4A751B4: _IO_file_doallocate (filedoalloc.c:101)
  n2: 5120 0x4A85523: _IO_doallocbuf (genops.c:347)
   n1: 4096 0x4A82883: _IO_file_underflow@@GLIBC_2.2.5 (fileops.c:486)
    n1: 4096 0x4A855D1: _IO_default_uflow (genops.c:362)
     n1: 4096 0x4A76F79: _IO_getline_info (iogetline.c:60)
      n1: 4096 0x4A75BD3: fgets (iofgets.c:53)
       n1: 4096 0x4CFB050: ??? (in /usr/lib/x86_64-linux-gnu/libcrypto.so.3)
        n1: 4096 0x4CF2096: BIO_gets (in /usr/lib/x86_64-linux-gnu/libcrypto.so.3)
         n1: 4096 0x4D47013: ??? (in /usr/lib/x86_64-linux-gnu/libcrypto.so.3)
          n1: 4096 0x4D4822B: ??? (in /usr/lib/x86_64-linux-gnu/libcrypto.so.3)
           n1: 4096 0x4D49E04: CONF_modules_load_file_ex (in /usr/lib/x86_64-linux-gnu/libcrypto.so.3)
            n1: 4096 0x4D4A1F0: ??? (in /usr/lib/x86_64-linux-gnu/libcrypto.so.3)
             n1: 4096 0x4E2667E: ??? (in /usr/lib/x86_64-linux-gnu/libcrypto.so.3)
              n1: 4096 0x4A91ED2: __pthread_once_slow (pthread_once.c:116)
               n1: 4096 0x4E3480C: CRYPTO_THREAD_run_once (in /usr/lib/x86_64-linux-gnu/libcrypto.so.3)
                n1: 4096 0x4E26E43: OPENSSL_init_crypto (in /usr/lib/x86_64-linux-gnu/libcrypto.so.3)
                 n1: 4096 0x48906EC: OPENSSL_init_ssl (in /usr/lib/x86_64-linux-gnu/libssl.so.3)
                  n1: 4096 0x10A51A: download_model_from_github (in /home/khanh/A37/A35M/btc_predict)
                   n0: 4096 0x10954D: main (in /home/khanh/A37/A35M/btc_predict)
   n0: 1024 in 1 place, below massif's threshold (1.00%)
 n2: 4296 0x4E27844: CRYPTO_zalloc (in /usr/lib/x86_64-linux-gnu/libcrypto.so.3)
  n0: 2672 in 10 places, all below massif's threshold (1.00%)
  n1: 1624 0x4E34703: CRYPTO_THREAD_lock_new (in /usr/lib/x86_64-linux-gnu/libcrypto.so.3)
   n0: 1624 in 11 places, all below massif's threshold (1.00%)
 n0: 2762 in 10 places, all below massif's threshold (1.00%)
 n2: 2084 0x4D1F203: BUF_MEM_grow (in /usr/lib/x86_64-linux-gnu/libcrypto.so.3)
  n2: 1400 0x4D46535: ??? (in /usr/lib/x86_64-linux-gnu/libcrypto.so.3)
   n1: 1376 0x4D47879: ??? (in /usr/lib/x86_64-linux-gnu/libcrypto.so.3)
    n1: 1376 0x4D4822B: ??? (in /usr/lib/x86_64-linux-gnu/libcrypto.so.3)
     n1: 1376 0x4D49E04: CONF_modules_load_file_ex (in /usr/lib/x86_64-linux-gnu/libcrypto.so.3)
      n1: 1376 0x4D4A1F0: ??? (in /usr/lib/x86_64-linux-gnu/libcrypto.so.3)
       n1: 1376 0x4E2667E: ??? (in /usr/lib/x86_64-linux-gnu/libcrypto.so.3)
        n1: 1376 0x4A91ED2: __pthread_once_slow (pthread_once.c:116)
         n1: 1376 0x4E3480C: CRYPTO_THREAD_run_once (in /usr/lib/x86_64-linux-gnu/libcrypto.so.3)
          n1: 1376 0x4E26E43: OPENSSL_init_crypto (in /usr/lib/x86_64-linux-gnu/libcrypto.so.3)
           n1: 1376 0x48906EC: OPENSSL_init_ssl (in /usr/lib/x86_64-linux-gnu/libssl.so.3)
            n1: 1376 0x10A51A: download_model_from_github (in /home/khanh/A37/A35M/btc_predict)
             n0: 1376 0x10954D: main (in /home/khanh/A37/A35M/btc_predict)
   n0: 24 in 1 place, below massif's threshold (1.00%)
  n0: 684 in 1 place, below massif's threshold (1.00%)
 n1: 1680 0x4D47816: ??? (in /usr/lib/x86_64-linux-gnu/libcrypto.so.3)
  n1: 1680 0x4D4822B: ??? (in /usr/lib/x86_64-linux-gnu/libcrypto.so.3)
   n1: 1680 0x4D49E04: CONF_modules_load_file_ex (in /usr/lib/x86_64-linux-gnu/libcrypto.so.3)
    n1: 1680 0x4D4A1F0: ??? (in /usr/lib/x86_64-linux-gnu/libcrypto.so.3)
     n1: 1680 0x4E2667E: ??? (in /usr/lib/x86_64-linux-gnu/libcrypto.so.3)
      n1: 1680 0x4A91ED2: __pthread_once_slow (pthread_once.c:116)
       n1: 1680 0x4E3480C: CRYPTO_THREAD_run_once (in /usr/lib/x86_64-linux-gnu/libcrypto.so.3)
        n1: 1680 0x4E26E43: OPENSSL_init_crypto (in /usr/lib/x86_64-linux-gnu/libcrypto.so.3)
         n1: 1680 0x48906EC: OPENSSL_init_ssl (in /usr/lib/x86_64-linux-gnu/libssl.so.3)
          n1: 1680 0x10A51A: download_model_from_github (in /home/khanh/A37/A35M/btc_predict)
           n0: 1680 0x10954D: main (in /home/khanh/A37/A35M/btc_predict)
#-----------
snapshot=5
#-----------
time=3093758
mem_heap_B=65587
mem_heap_extra_B=35005
mem_stacks_B=0
heap_tree=empty
#-----------
snapshot=6
#-----------
time=3459956
mem_heap_B=74094
mem_heap_extra_B=38554
mem_stacks_B=0
heap_tree=empty
#-----------
snapshot=7
#-----------
time=3900403
mem_heap_B=77048
mem_heap_extra_B=40448
mem_stacks_B=0
heap_tree=empty
#-----------
snapshot=8
#-----------
time=4425898
mem_heap_B=80303
mem_heap_extra_B=42409
mem_stacks_B=0
heap_tree=empty
#-----------
snapshot=9
#-----------
time=4810822
mem_heap_B=81961
mem_heap_extra_B=43575
mem_stacks_B=0
heap_tree=empty
#-----------
snapshot=10
#-----------
time=5417017
mem_heap_B=84134
mem_heap_extra_B=45170
mem_stacks_B=0
heap_tree=empty
#-----------
snapshot=11
#-----------
time=5805409
mem_heap_B=96790
mem_heap_extra_B=48042
mem_stacks_B=0
heap_tree=detailed
n7: 96790 (heap allocation functions) malloc/new/new[], --alloc-fns, etc.
 n4: 53640 0x4E219A5: OPENSSL_LH_insert (in /usr/lib/x86_64-linux-gnu/libcrypto.so.3)
  n2: 41808 0x4DD9062: ??? (in /usr/lib/x86_64-linux-gnu/libcrypto.so.3)
   n10: 39840 0x4DD9320: ERR_load_strings_const (in /usr/lib/x86_64-linux-gnu/libcrypto.so.3)
    n0: 14016 in 25 places, all below massif's threshold (1.00%)
    n1: 7656 0x48905DB: ??? (in /usr/lib/x86_64-linux-gnu/libssl.so.3)
     n1: 7656 0x489061C: ??? (in /usr/lib/x86_64-linux-gnu/libssl.so.3)
      n1: 7656 0x4A91ED2: __pthread_once_slow (pthread_once.c:116)
       n1: 7656 0x4E3480C: CRYPTO_THREAD_run_once (in /usr/lib/x86_64-linux-gnu/libcrypto.so.3)
        n1: 7656 0x4890754: OPENSSL_init_ssl (in /usr/lib/x86_64-linux-gnu/libssl.so.3)
         n1: 7656 0x489A792: SSL_CTX_new_ex (in /usr/lib/x86_64-linux-gnu/libssl.so.3)
          n1: 7656 0x10A527: download_model_from_github (in /home/khanh/A37/A35M/btc_predict)
           n0: 7656 0x10954D: main (in /home/khanh/A37/A35M/btc_predict)
    n1: 2952 0x4FE569B: ??? (in /usr/lib/x86_64-linux-gnu/libcrypto.so.3)
     n1: 2952 0x4DDAB95: ??? (in /usr/lib/x86_64-linux-gnu/libcrypto.so.3)
      n1: 2952 0x4E266FC: ??? (in /usr/lib/x86_64-linux-gnu/libcrypto.so.3)
       n1: 2952 0x4A91ED2: __pthread_once_slow (pthread_once.c:116)
        n1: 2952 0x4E3480C: CRYPTO_THREAD_run_once (in /usr/lib/x86_64-linux-gnu/libcrypto.so.3)
         n1: 2952 0x4E26BEA: OPENSSL_init_crypto (in /usr/lib/x86_64-linux-gnu/libcrypto.so.3)
          n1: 2952 0x4DD997A: ??? (in /usr/lib/x86_64-linux-gnu/libcrypto.so.3)
           n1: 2952 0x4DDA75C: ERR_set_mark (in /usr/lib/x86_64-linux-gnu/libcrypto.so.3)
            n1: 2952 0x4D49DD5: CONF_modules_load_file_ex (in /usr/lib/x86_64-linux-gnu/libcrypto.so.3)
             n1: 2952 0x4D4A1F0: ??? (in /usr/lib/x86_64-linux-gnu/libcrypto.so.3)
              n1: 2952 0x4E2667E: ??? (in /usr/lib/x86_64-linux-gnu/libcrypto.so.3)
               n1: 2952 0x4A91ED2: __pthread_once_slow (pthread_once.c:116)
                n1: 2952 0x4E3480C: CRYPTO_THREAD_run_once (in /usr/lib/x86_64-linux-gnu/libcrypto.so.3)
                 n1: 2952 0x4E26E43: OPENSSL_init_crypto (in /usr/lib/x86_64-linux-gnu/libcrypto.so.3)
                  n1: 2952 0x48906EC: OPENSSL_init_ssl (in /usr/lib/x86_64-linux-gnu/libssl.so.3)
                   n1: 2952 0x10A51A: download_model_from_github (in /home/khanh/A37/A35M/btc_predict)
                    n0: 2952 0x10954D: main (in /home/khanh/A37/A35M/btc_predict)
    n1: 2760 0x4CD767B: ??? (in /usr/lib/x86_64-linux-gnu/libcrypto.so.3)
     n1: 2760 0x4DDAA6D: ??? (in /usr/lib/x86_64-linux-gnu/libcrypto.so.3)
      n1: 2760 0x4E266FC: ??? (in /usr/lib/x86_64-linux-gnu/libcrypto.so.3)
       n1: 2760 0x4A91ED2: __pthread_once_slow (pthread_once.c:116)
        n1: 2760 0x4E3480C: CRYPTO_THREAD_run_once (in /usr/lib/x86_64-linux-gnu/libcrypto.so.3)
         n1: 2760 0x4E26BEA: OPENSSL_init_crypto (in /usr/lib/x86_64-linux-gnu/libcrypto.so.3)
          n1: 2760 0x4DD997A: ??? (in /usr/lib/x86_64-linux-gnu/libcrypto.so.3)
           n1: 2760 0x4DDA75C: ERR_set_mark (in /usr/lib/x86_64-linux-gnu/libcrypto.so.3)
            n1: 2760 0x4D49DD5: CONF_modules_load_file_ex (in /usr/lib/x86_64-linux-gnu/libcrypto.so.3)
             n1: 2760 0x4D4A1F0: ??? (in /usr/lib/x86_64-linux-gnu/libcrypto.so.3)
              n1: 2760 0x4E2667E: ??? (in /usr/lib/x86_64-linux-gnu/libcrypto.so.3)
               n1: 2760 0x4A91ED2: __pthread_once_slow (pthread_once.c:116)
                n1: 2760 0x4E3480C: CRYPTO_THREAD_run_once (in /usr/lib/x86_64-linux-gnu/libcrypto.so.3)
                 n1: 2760 0x4E26E43: OPENSSL_init_crypto (in /usr/lib/x86_64-linux-gnu/libcrypto.so.3)
                  n1: 2760 0x48906EC: OPENSSL_init_ssl (in /usr/lib/x86_64-linux-gnu/libssl.so.3)
                   n1: 2760 0x10A51A: download_model_from_github (in /home/khanh/A37/A35M/btc_predict)
                    n0: 2760 0x10954D: main (in /home/khanh/A37/A35M/btc_predict)
    n1: 2616 0x4DFDEDB: ??? (in /usr/lib/x86_64-linux-gnu/libcrypto.so.3)
     n1: 2616 0x4DDAA37: ??? (in /usr/lib/x86_64-linux-gnu/libcrypto.so.3)
      n1: 2616 0x4E266FC: ??? (in /usr/lib/x86_64-linux-gnu/libcrypto.so.3)
       n1: 2616 0x4A91ED2: __pthread_once_slow (pthread_once.c:116)
        n1: 2616 0x4E3480C: CRYPTO_THREAD_run_once (in /usr/lib/x86_64-linux-gnu/libcrypto.so.3)
         n1: 2616 0x4E26BEA: OPENSSL_init_crypto (in /usr/lib/x86_64-linux-gnu/libcrypto.so.3)
          n1: 2616 0x4DD997A: ??? (in /usr/lib/x86_64-linux-gnu/libcrypto.so.3)
           n1: 2616 0x4DDA75C: ERR_set_mark (in /usr/lib/x86_64-linux-gnu/libcrypto.so.3)
            n1: 2616 0x4D49DD5: CONF_modules_load_file_ex (in /usr/lib/x86_64-linux-gnu/libcrypto.so.3)
             n1: 2616 0x4D4A1F0: ??? (in /usr/lib/x86_64-linux-gnu/libcrypto.so.3)
              n1: 2616 0x4E2667E: ??? (in /usr/lib/x86_64-linux-gnu/libcrypto.so.3)
               n1: 2616 0x4A91ED2: __pthread_once_slow (pthread_once.c:116)
                n1: 2616 0x4E3480C: CRYPTO_THREAD_run_once (in /usr/lib/x86_64-linux-gnu/libcrypto.so.3)
                 n1: 2616 0x4E26E43: OPENSSL_init_crypto (in /usr/lib/x86_64-linux-gnu/libcrypto.so.3)
                  n1: 2616 0x48906EC: OPENSSL_init_ssl (in /usr/lib/x86_64-linux-gnu/libssl.so.3)
                   n1: 2616 0x10A51A: download_model_from_github (in /home/khanh/A37/A35M/btc_predict)
                    n0: 2616 0x10954D: main (in /home/khanh/A37/A35M/btc_predict)
    n1: 2304 0x4D3BDEB: ??? (in /usr/lib/x86_64-linux-gnu/libcrypto.so.3)
     n1: 2304 0x4DDAB2D: ??? (in /usr/lib/x86_64-linux-gnu/libcrypto.so.3)
      n1: 2304 0x4E266FC: ??? (in /usr/lib/x86_64-linux-gnu/libcrypto.so.3)
       n1: 2304 0x4A91ED2: __pthread_once_slow (pthread_once.c:116)
        n1: 2304 0x4E3480C: CRYPTO_THREAD_run_once (in /usr/lib/x86_64-linux-gnu/libcrypto.so.3)
         n1: 2304 0x4E26BEA: OPENSSL_init_crypto (in /usr/lib/x86_64-linux-gnu/libcrypto.so.3)
          n1: 2304 0x4DD997A: ??? (in /usr/lib/x86_64-linux-gnu/libcrypto.so.3)
           n1: 2304 0x4DDA75C: ERR_set_mark (in /usr/lib/x86_64-linux-gnu/libcrypto.so.3)
            n1: 2304 0x4D49DD5: CONF_modules_load_file_ex (in /usr/lib/x86_64-linux-gnu/libcrypto.so.3)
             n1: 2304 0x4D4A1F0: ??? (in /usr/lib/x86_64-linux-gnu/libcrypto.so.3)
              n1: 2304 0x4E2667E: ??? (in /usr/lib/x86_64-linux-gnu/libcrypto.so.3)
               n1: 2304 0x4A91ED2: __pthread_once_slow (pthread_once.c:116)
                n1: 2304 0x4E3480C: CRYPTO_THREAD_run_once (in /usr/lib/x86_64-linux-gnu/libcrypto.so.3)
                 n1: 2304 0x4E26E43: OPENSSL_init_crypto (in /usr/lib/x86_64-linux-gnu/libcrypto.so.3)
                  n1: 2304 0x48906EC: OPENSSL_init_ssl (in /usr/lib/x86_64-linux-gnu/libssl.so.3)
                   n1: 2304 0x10A51A: download_model_from_github (in /home/khanh/A37/A35M/btc_predict)
                    n0: 2304 0x10954D: main (in /home/khanh/A37/A35M/btc_predict)
    n1: 2112 0x4D2DFDB: ??? (in /usr/lib/x86_64-linux-gnu/libcrypto.so.3)
     n1: 2112 0x4DDAB47: ??? (in /usr/lib/x86_64-linux-gnu/libcrypto.so.3)
      n1: 2112 0x4E266FC: ??? (in /usr/lib/x86_64-linux-gnu/libcrypto.so.3)
       n1: 2112 0x4A91ED2: __pthread_once_slow (pthread_once.c:116)
        n1: 2112 0x4E3480C: CRYPTO_THREAD_run_once (in /usr/lib/x86_64-linux-gnu/libcrypto.so.3)
         n1: 2112 0x4E26BEA: OPENSSL_init_crypto (in /usr/lib/x86_64-linux-gnu/libcrypto.so.3)
          n1: 2112 0x4DD997A: ??? (in /usr/lib/x86_64-linux-gnu/libcrypto.so.3)
           n1: 2112 0x4DDA75C: ERR_set_mark (in /usr/lib/x86_64-linux-gnu/libcrypto.so.3)
            n1: 2112 0x4D49DD5: CONF_modules_load_file_ex (in /usr/lib/x86_64-linux-gnu/libcrypto.so.3)
             n1: 2112 0x4D4A1F0: ??? (in /usr/lib/x86_64-linux-gnu/libcrypto.so.3)
              n1: 2112 0x4E2667E: ??? (in /usr/lib/x86_64-linux-gnu/libcrypto.so.3)
               n1: 2112 0x4A91ED2: __pthread_once_slow (pthread_once.c:116)
                n1: 2112 0x4E3480C: CRYPTO_THREAD_run_once (in /usr/lib/x86_64-linux-gnu/libcrypto.so.3)
                 n1: 2112 0x4E26E43: OPENSSL_init_crypto (in /usr/lib/x86_64-linux-gnu/libcrypto.so.3)
                  n1: 2112 0x48906EC: OPENSSL_init_ssl (in /usr/lib/x86_64-linux-gnu/libssl.so.3)
                   n1: 2112 0x10A51A: download_model_from_github (in /home/khanh/A37/A35M/btc_predict)
                    n0: 2112 0x10954D: main (in /home/khanh/A37/A35M/btc_predict)
    n1: 1968 0x4F182DB: ??? (in /usr/lib/x86_64-linux-gnu/libcrypto.so.3)
     n1: 1968 0x4DDAA25: ??? (in /usr/lib/x86_64-linux-gnu/libcrypto.so.3)
      n1: 1968 0x4E266FC: ??? (in /usr/lib/x86_64-linux-gnu/libcrypto.so.3)
       n1: 1968 0x4A91ED2: __pthread_once_slow (pthread_once.c:116)
        n1: 1968 0x4E3480C: CRYPTO_THREAD_run_once (in /usr/lib/x86_64-linux-gnu/libcrypto.so.3)
         n1: 1968 0x4E26BEA: OPENSSL_init_crypto (in /usr/lib/x86_64-linux-gnu/libcrypto.so.3)
          n1: 1968 0x4DD997A: ??? (in /usr/lib/x86_64-linux-gnu/libcrypto.so.3)
           n1: 1968 0x4DDA75C: ERR_set_mark (in /usr/lib/x86_64-linux-gnu/libcrypto.so.3)
            n1: 1968 0x4D49DD5: CONF_modules_load_file_ex (in /usr/lib/x86_64-linux-gnu/libcrypto.so.3)
             n1: 1968 0x4D4A1F0: ??? (in /usr/lib/x86_64-linux-gnu/libcrypto.so.3)
              n1: 1968 0x4E2667E: ??? (in /usr/lib/x86_64-linux-gnu/libcrypto.so.3)
               n1: 1968 0x4A91ED2: __pthread_once_slow (pthread_once.c:116)
                n1: 1968 0x4E3480C: CRYPTO_THREAD_run_once (in /usr/lib/x86_64-linux-gnu/libcrypto.so.3)
                 n1: 1968 0x4E26E43: OPENSSL_init_crypto (in /usr/lib/x86_64-linux-gnu/libcrypto.so.3)
                  n1: 1968 0x48906EC: OPENSSL_init_ssl (in /usr/lib/x86_64-linux-gnu/libssl.so.3)
                   n1: 1968 0x10A51A: download_model_from_github (in /home/khanh/A37/A35M/btc_predict)
                    n0: 1968 0x10954D: main (in /home/khanh/A37/A35M/btc_predict)
    n1: 1824 0x4D7C4AB: ??? (in /usr/lib/x86_64-linux-gnu/libcrypto.so.3)
     n1: 1824 0x4DDAA91: ??? (in /usr/lib/x86_64-linux-gnu/libcrypto.so.3)
      n1: 1824 0x4E266FC: ??? (in /usr/lib/x86_64-linux-gnu/libcrypto.so.3)
       n1: 1824 0x4A91ED2: __pthread_once_slow (pthread_once.c:116)
        n1: 1824 0x4E3480C: CRYPTO_THREAD_run_once (in /usr/lib/x86_64-linux-gnu/libcrypto.so.3)
         n1: 1824 0x4E26BEA: OPENSSL_init_crypto (in /usr/lib/x86_64-linux-gnu/libcrypto.so.3)
          n1: 1824 0x4DD997A: ??? (in /usr/lib/x86_64-linux-gnu/libcrypto.so.3)
           n1: 1824 0x4DDA75C: ERR_set_mark (in /usr/lib/x86_64-linux-gnu/libcrypto.so.3)
            n1: 1824 0x4D49DD5: CONF_modules_load_file_ex (in /usr/lib/x86_64-linux-gnu/libcrypto.so.3)
             n1: 1824 0x4D4A1F0: ??? (in /usr/lib/x86_64-linux-gnu/libcrypto.so.3)
              n1: 1824 0x4E2667E: ??? (in /usr/lib/x86_64-linux-gnu/libcrypto.so.3)
               n1: 1824 0x4A91ED2: __pthread_once_slow (pthread_once.c:116)
                n1: 1824 0x4E3480C: CRYPTO_THREAD_run_once (in /usr/lib/x86_64-linux-gnu/libcrypto.so.3)
                 n1: 1824 0x4E26E43: OPENSSL_init_crypto (in /usr/lib/x86_64-linux-gnu/libcrypto.so.3)
                  n1: 1824 0x48906EC: OPENSSL_init_ssl (in /usr/lib/x86_64-linux-gnu/libssl.so.3)
                   n1: 1824 0x10A51A: download_model_from_github (in /home/khanh/A37/A35M/btc_predict)
                    n0: 1824 0x10954D: main (in /home/khanh/A37/A35M/btc_predict)
    n1: 1632 0x4F7D57B: ??? (in /usr/lib/x86_64-linux-gnu/libcrypto.so.3)
     n1: 1632 0x4DDAAB8: ??? (in /usr/lib/x86_64-linux-gnu/libcrypto.so.3)
      n1: 1632 0x4E266FC: ??? (in /usr/lib/x86_64-linux-gnu/libcrypto.so.3)
       n1: 1632 0x4A91ED2: __pthread_once_slow (pthread_once.c:116)
        n1: 1632 0x4E3480C: CRYPTO_THREAD_run_once (in /usr/lib/x86_64-linux-gnu/libcrypto.so.3)
         n1: 1632 0x4E26BEA: OPENSSL_init_crypto (in /usr/lib/x86_64-linux-gnu/libcrypto.so.3)
          n1: 1632 0x4DD997A: ??? (in /usr/lib/x86_64-linux-gnu/libcrypto.so.3)
           n1: 1632 0x4DDA75C: ERR_set_mark (in /usr/lib/x86_64-linux-gnu/libcrypto.so.3)
            n1: 1632 0x4D49DD5: CONF_modules_load_file_ex (in /usr/lib/x86_64-linux-gnu/libcrypto.so.3)
             n1: 1632 0x4D4A1F0: ??? (in /usr/lib/x86_64-linux-gnu/libcrypto.so.3)
              n1: 1632 0x4E2667E: ??? (in /usr/lib/x86_64-linux-gnu/libcrypto.so.3)
               n1: 1632 0x4A91ED2: __pthread_once_slow (pthread_once.c:116)
                n1: 1632 0x4E3480C: CRYPTO_THREAD_run_once (in /usr/lib/x86_64-linux-gnu/libcrypto.so.3)
                 n1: 1632 0x4E26E43: OPENSSL_init_crypto (in /usr/lib/x86_64-linux-gnu/libcrypto.so.3)
                  n1: 1632 0x48906EC: OPENSSL_init_ssl (in /usr/lib/x86_64-linux-gnu/libssl.so.3)
                   n1: 1632 0x10A51A: download_model_from_github (in /home/khanh/A37/A35M/btc_predict)
                    n0: 1632 0x10954D: main (in /home/khanh/A37/A35M/btc_predict)
   n0: 1968 in 2 places, all below massif's threshold (1.00%)
  n2: 6168 0x4E239B0: ??? (in /usr/lib/x86_64-linux-gnu/libcrypto.so.3)
   n3: 6096 0x4E24200: ??? (in /usr/lib/x86_64-linux-gnu/libcrypto.so.3)
    n2: 2832 0x4E2439C: ??? (in /usr/lib/x86_64-linux-gnu/libcrypto.so.3)
     n1: 2448 0x4E21C8E: OPENSSL_LH_doall_arg (in /usr/lib/x86_64-linux-gnu/libcrypto.so.3)
      n2: 2448 0x4EEA73C: OBJ_NAME_do_all (in /usr/lib/x86_64-linux-gnu/libcrypto.so.3)
       n1: 1968 0x4E23F6F: ??? (in /usr/lib/x86_64-linux-gnu/libcrypto.so.3)
        n1: 1968 0x4DFE5D0: ??? (in /usr/lib/x86_64-linux-gnu/libcrypto.so.3)
         n1: 1968 0x4DFEAE3: ??? (in /usr/lib/x86_64-linux-gnu/libcrypto.so.3)
          n1: 1968 0x4DFC591: EVP_CIPHER_fetch (in /usr/lib/x86_64-linux-gnu/libcrypto.so.3)
           n1: 1968 0x489940A: ??? (in /usr/lib/x86_64-linux-gnu/libssl.so.3)
            n1: 1968 0x488C7E2: ??? (in /usr/lib/x86_64-linux-gnu/libssl.so.3)
             n1: 1968 0x489A8C7: SSL_CTX_new_ex (in /usr/lib/x86_64-linux-gnu/libssl.so.3)
              n1: 1968 0x10A527: download_model_from_github (in /home/khanh/A37/A35M/btc_predict)
               n0: 1968 0x10954D: main (in /home/khanh/A37/A35M/btc_predict)
       n0: 480 in 1 place, below massif's threshold (1.00%)
     n0: 384 in 4 places, all below massif's threshold (1.00%)
    n2: 2808 0x4E24344: ??? (in /usr/lib/x86_64-linux-gnu/libcrypto.so.3)
     n1: 2472 0x4E21C8E: OPENSSL_LH_doall_arg (in /usr/lib/x86_64-linux-gnu/libcrypto.so.3)
      n2: 2472 0x4EEA73C: OBJ_NAME_do_all (in /usr/lib/x86_64-linux-gnu/libcrypto.so.3)
       n1: 1968 0x4E23F6F: ??? (in /usr/lib/x86_64-linux-gnu/libcrypto.so.3)
        n1: 1968 0x4DFE5D0: ??? (in /usr/lib/x86_64-linux-gnu/libcrypto.so.3)
         n1: 1968 0x4DFEAE3: ??? (in /usr/lib/x86_64-linux-gnu/libcrypto.so.3)
          n1: 1968 0x4DFC591: EVP_CIPHER_fetch (in /usr/lib/x86_64-linux-gnu/libcrypto.so.3)
           n1: 1968 0x489940A: ??? (in /usr/lib/x86_64-linux-gnu/libssl.so.3)
            n1: 1968 0x488C7E2: ??? (in /usr/lib/x86_64-linux-gnu/libssl.so.3)
             n1: 1968 0x489A8C7: SSL_CTX_new_ex (in /usr/lib/x86_64-linux-gnu/libssl.so.3)
              n1: 1968 0x10A527: download_model_from_github (in /home/khanh/A37/A35M/btc_predict)
               n0: 1968 0x10954D: main (in /home/khanh/A37/A35M/btc_predict)
       n0: 504 in 1 place, below massif's threshold (1.00%)
     n0: 336 in 4 places, all below massif's threshold (1.00%)
    n0: 456 in 5 places, all below massif's threshold (1.00%)
   n0: 72 in 1 place, below massif's threshold (1.00%)
  n2: 5424 0x4EEA520: OBJ_NAME_add (in /usr/lib/x86_64-linux-gnu/libcrypto.so.3)
   n1: 3264 0x4E0C17B: EVP_add_cipher (in /usr/lib/x86_64-linux-gnu/libcrypto.so.3)
    n0: 3264 in 136 places, all below massif's threshold (1.00%)
   n0: 2160 in 56 places, all below massif's threshold (1.00%)
  n0: 240 in 4 places, all below massif's threshold (1.00%)
 n6: 18064 0x4E27844: CRYPTO_zalloc (in /usr/lib/x86_64-linux-gnu/libcrypto.so.3)
  n0: 6432 in 25 places, all below massif's threshold (1.00%)
  n2: 4112 0x4E23976: ??? (in /usr/lib/x86_64-linux-gnu/libcrypto.so.3)
   n3: 4064 0x4E24200: ??? (in /usr/lib/x86_64-linux-gnu/libcrypto.so.3)
    n2: 1888 0x4E2439C: ??? (in /usr/lib/x86_64-linux-gnu/libcrypto.so.3)
     n1: 1632 0x4E21C8E: OPENSSL_LH_doall_arg (in /usr/lib/x86_64-linux-gnu/libcrypto.so.3)
      n1: 1632 0x4EEA73C: OBJ_NAME_do_all (in /usr/lib/x86_64-linux-gnu/libcrypto.so.3)
       n0: 1632 in 2 places, all below massif's threshold (1.00%)
     n0: 256 in 4 places, all below massif's threshold (1.00%)
    n2: 1872 0x4E24344: ??? (in /usr/lib/x86_64-linux-gnu/libcrypto.so.3)
     n1: 1648 0x4E21C8E: OPENSSL_LH_doall_arg (in /usr/lib/x86_64-linux-gnu/libcrypto.so.3)
      n1: 1648 0x4EEA73C: OBJ_NAME_do_all (in /usr/lib/x86_64-linux-gnu/libcrypto.so.3)
       n0: 1648 in 2 places, all below massif's threshold (1.00%)
     n0: 224 in 4 places, all below massif's threshold (1.00%)
    n0: 304 in 5 places, all below massif's threshold (1.00%)
   n0: 48 in 1 place, below massif's threshold (1.00%)
  n1: 2576 0x4E34703: CRYPTO_THREAD_lock_new (in /usr/lib/x86_64-linux-gnu/libcrypto.so.3)
   n0: 2576 in 24 places, all below massif's threshold (1.00%)
  n1: 1792 0x4E34642: ??? (in /usr/lib/x86_64-linux-gnu/libcrypto.so.3)
   n1: 1792 0x4F0A5ED: ??? (in /usr/lib/x86_64-linux-gnu/libcrypto.so.3)
    n1: 1792 0x4DFE09E: ??? (in /usr/lib/x86_64-linux-gnu/libcrypto.so.3)
     n1: 1792 0x4E2354D: ??? (in /usr/lib/x86_64-linux-gnu/libcrypto.so.3)
      n1: 1792 0x4E2323F: ??? (in /usr/lib/x86_64-linux-gnu/libcrypto.so.3)
       n1: 1792 0x4E330F6: ??? (in /usr/lib/x86_64-linux-gnu/libcrypto.so.3)
        n1: 1792 0x4E233B7: ??? (in /usr/lib/x86_64-linux-gnu/libcrypto.so.3)
         n1: 1792 0x4E23758: ??? (in /usr/lib/x86_64-linux-gnu/libcrypto.so.3)
          n1: 1792 0x4DFE804: ??? (in /usr/lib/x86_64-linux-gnu/libcrypto.so.3)
           n1: 1792 0x4DFEAE3: ??? (in /usr/lib/x86_64-linux-gnu/libcrypto.so.3)
            n1: 1792 0x4DFC591: EVP_CIPHER_fetch (in /usr/lib/x86_64-linux-gnu/libcrypto.so.3)
             n1: 1792 0x489940A: ??? (in /usr/lib/x86_64-linux-gnu/libssl.so.3)
              n1: 1792 0x488C7E2: ??? (in /usr/lib/x86_64-linux-gnu/libssl.so.3)
               n1: 1792 0x489A8C7: SSL_CTX_new_ex (in /usr/lib/x86_64-linux-gnu/libssl.so.3)
                n1: 1792 0x10A527: download_model_from_github (in /home/khanh/A37/A35M/btc_predict)
                 n0: 1792 0x10954D: main (in /home/khanh/A37/A35M/btc_predict)
  n1: 1616 0x489A7C0: SSL_CTX_new_ex (in /usr/lib/x86_64-linux-gnu/libssl.so.3)
   n1: 1616 0x10A527: download_model_from_github (in /home/khanh/A37/A35M/btc_predict)
    n0: 1616 0x10954D: main (in /home/khanh/A37/A35M/btc_predict)
  n1: 1536 0x4DFC503: ??? (in /usr/lib/x86_64-linux-gnu/libcrypto.so.3)
   n1: 1536 0x4DFD976: ??? (in /usr/lib/x86_64-linux-gnu/libcrypto.so.3)
    n1: 1536 0x4DFDF4B: ??? (in /usr/lib/x86_64-linux-gnu/libcrypto.so.3)
     n1: 1536 0x4E23528: ??? (in /usr/lib/x86_64-linux-gnu/libcrypto.so.3)
      n1: 1536 0x4E2323F: ??? (in /usr/lib/x86_64-linux-gnu/libcrypto.so.3)
       n1: 1536 0x4E330F6: ??? (in /usr/lib/x86_64-linux-gnu/libcrypto.so.3)
        n1: 1536 0x4E233B7: ??? (in /usr/lib/x86_64-linux-gnu/libcrypto.so.3)
         n1: 1536 0x4E23758: ??? (in /usr/lib/x86_64-linux-gnu/libcrypto.so.3)
          n1: 1536 0x4DFE804: ??? (in /usr/lib/x86_64-linux-gnu/libcrypto.so.3)
           n1: 1536 0x4DFEAE3: ??? (in /usr/lib/x86_64-linux-gnu/libcrypto.so.3)
            n1: 1536 0x4DFC591: EVP_CIPHER_fetch (in /usr/lib/x86_64-linux-gnu/libcrypto.so.3)
             n1: 1536 0x489940A: ??? (in /usr/lib/x86_64-linux-gnu/libssl.so.3)
              n1: 1536 0x488C7E2: ??? (in /usr/lib/x86_64-linux-gnu/libssl.so.3)
               n1: 1536 0x489A8C7: SSL_CTX_new_ex (in /usr/lib/x86_64-linux-gnu/libssl.so.3)
                n1: 1536 0x10A527: download_model_from_github (in /home/khanh/A37/A35M/btc_predict)
                 n0: 1536 0x10954D: main (in /home/khanh/A37/A35M/btc_predict)
 n3: 11264 0x4E2194F: OPENSSL_LH_insert (in /usr/lib/x86_64-linux-gnu/libcrypto.so.3)
  n2: 8192 0x4DD9062: ??? (in /usr/lib/x86_64-linux-gnu/libcrypto.so.3)
   n2: 8192 0x4DD9320: ERR_load_strings_const (in /usr/lib/x86_64-linux-gnu/libcrypto.so.3)
    n1: 8192 0x4F5D3FB: ??? (in /usr/lib/x86_64-linux-gnu/libcrypto.so.3)
     n1: 8192 0x4DDAB20: ??? (in /usr/lib/x86_64-linux-gnu/libcrypto.so.3)
      n1: 8192 0x4E266FC: ??? (in /usr/lib/x86_64-linux-gnu/libcrypto.so.3)
       n1: 8192 0x4A91ED2: __pthread_once_slow (pthread_once.c:116)
        n1: 8192 0x4E3480C: CRYPTO_THREAD_run_once (in /usr/lib/x86_64-linux-gnu/libcrypto.so.3)
         n1: 8192 0x4E26BEA: OPENSSL_init_crypto (in /usr/lib/x86_64-linux-gnu/libcrypto.so.3)
          n1: 8192 0x4DD997A: ??? (in /usr/lib/x86_64-linux-gnu/libcrypto.so.3)
           n1: 8192 0x4DDA75C: ERR_set_mark (in /usr/lib/x86_64-linux-gnu/libcrypto.so.3)
            n1: 8192 0x4D49DD5: CONF_modules_load_file_ex (in /usr/lib/x86_64-linux-gnu/libcrypto.so.3)
             n1: 8192 0x4D4A1F0: ??? (in /usr/lib/x86_64-linux-gnu/libcrypto.so.3)
              n1: 8192 0x4E2667E: ??? (in /usr/lib/x86_64-linux-gnu/libcrypto.so.3)
               n1: 8192 0x4A91ED2: __pthread_once_slow (pthread_once.c:116)
                n1: 8192 0x4E3480C: CRYPTO_THREAD_run_once (in /usr/lib/x86_64-linux-gnu/libcrypto.so.3)
                 n1: 8192 0x4E26E43: OPENSSL_init_crypto (in /usr/lib/x86_64-linux-gnu/libcrypto.so.3)
                  n1: 8192 0x48906EC: OPENSSL_init_ssl (in /usr/lib/x86_64-linux-gnu/libssl.so.3)
                   n1: 8192 0x10A51A: download_model_from_github (in /home/khanh/A37/A35M/btc_predict)
                    n0: 8192 0x10954D: main (in /home/khanh/A37/A35M/btc_predict)
    n0: 0 in 3 places, all below massif's threshold (1.00%)
   n0: 0 in 2 places, all below massif's threshold (1.00%)
  n2: 2048 0x4E239B0: ??? (in /usr/lib/x86_64-linux-gnu/libcrypto.so.3)
   n1: 2048 0x4E23DA8: ??? (in /usr/lib/x86_64-linux-gnu/libcrypto.so.3)
    n1: 2048 0x4DFDF3B: ??? (in /usr/lib/x86_64-linux-gnu/libcrypto.so.3)
     n1: 2048 0x4E23528: ??? (in /usr/lib/x86_64-linux-gnu/libcrypto.so.3)
      n1: 2048 0x4E2323F: ??? (in /usr/lib/x86_64-linux-gnu/libcrypto.so.3)
       n1: 2048 0x4E330F6: ??? (in /usr/lib/x86_64-linux-gnu/libcrypto.so.3)
        n1: 2048 0x4E233B7: ??? (in /usr/lib/x86_64-linux-gnu/libcrypto.so.3)
         n1: 2048 0x4E23758: ??? (in /usr/lib/x86_64-linux-gnu/libcrypto.so.3)
          n1: 2048 0x4DFE804: ??? (in /usr/lib/x86_64-linux-gnu/libcrypto.so.3)
           n1: 2048 0x4DFEAE3: ??? (in /usr/lib/x86_64-linux-gnu/libcrypto.so.3)
            n1: 2048 0x4DFC591: EVP_CIPHER_fetch (in /usr/lib/x86_64-linux-gnu/libcrypto.so.3)
             n1: 2048 0x489940A: ??? (in /usr/lib/x86_64-linux-gnu/libssl.so.3)
              n1: 2048 0x488C7E2: ??? (in /usr/lib/x86_64-linux-gnu/libssl.so.3)
               n1: 2048 0x489A8C7: SSL_CTX_new_ex (in /usr/lib/x86_64-linux-gnu/libssl.so.3)
                n1: 2048 0x10A527: download_model_from_github (in /home/khanh/A37/A35M/btc_predict)
                 n0: 2048 0x10954D: main (in /home/khanh/A37/A35M/btc_predict)
   n0: 0 in 1 place, below massif's threshold (1.00%)
  n0: 1024 in 2 places, all below massif's threshold (1.00%)
 n1: 5424 0x4EEA4D8: OBJ_NAME_add (in /usr/lib/x86_64-linux-gnu/libcrypto.so.3)
  n0: 5424 in 208 places, all below massif's threshold (1.00%)
 n2: 4081 0x4E29123: CRYPTO_strndup (in /usr/lib/x86_64-linux-gnu/libcrypto.so.3)
  n2: 4028 0x4E23992: ??? (in /usr/lib/x86_64-linux-gnu/libcrypto.so.3)
   n2: 4009 0x4E24200: ??? (in /usr/lib/x86_64-linux-gnu/libcrypto.so.3)
    n2: 2446 0x4E2439C: ??? (in /usr/lib/x86_64-linux-gnu/libcrypto.so.3)
     n1: 2190 0x4E21C8E: OPENSSL_LH_doall_arg (in /usr/lib/x86_64-linux-gnu/libcrypto.so.3)
      n2: 2190 0x4EEA73C: OBJ_NAME_do_all (in /usr/lib/x86_64-linux-gnu/libcrypto.so.3)
       n1: 1756 0x4E23F6F: ??? (in /usr/lib/x86_64-linux-gnu/libcrypto.so.3)
        n1: 1756 0x4DFE5D0: ??? (in /usr/lib/x86_64-linux-gnu/libcrypto.so.3)
         n1: 1756 0x4DFEAE3: ??? (in /usr/lib/x86_64-linux-gnu/libcrypto.so.3)
          n1: 1756 0x4DFC591: EVP_CIPHER_fetch (in /usr/lib/x86_64-linux-gnu/libcrypto.so.3)
           n1: 1756 0x489940A: ??? (in /usr/lib/x86_64-linux-gnu/libssl.so.3)
            n1: 1756 0x488C7E2: ??? (in /usr/lib/x86_64-linux-gnu/libssl.so.3)
             n1: 1756 0x489A8C7: SSL_CTX_new_ex (in /usr/lib/x86_64-linux-gnu/libssl.so.3)
              n1: 1756 0x10A527: download_model_from_github (in /home/khanh/A37/A35M/btc_predict)
               n0: 1756 0x10954D: main (in /home/khanh/A37/A35M/btc_predict)
       n0: 434 in 1 place, below massif's threshold (1.00%)
     n0: 256 in 4 places, all below massif's threshold (1.00%)
    n0: 1563 in 6 places, all below massif's threshold (1.00%)
   n0: 19 in 1 place, below massif's threshold (1.00%)
  n0: 53 in 2 places, all below massif's threshold (1.00%)
 n0: 2261 in 24 places, all below massif's threshold (1.00%)
 n1: 2056 0x4E23B05: ??? (in /usr/lib/x86_64-linux-gnu/libcrypto.so.3)
  n1: 2056 0x4DFD99D: ??? (in /usr/lib/x86_64-linux-gnu/libcrypto.so.3)
   n1: 2056 0x4DFDF4B: ??? (in /usr/lib/x86_64-linux-gnu/libcrypto.so.3)
    n1: 2056 0x4E23528: ??? (in /usr/lib/x86_64-linux-gnu/libcrypto.so.3)
     n1: 2056 0x4E2323F: ??? (in /usr/lib/x86_64-linux-gnu/libcrypto.so.3)
      n1: 2056 0x4E330F6: ??? (in /usr/lib/x86_64-linux-gnu/libcrypto.so.3)
       n1: 2056 0x4E233B7: ??? (in /usr/lib/x86_64-linux-gnu/libcrypto.so.3)
        n1: 2056 0x4E23758: ??? (in /usr/lib/x86_64-linux-gnu/libcrypto.so.3)
         n1: 2056 0x4DFE804: ??? (in /usr/lib/x86_64-linux-gnu/libcrypto.so.3)
          n1: 2056 0x4DFEAE3: ??? (in /usr/lib/x86_64-linux-gnu/libcrypto.so.3)
           n1: 2056 0x4DFC591: EVP_CIPHER_fetch (in /usr/lib/x86_64-linux-gnu/libcrypto.so.3)
            n1: 2056 0x489940A: ??? (in /usr/lib/x86_64-linux-gnu/libssl.so.3)
             n1: 2056 0x488C7E2: ??? (in /usr/lib/x86_64-linux-gnu/libssl.so.3)
              n1: 2056 0x489A8C7: SSL_CTX_new_ex (in /usr/lib/x86_64-linux-gnu/libssl.so.3)
               n1: 2056 0x10A527: download_model_from_github (in /home/khanh/A37/A35M/btc_predict)
                n0: 2056 0x10954D: main (in /home/khanh/A37/A35M/btc_predict)
#-----------
snapshot=12
#-----------
time=6343512
mem_heap_B=121893
mem_heap_extra_B=51907
mem_stacks_B=0
heap_tree=detailed
n7: 121893 (heap allocation functions) malloc/new/new[], --alloc-fns, etc.
 n4: 54072 0x4E219A5: OPENSSL_LH_insert (in /usr/lib/x86_64-linux-gnu/libcrypto.so.3)
  n2: 41808 0x4DD9062: ??? (in /usr/lib/x86_64-linux-gnu/libcrypto.so.3)
   n9: 39840 0x4DD9320: ERR_load_strings_const (in /usr/lib/x86_64-linux-gnu/libcrypto.so.3)
    n0: 15648 in 26 places, all below massif's threshold (1.00%)
    n1: 7656 0x48905DB: ??? (in /usr/lib/x86_64-linux-gnu/libssl.so.3)
     n1: 7656 0x489061C: ??? (in /usr/lib/x86_64-linux-gnu/libssl.so.3)
      n1: 7656 0x4A91ED2: __pthread_once_slow (pthread_once.c:116)
       n1: 7656 0x4E3480C: CRYPTO_THREAD_run_once (in /usr/lib/x86_64-linux-gnu/libcrypto.so.3)
        n1: 7656 0x4890754: OPENSSL_init_ssl (in /usr/lib/x86_64-linux-gnu/libssl.so.3)
         n1: 7656 0x489A792: SSL_CTX_new_ex (in /usr/lib/x86_64-linux-gnu/libssl.so.3)
          n1: 7656 0x10A527: download_model_from_github (in /home/khanh/A37/A35M/btc_predict)
           n0: 7656 0x10954D: main (in /home/khanh/A37/A35M/btc_predict)
    n1: 2952 0x4FE569B: ??? (in /usr/lib/x86_64-linux-gnu/libcrypto.so.3)
     n1: 2952 0x4DDAB95: ??? (in /usr/lib/x86_64-linux-gnu/libcrypto.so.3)
      n1: 2952 0x4E266FC: ??? (in /usr/lib/x86_64-linux-gnu/libcrypto.so.3)
       n1: 2952 0x4A91ED2: __pthread_once_slow (pthread_once.c:116)
        n1: 2952 0x4E3480C: CRYPTO_THREAD_run_once (in /usr/lib/x86_64-linux-gnu/libcrypto.so.3)
         n1: 2952 0x4E26BEA: OPENSSL_init_crypto (in /usr/lib/x86_64-linux-gnu/libcrypto.so.3)
          n1: 2952 0x4DD997A: ??? (in /usr/lib/x86_64-linux-gnu/libcrypto.so.3)
           n1: 2952 0x4DDA75C: ERR_set_mark (in /usr/lib/x86_64-linux-gnu/libcrypto.so.3)
            n1: 2952 0x4D49DD5: CONF_modules_load_file_ex (in /usr/lib/x86_64-linux-gnu/libcrypto.so.3)
             n1: 2952 0x4D4A1F0: ??? (in /usr/lib/x86_64-linux-gnu/libcrypto.so.3)
              n1: 2952 0x4E2667E: ??? (in /usr/lib/x86_64-linux-gnu/libcrypto.so.3)
               n1: 2952 0x4A91ED2: __pthread_once_slow (pthread_once.c:116)
                n1: 2952 0x4E3480C: CRYPTO_THREAD_run_once (in /usr/lib/x86_64-linux-gnu/libcrypto.so.3)
                 n1: 2952 0x4E26E43: OPENSSL_init_crypto (in /usr/lib/x86_64-linux-gnu/libcrypto.so.3)
                  n1: 2952 0x48906EC: OPENSSL_init_ssl (in /usr/lib/x86_64-linux-gnu/libssl.so.3)
                   n1: 2952 0x10A51A: download_model_from_github (in /home/khanh/A37/A35M/btc_predict)
                    n0: 2952 0x10954D: main (in /home/khanh/A37/A35M/btc_predict)
    n1: 2760 0x4CD767B: ??? (in /usr/lib/x86_64-linux-gnu/libcrypto.so.3)
     n1: 2760 0x4DDAA6D: ??? (in /usr/lib/x86_64-linux-gnu/libcrypto.so.3)
      n1: 2760 0x4E266FC: ??? (in /usr/lib/x86_64-linux-gnu/libcrypto.so.3)
       n1: 2760 0x4A91ED2: __pthread_once_slow (pthread_once.c:116)
        n1: 2760 0x4E3480C: CRYPTO_THREAD_run_once (in /usr/lib/x86_64-linux-gnu/libcrypto.so.3)
         n1: 2760 0x4E26BEA: OPENSSL_init_crypto (in /usr/lib/x86_64-linux-gnu/libcrypto.so.3)
          n1: 2760 0x4DD997A: ??? (in /usr/lib/x86_64-linux-gnu/libcrypto.so.3)
           n1: 2760 0x4DDA75C: ERR_set_mark (in /usr/lib/x86_64-linux-gnu/libcrypto.so.3)
            n1: 2760 0x4D49DD5: CONF_modules_load_file_ex (in /usr/lib/x86_64-linux-gnu/libcrypto.so.3)
             n1: 2760 0x4D4A1F0: ??? (in /usr/lib/x86_64-linux-gnu/libcrypto.so.3)
              n1: 2760 0x4E2667E: ??? (in /usr/lib/x86_64-linux-gnu/libcrypto.so.3)
               n1: 2760 0x4A91ED2: __pthread_once_slow (pthread_once.c:116)
                n1: 2760 0x4E3480C: CRYPTO_THREAD_run_once (in /usr/lib/x86_64-linux-gnu/libcrypto.so.3)
                 n1: 2760 0x4E26E43: OPENSSL_init_crypto (in /usr/lib/x86_64-linux-gnu/libcrypto.so.3)
                  n1: 2760 0x48906EC: OPENSSL_init_ssl (in /usr/lib/x86_64-linux-gnu/libssl.so.3)
                   n1: 2760 0x10A51A: download_model_from_github (in /home/khanh/A37/A35M/btc_predict)
                    n0: 2760 0x10954D: main (in /home/khanh/A37/A35M/btc_predict)
    n1: 2616 0x4DFDEDB: ??? (in /usr/lib/x86_64-linux-gnu/libcrypto.so.3)
     n1: 2616 0x4DDAA37: ??? (in /usr/lib/x86_64-linux-gnu/libcrypto.so.3)
      n1: 2616 0x4E266FC: ??? (in /usr/lib/x86_64-linux-gnu/libcrypto.so.3)
       n1: 2616 0x4A91ED2: __pthread_once_slow (pthread_once.c:116)
        n1: 2616 0x4E3480C: CRYPTO_THREAD_run_once (in /usr/lib/x86_64-linux-gnu/libcrypto.so.3)
         n1: 2616 0x4E26BEA: OPENSSL_init_crypto (in /usr/lib/x86_64-linux-gnu/libcrypto.so.3)
          n1: 2616 0x4DD997A: ??? (in /usr/lib/x86_64-linux-gnu/libcrypto.so.3)
           n1: 2616 0x4DDA75C: ERR_set_mark (in /usr/lib/x86_64-linux-gnu/libcrypto.so.3)
            n1: 2616 0x4D49DD5: CONF_modules_load_file_ex (in /usr/lib/x86_64-linux-gnu/libcrypto.so.3)
             n1: 2616 0x4D4A1F0: ??? (in /usr/lib/x86_64-linux-gnu/libcrypto.so.3)
              n1: 2616 0x4E2667E: ??? (in /usr/lib/x86_64-linux-gnu/libcrypto.so.3)
               n1: 2616 0x4A91ED2: __pthread_once_slow (pthread_once.c:116)
                n1: 2616 0x4E3480C: CRYPTO_THREAD_run_once (in /usr/lib/x86_64-linux-gnu/libcrypto.so.3)
                 n1: 2616 0x4E26E43: OPENSSL_init_crypto (in /usr/lib/x86_64-linux-gnu/libcrypto.so.3)
                  n1: 2616 0x48906EC: OPENSSL_init_ssl (in /usr/lib/x86_64-linux-gnu/libssl.so.3)
                   n1: 2616 0x10A51A: download_model_from_github (in /home/khanh/A37/A35M/btc_predict)
                    n0: 2616 0x10954D: main (in /home/khanh/A37/A35M/btc_predict)
    n1: 2304 0x4D3BDEB: ??? (in /usr/lib/x86_64-linux-gnu/libcrypto.so.3)
     n1: 2304 0x4DDAB2D: ??? (in /usr/lib/x86_64-linux-gnu/libcrypto.so.3)
      n1: 2304 0x4E266FC: ??? (in /usr/lib/x86_64-linux-gnu/libcrypto.so.3)
       n1: 2304 0x4A91ED2: __pthread_once_slow (pthread_once.c:116)
        n1: 2304 0x4E3480C: CRYPTO_THREAD_run_once (in /usr/lib/x86_64-linux-gnu/libcrypto.so.3)
         n1: 2304 0x4E26BEA: OPENSSL_init_crypto (in /usr/lib/x86_64-linux-gnu/libcrypto.so.3)
          n1: 2304 0x4DD997A: ??? (in /usr/lib/x86_64-linux-gnu/libcrypto.so.3)
           n1: 2304 0x4DDA75C: ERR_set_mark (in /usr/lib/x86_64-linux-gnu/libcrypto.so.3)
            n1: 2304 0x4D49DD5: CONF_modules_load_file_ex (in /usr/lib/x86_64-linux-gnu/libcrypto.so.3)
             n1: 2304 0x4D4A1F0: ??? (in /usr/lib/x86_64-linux-gnu/libcrypto.so.3)
              n1: 2304 0x4E2667E: ??? (in /usr/lib/x86_64-linux-gnu/libcrypto.so.3)
               n1: 2304 0x4A91ED2: __pthread_once_slow (pthread_once.c:116)
                n1: 2304 0x4E3480C: CRYPTO_THREAD_run_once (in /usr/lib/x86_64-linux-gnu/libcrypto.so.3)
                 n1: 2304 0x4E26E43: OPENSSL_init_crypto (in /usr/lib/x86_64-linux-gnu/libcrypto.so.3)
                  n1: 2304 0x48906EC: OPENSSL_init_ssl (in /usr/lib/x86_64-linux-gnu/libssl.so.3)
                   n1: 2304 0x10A51A: download_model_from_github (in /home/khanh/A37/A35M/btc_predict)
                    n0: 2304 0x10954D: main (in /home/khanh/A37/A35M/btc_predict)
    n1: 2112 0x4D2DFDB: ??? (in /usr/lib/x86_64-linux-gnu/libcrypto.so.3)
     n1: 2112 0x4DDAB47: ??? (in /usr/lib/x86_64-linux-gnu/libcrypto.so.3)
      n1: 2112 0x4E266FC: ??? (in /usr/lib/x86_64-linux-gnu/libcrypto.so.3)
       n1: 2112 0x4A91ED2: __pthread_once_slow (pthread_once.c:116)
        n1: 2112 0x4E3480C: CRYPTO_THREAD_run_once (in /usr/lib/x86_64-linux-gnu/libcrypto.so.3)
         n1: 2112 0x4E26BEA: OPENSSL_init_crypto (in /usr/lib/x86_64-linux-gnu/libcrypto.so.3)
          n1: 2112 0x4DD997A: ??? (in /usr/lib/x86_64-linux-gnu/libcrypto.so.3)
           n1: 2112 0x4DDA75C: ERR_set_mark (in /usr/lib/x86_64-linux-gnu/libcrypto.so.3)
            n1: 2112 0x4D49DD5: CONF_modules_load_file_ex (in /usr/lib/x86_64-linux-gnu/libcrypto.so.3)
             n1: 2112 0x4D4A1F0: ??? (in /usr/lib/x86_64-linux-gnu/libcrypto.so.3)
              n1: 2112 0x4E2667E: ??? (in /usr/lib/x86_64-linux-gnu/libcrypto.so.3)
               n1: 2112 0x4A91ED2: __pthread_once_slow (pthread_once.c:116)
                n1: 2112 0x4E3480C: CRYPTO_THREAD_run_once (in /usr/lib/x86_64-linux-gnu/libcrypto.so.3)
                 n1: 2112 0x4E26E43: OPENSSL_init_crypto (in /usr/lib/x86_64-linux-gnu/libcrypto.so.3)
                  n1: 2112 0x48906EC: OPENSSL_init_ssl (in /usr/lib/x86_64-linux-gnu/libssl.so.3)
                   n1: 2112 0x10A51A: download_model_from_github (in /home/khanh/A37/A35M/btc_predict)
                    n0: 2112 0x10954D: main (in /home/khanh/A37/A35M/btc_predict)
    n1: 1968 0x4F182DB: ??? (in /usr/lib/x86_64-linux-gnu/libcrypto.so.3)
     n1: 1968 0x4DDAA25: ??? (in /usr/lib/x86_64-linux-gnu/libcrypto.so.3)
      n1: 1968 0x4E266FC: ??? (in /usr/lib/x86_64-linux-gnu/libcrypto.so.3)
       n1: 1968 0x4A91ED2: __pthread_once_slow (pthread_once.c:116)
        n1: 1968 0x4E3480C: CRYPTO_THREAD_run_once (in /usr/lib/x86_64-linux-gnu/libcrypto.so.3)
         n1: 1968 0x4E26BEA: OPENSSL_init_crypto (in /usr/lib/x86_64-linux-gnu/libcrypto.so.3)
          n1: 1968 0x4DD997A: ??? (in /usr/lib/x86_64-linux-gnu/libcrypto.so.3)
           n1: 1968 0x4DDA75C: ERR_set_mark (in /usr/lib/x86_64-linux-gnu/libcrypto.so.3)
            n1: 1968 0x4D49DD5: CONF_modules_load_file_ex (in /usr/lib/x86_64-linux-gnu/libcrypto.so.3)
             n1: 1968 0x4D4A1F0: ??? (in /usr/lib/x86_64-linux-gnu/libcrypto.so.3)
              n1: 1968 0x4E2667E: ??? (in /usr/lib/x86_64-linux-gnu/libcrypto.so.3)
               n1: 1968 0x4A91ED2: __pthread_once_slow (pthread_once.c:116)
                n1: 1968 0x4E3480C: CRYPTO_THREAD_run_once (in /usr/lib/x86_64-linux-gnu/libcrypto.so.3)
                 n1: 1968 0x4E26E43: OPENSSL_init_crypto (in /usr/lib/x86_64-linux-gnu/libcrypto.so.3)
                  n1: 1968 0x48906EC: OPENSSL_init_ssl (in /usr/lib/x86_64-linux-gnu/libssl.so.3)
                   n1: 1968 0x10A51A: download_model_from_github (in /home/khanh/A37/A35M/btc_predict)
                    n0: 1968 0x10954D: main (in /home/khanh/A37/A35M/btc_predict)
    n1: 1824 0x4D7C4AB: ??? (in /usr/lib/x86_64-linux-gnu/libcrypto.so.3)
     n1: 1824 0x4DDAA91: ??? (in /usr/lib/x86_64-linux-gnu/libcrypto.so.3)
      n1: 1824 0x4E266FC: ??? (in /usr/lib/x86_64-linux-gnu/libcrypto.so.3)
       n1: 1824 0x4A91ED2: __pthread_once_slow (pthread_once.c:116)
        n1: 1824 0x4E3480C: CRYPTO_THREAD_run_once (in /usr/lib/x86_64-linux-gnu/libcrypto.so.3)
         n1: 1824 0x4E26BEA: OPENSSL_init_crypto (in /usr/lib/x86_64-linux-gnu/libcrypto.so.3)
          n1: 1824 0x4DD997A: ??? (in /usr/lib/x86_64-linux-gnu/libcrypto.so.3)
           n1: 1824 0x4DDA75C: ERR_set_mark (in /usr/lib/x86_64-linux-gnu/libcrypto.so.3)
            n1: 1824 0x4D49DD5: CONF_modules_load_file_ex (in /usr/lib/x86_64-linux-gnu/libcrypto.so.3)
             n1: 1824 0x4D4A1F0: ??? (in /usr/lib/x86_64-linux-gnu/libcrypto.so.3)
              n1: 1824 0x4E2667E: ??? (in /usr/lib/x86_64-linux-gnu/libcrypto.so.3)
               n1: 1824 0x4A91ED2: __pthread_once_slow (pthread_once.c:116)
                n1: 1824 0x4E3480C: CRYPTO_THREAD_run_once (in /usr/lib/x86_64-linux-gnu/libcrypto.so.3)
                 n1: 1824 0x4E26E43: OPENSSL_init_crypto (in /usr/lib/x86_64-linux-gnu/libcrypto.so.3)
                  n1: 1824 0x48906EC: OPENSSL_init_ssl (in /usr/lib/x86_64-linux-gnu/libssl.so.3)
                   n1: 1824 0x10A51A: download_model_from_github (in /home/khanh/A37/A35M/btc_predict)
                    n0: 1824 0x10954D: main (in /home/khanh/A37/A35M/btc_predict)
   n0: 1968 in 2 places, all below massif's threshold (1.00%)
  n2: 6600 0x4E239B0: ??? (in /usr/lib/x86_64-linux-gnu/libcrypto.so.3)
   n3: 6096 0x4E24200: ??? (in /usr/lib/x86_64-linux-gnu/libcrypto.so.3)
    n2: 2832 0x4E2439C: ??? (in /usr/lib/x86_64-linux-gnu/libcrypto.so.3)
     n1: 2448 0x4E21C8E: OPENSSL_LH_doall_arg (in /usr/lib/x86_64-linux-gnu/libcrypto.so.3)
      n2: 2448 0x4EEA73C: OBJ_NAME_do_all (in /usr/lib/x86_64-linux-gnu/libcrypto.so.3)
       n1: 1968 0x4E23F6F: ??? (in /usr/lib/x86_64-linux-gnu/libcrypto.so.3)
        n1: 1968 0x4DFE5D0: ??? (in /usr/lib/x86_64-linux-gnu/libcrypto.so.3)
         n1: 1968 0x4DFEAE3: ??? (in /usr/lib/x86_64-linux-gnu/libcrypto.so.3)
          n1: 1968 0x4DFC591: EVP_CIPHER_fetch (in /usr/lib/x86_64-linux-gnu/libcrypto.so.3)
           n1: 1968 0x489940A: ??? (in /usr/lib/x86_64-linux-gnu/libssl.so.3)
            n1: 1968 0x488C7E2: ??? (in /usr/lib/x86_64-linux-gnu/libssl.so.3)
             n1: 1968 0x489A8C7: SSL_CTX_new_ex (in /usr/lib/x86_64-linux-gnu/libssl.so.3)
              n1: 1968 0x10A527: download_model_from_github (in /home/khanh/A37/A35M/btc_predict)
               n0: 1968 0x10954D: main (in /home/khanh/A37/A35M/btc_predict)
       n0: 480 in 1 place, below massif's threshold (1.00%)
     n0: 384 in 4 places, all below massif's threshold (1.00%)
    n2: 2808 0x4E24344: ??? (in /usr/lib/x86_64-linux-gnu/libcrypto.so.3)
     n1: 2472 0x4E21C8E: OPENSSL_LH_doall_arg (in /usr/lib/x86_64-linux-gnu/libcrypto.so.3)
      n2: 2472 0x4EEA73C: OBJ_NAME_do_all (in /usr/lib/x86_64-linux-gnu/libcrypto.so.3)
       n1: 1968 0x4E23F6F: ??? (in /usr/lib/x86_64-linux-gnu/libcrypto.so.3)
        n1: 1968 0x4DFE5D0: ??? (in /usr/lib/x86_64-linux-gnu/libcrypto.so.3)
         n1: 1968 0x4DFEAE3: ??? (in /usr/lib/x86_64-linux-gnu/libcrypto.so.3)
          n1: 1968 0x4DFC591: EVP_CIPHER_fetch (in /usr/lib/x86_64-linux-gnu/libcrypto.so.3)
           n1: 1968 0x489940A: ??? (in /usr/lib/x86_64-linux-gnu/libssl.so.3)
            n1: 1968 0x488C7E2: ??? (in /usr/lib/x86_64-linux-gnu/libssl.so.3)
             n1: 1968 0x489A8C7: SSL_CTX_new_ex (in /usr/lib/x86_64-linux-gnu/libssl.so.3)
              n1: 1968 0x10A527: download_model_from_github (in /home/khanh/A37/A35M/btc_predict)
               n0: 1968 0x10954D: main (in /home/khanh/A37/A35M/btc_predict)
       n0: 504 in 1 place, below massif's threshold (1.00%)
     n0: 336 in 4 places, all below massif's threshold (1.00%)
    n0: 456 in 5 places, all below massif's threshold (1.00%)
   n0: 504 in 1 place, below massif's threshold (1.00%)
  n2: 5424 0x4EEA520: OBJ_NAME_add (in /usr/lib/x86_64-linux-gnu/libcrypto.so.3)
   n1: 3264 0x4E0C17B: EVP_add_cipher (in /usr/lib/x86_64-linux-gnu/libcrypto.so.3)
    n0: 3264 in 136 places, all below massif's threshold (1.00%)
   n0: 2160 in 56 places, all below massif's threshold (1.00%)
  n0: 240 in 4 places, all below massif's threshold (1.00%)
 n7: 40992 0x4E27844: CRYPTO_zalloc (in /usr/lib/x86_64-linux-gnu/libcrypto.so.3)
  n1: 8832 0x4E34642: ??? (in /usr/lib/x86_64-linux-gnu/libcrypto.so.3)
   n1: 8832 0x4F0A5ED: ??? (in /usr/lib/x86_64-linux-gnu/libcrypto.so.3)
    n1: 8832 0x4DFE09E: ??? (in /usr/lib/x86_64-linux-gnu/libcrypto.so.3)
     n1: 8832 0x4E2354D: ??? (in /usr/lib/x86_64-linux-gnu/libcrypto.so.3)
      n1: 8832 0x4E2323F: ??? (in /usr/lib/x86_64-linux-gnu/libcrypto.so.3)
       n1: 8832 0x4E330F6: ??? (in /usr/lib/x86_64-linux-gnu/libcrypto.so.3)
        n1: 8832 0x4E233B7: ??? (in /usr/lib/x86_64-linux-gnu/libcrypto.so.3)
         n1: 8832 0x4E23758: ??? (in /usr/lib/x86_64-linux-gnu/libcrypto.so.3)
          n1: 8832 0x4DFE804: ??? (in /usr/lib/x86_64-linux-gnu/libcrypto.so.3)
           n1: 8832 0x4DFEAE3: ??? (in /usr/lib/x86_64-linux-gnu/libcrypto.so.3)
            n1: 8832 0x4DFC591: EVP_CIPHER_fetch (in /usr/lib/x86_64-linux-gnu/libcrypto.so.3)
             n1: 8832 0x489940A: ??? (in /usr/lib/x86_64-linux-gnu/libssl.so.3)
              n1: 8832 0x488C7E2: ??? (in /usr/lib/x86_64-linux-gnu/libssl.so.3)
               n1: 8832 0x489A8C7: SSL_CTX_new_ex (in /usr/lib/x86_64-linux-gnu/libssl.so.3)
                n1: 8832 0x10A527: download_model_from_github (in /home/khanh/A37/A35M/btc_predict)
                 n0: 8832 0x10954D: main (in /home/khanh/A37/A35M/btc_predict)
  n0: 8320 in 24 places, all below massif's threshold (1.00%)
  n1: 8192 0x4DFC503: ??? (in /usr/lib/x86_64-linux-gnu/libcrypto.so.3)
   n1: 8192 0x4DFD976: ??? (in /usr/lib/x86_64-linux-gnu/libcrypto.so.3)
    n1: 8192 0x4DFDF4B: ??? (in /usr/lib/x86_64-linux-gnu/libcrypto.so.3)
     n1: 8192 0x4E23528: ??? (in /usr/lib/x86_64-linux-gnu/libcrypto.so.3)
      n1: 8192 0x4E2323F: ??? (in /usr/lib/x86_64-linux-gnu/libcrypto.so.3)
       n1: 8192 0x4E330F6: ??? (in /usr/lib/x86_64-linux-gnu/libcrypto.so.3)
        n1: 8192 0x4E233B7: ??? (in /usr/lib/x86_64-linux-gnu/libcrypto.so.3)
         n1: 8192 0x4E23758: ??? (in /usr/lib/x86_64-linux-gnu/libcrypto.so.3)
          n1: 8192 0x4DFE804: ??? (in /usr/lib/x86_64-linux-gnu/libcrypto.so.3)
           n1: 8192 0x4DFEAE3: ??? (in /usr/lib/x86_64-linux-gnu/libcrypto.so.3)
            n1: 8192 0x4DFC591: EVP_CIPHER_fetch (in /usr/lib/x86_64-linux-gnu/libcrypto.so.3)
             n1: 8192 0x489940A: ??? (in /usr/lib/x86_64-linux-gnu/libssl.so.3)
              n1: 8192 0x488C7E2: ??? (in /usr/lib/x86_64-linux-gnu/libssl.so.3)
               n1: 8192 0x489A8C7: SSL_CTX_new_ex (in /usr/lib/x86_64-linux-gnu/libssl.so.3)
                n1: 8192 0x10A527: download_model_from_github (in /home/khanh/A37/A35M/btc_predict)
                 n0: 8192 0x10954D: main (in /home/khanh/A37/A35M/btc_predict)
  n2: 4480 0x4E2165B: OPENSSL_LH_new (in /usr/lib/x86_64-linux-gnu/libcrypto.so.3)
   n1: 3968 0x4F0A5D2: ??? (in /usr/lib/x86_64-linux-gnu/libcrypto.so.3)
    n1: 3968 0x4DFE09E: ??? (in /usr/lib/x86_64-linux-gnu/libcrypto.so.3)
     n1: 3968 0x4E2354D: ??? (in /usr/lib/x86_64-linux-gnu/libcrypto.so.3)
      n1: 3968 0x4E2323F: ??? (in /usr/lib/x86_64-linux-gnu/libcrypto.so.3)
       n1: 3968 0x4E330F6: ??? (in /usr/lib/x86_64-linux-gnu/libcrypto.so.3)
        n1: 3968 0x4E233B7: ??? (in /usr/lib/x86_64-linux-gnu/libcrypto.so.3)
         n1: 3968 0x4E23758: ??? (in /usr/lib/x86_64-linux-gnu/libcrypto.so.3)
          n1: 3968 0x4DFE804: ??? (in /usr/lib/x86_64-linux-gnu/libcrypto.so.3)
           n1: 3968 0x4DFEAE3: ??? (in /usr/lib/x86_64-linux-gnu/libcrypto.so.3)
            n1: 3968 0x4DFC591: EVP_CIPHER_fetch (in /usr/lib/x86_64-linux-gnu/libcrypto.so.3)
             n1: 3968 0x489940A: ??? (in /usr/lib/x86_64-linux-gnu/libssl.so.3)
              n1: 3968 0x488C7E2: ??? (in /usr/lib/x86_64-linux-gnu/libssl.so.3)
               n1: 3968 0x489A8C7: SSL_CTX_new_ex (in /usr/lib/x86_64-linux-gnu/libssl.so.3)
                n1: 3968 0x10A527: download_model_from_github (in /home/khanh/A37/A35M/btc_predict)
                 n0: 3968 0x10954D: main (in /home/khanh/A37/A35M/btc_predict)
   n0: 512 in 8 places, all below massif's threshold (1.00%)
  n2: 4400 0x4E23976: ??? (in /usr/lib/x86_64-linux-gnu/libcrypto.so.3)
   n3: 4064 0x4E24200: ??? (in /usr/lib/x86_64-linux-gnu/libcrypto.so.3)
    n1: 1888 0x4E2439C: ??? (in /usr/lib/x86_64-linux-gnu/libcrypto.so.3)
     n0: 1888 in 5 places, all below massif's threshold (1.00%)
    n1: 1872 0x4E24344: ??? (in /usr/lib/x86_64-linux-gnu/libcrypto.so.3)
     n0: 1872 in 5 places, all below massif's threshold (1.00%)
    n0: 304 in 5 places, all below massif's threshold (1.00%)
   n0: 336 in 1 place, below massif's threshold (1.00%)
  n2: 4032 0x4E34703: CRYPTO_THREAD_lock_new (in /usr/lib/x86_64-linux-gnu/libcrypto.so.3)
   n0: 2240 in 23 places, all below massif's threshold (1.00%)
   n1: 1792 0x4DFC510: ??? (in /usr/lib/x86_64-linux-gnu/libcrypto.so.3)
    n1: 1792 0x4DFD976: ??? (in /usr/lib/x86_64-linux-gnu/libcrypto.so.3)
     n1: 1792 0x4DFDF4B: ??? (in /usr/lib/x86_64-linux-gnu/libcrypto.so.3)
      n1: 1792 0x4E23528: ??? (in /usr/lib/x86_64-linux-gnu/libcrypto.so.3)
       n1: 1792 0x4E2323F: ??? (in /usr/lib/x86_64-linux-gnu/libcrypto.so.3)
        n1: 1792 0x4E330F6: ??? (in /usr/lib/x86_64-linux-gnu/libcrypto.so.3)
         n1: 1792 0x4E233B7: ??? (in /usr/lib/x86_64-linux-gnu/libcrypto.so.3)
          n1: 1792 0x4E23758: ??? (in /usr/lib/x86_64-linux-gnu/libcrypto.so.3)
           n1: 1792 0x4DFE804: ??? (in /usr/lib/x86_64-linux-gnu/libcrypto.so.3)
            n1: 1792 0x4DFEAE3: ??? (in /usr/lib/x86_64-linux-gnu/libcrypto.so.3)
             n1: 1792 0x4DFC591: EVP_CIPHER_fetch (in /usr/lib/x86_64-linux-gnu/libcrypto.so.3)
              n1: 1792 0x489940A: ??? (in /usr/lib/x86_64-linux-gnu/libssl.so.3)
               n1: 1792 0x488C7E2: ??? (in /usr/lib/x86_64-linux-gnu/libssl.so.3)
                n1: 1792 0x489A8C7: SSL_CTX_new_ex (in /usr/lib/x86_64-linux-gnu/libssl.so.3)
                 n1: 1792 0x10A527: download_model_from_github (in /home/khanh/A37/A35M/btc_predict)
                  n0: 1792 0x10954D: main (in /home/khanh/A37/A35M/btc_predict)
  n2: 2736 0x4E2163D: OPENSSL_LH_new (in /usr/lib/x86_64-linux-gnu/libcrypto.so.3)
   n1: 2232 0x4F0A5D2: ??? (in /usr/lib/x86_64-linux-gnu/libcrypto.so.3)
    n1: 2232 0x4DFE09E: ??? (in /usr/lib/x86_64-linux-gnu/libcrypto.so.3)
     n1: 2232 0x4E2354D: ??? (in /usr/lib/x86_64-linux-gnu/libcrypto.so.3)
      n1: 2232 0x4E2323F: ??? (in /usr/lib/x86_64-linux-gnu/libcrypto.so.3)
       n1: 2232 0x4E330F6: ??? (in /usr/lib/x86_64-linux-gnu/libcrypto.so.3)
        n1: 2232 0x4E233B7: ??? (in /usr/lib/x86_64-linux-gnu/libcrypto.so.3)
         n1: 2232 0x4E23758: ??? (in /usr/lib/x86_64-linux-gnu/libcrypto.so.3)
          n1: 2232 0x4DFE804: ??? (in /usr/lib/x86_64-linux-gnu/libcrypto.so.3)
           n1: 2232 0x4DFEAE3: ??? (in /usr/lib/x86_64-linux-gnu/libcrypto.so.3)
            n1: 2232 0x4DFC591: EVP_CIPHER_fetch (in /usr/lib/x86_64-linux-gnu/libcrypto.so.3)
             n1: 2232 0x489940A: ??? (in /usr/lib/x86_64-linux-gnu/libssl.so.3)
              n1: 2232 0x488C7E2: ??? (in /usr/lib/x86_64-linux-gnu/libssl.so.3)
               n1: 2232 0x489A8C7: SSL_CTX_new_ex (in /usr/lib/x86_64-linux-gnu/libssl.so.3)
                n1: 2232 0x10A527: download_model_from_github (in /home/khanh/A37/A35M/btc_predict)
                 n0: 2232 0x10954D: main (in /home/khanh/A37/A35M/btc_predict)
   n0: 504 in 8 places, all below massif's threshold (1.00%)
 n3: 11264 0x4E2194F: OPENSSL_LH_insert (in /usr/lib/x86_64-linux-gnu/libcrypto.so.3)
  n2: 8192 0x4DD9062: ??? (in /usr/lib/x86_64-linux-gnu/libcrypto.so.3)
   n2: 8192 0x4DD9320: ERR_load_strings_const (in /usr/lib/x86_64-linux-gnu/libcrypto.so.3)
    n1: 8192 0x4F5D3FB: ??? (in /usr/lib/x86_64-linux-gnu/libcrypto.so.3)
     n1: 8192 0x4DDAB20: ??? (in /usr/lib/x86_64-linux-gnu/libcrypto.so.3)
      n1: 8192 0x4E266FC: ??? (in /usr/lib/x86_64-linux-gnu/libcrypto.so.3)
       n1: 8192 0x4A91ED2: __pthread_once_slow (pthread_once.c:116)
        n1: 8192 0x4E3480C: CRYPTO_THREAD_run_once (in /usr/lib/x86_64-linux-gnu/libcrypto.so.3)
         n1: 8192 0x4E26BEA: OPENSSL_init_crypto (in /usr/lib/x86_64-linux-gnu/libcrypto.so.3)
          n1: 8192 0x4DD997A: ??? (in /usr/lib/x86_64-linux-gnu/libcrypto.so.3)
           n1: 8192 0x4DDA75C: ERR_set_mark (in /usr/lib/x86_64-linux-gnu/libcrypto.so.3)
            n1: 8192 0x4D49DD5: CONF_modules_load_file_ex (in /usr/lib/x86_64-linux-gnu/libcrypto.so.3)
             n1: 8192 0x4D4A1F0: ??? (in /usr/lib/x86_64-linux-gnu/libcrypto.so.3)
              n1: 8192 0x4E2667E: ??? (in /usr/lib/x86_64-linux-gnu/libcrypto.so.3)
               n1: 8192 0x4A91ED2: __pthread_once_slow (pthread_once.c:116)
                n1: 8192 0x4E3480C: CRYPTO_THREAD_run_once (in /usr/lib/x86_64-linux-gnu/libcrypto.so.3)
                 n1: 8192 0x4E26E43: OPENSSL_init_crypto (in /usr/lib/x86_64-linux-gnu/libcrypto.so.3)
                  n1: 8192 0x48906EC: OPENSSL_init_ssl (in /usr/lib/x86_64-linux-gnu/libssl.so.3)
                   n1: 8192 0x10A51A: download_model_from_github (in /home/khanh/A37/A35M/btc_predict)
                    n0: 8192 0x10954D: main (in /home/khanh/A37/A35M/btc_predict)
    n0: 0 in 3 places, all below massif's threshold (1.00%)
   n0: 0 in 2 places, all below massif's threshold (1.00%)
  n2: 2048 0x4E239B0: ??? (in /usr/lib/x86_64-linux-gnu/libcrypto.so.3)
   n1: 2048 0x4E23DA8: ??? (in /usr/lib/x86_64-linux-gnu/libcrypto.so.3)
    n1: 2048 0x4DFDF3B: ??? (in /usr/lib/x86_64-linux-gnu/libcrypto.so.3)
     n1: 2048 0x4E23528: ??? (in /usr/lib/x86_64-linux-gnu/libcrypto.so.3)
      n1: 2048 0x4E2323F: ??? (in /usr/lib/x86_64-linux-gnu/libcrypto.so.3)
       n1: 2048 0x4E330F6: ??? (in /usr/lib/x86_64-linux-gnu/libcrypto.so.3)
        n1: 2048 0x4E233B7: ??? (in /usr/lib/x86_64-linux-gnu/libcrypto.so.3)
         n1: 2048 0x4E23758: ??? (in /usr/lib/x86_64-linux-gnu/libcrypto.so.3)
          n1: 2048 0x4DFE804: ??? (in /usr/lib/x86_64-linux-gnu/libcrypto.so.3)
           n1: 2048 0x4DFEAE3: ??? (in /usr/lib/x86_64-linux-gnu/libcrypto.so.3)
            n1: 2048 0x4DFC591: EVP_CIPHER_fetch (in /usr/lib/x86_64-linux-gnu/libcrypto.so.3)
             n1: 2048 0x489940A: ??? (in /usr/lib/x86_64-linux-gnu/libssl.so.3)
              n1: 2048 0x488C7E2: ??? (in /usr/lib/x86_64-linux-gnu/libssl.so.3)
               n1: 2048 0x489A8C7: SSL_CTX_new_ex (in /usr/lib/x86_64-linux-gnu/libssl.so.3)
                n1: 2048 0x10A527: download_model_from_github (in /home/khanh/A37/A35M/btc_predict)
                 n0: 2048 0x10954D: main (in /home/khanh/A37/A35M/btc_predict)
   n0: 0 in 1 place, below massif's threshold (1.00%)
  n0: 1024 in 2 places, all below massif's threshold (1.00%)
 n1: 5424 0x4EEA4D8: OBJ_NAME_add (in /usr/lib/x86_64-linux-gnu/libcrypto.so.3)
  n0: 5424 in 208 places, all below massif's threshold (1.00%)
 n2: 4640 0x4E29123: CRYPTO_strndup (in /usr/lib/x86_64-linux-gnu/libcrypto.so.3)
  n2: 4257 0x4E23992: ??? (in /usr/lib/x86_64-linux-gnu/libcrypto.so.3)
   n2: 4009 0x4E24200: ??? (in /usr/lib/x86_64-linux-gnu/libcrypto.so.3)
    n2: 2446 0x4E2439C: ??? (in /usr/lib/x86_64-linux-gnu/libcrypto.so.3)
     n1: 2190 0x4E21C8E: OPENSSL_LH_doall_arg (in /usr/lib/x86_64-linux-gnu/libcrypto.so.3)
      n2: 2190 0x4EEA73C: OBJ_NAME_do_all (in /usr/lib/x86_64-linux-gnu/libcrypto.so.3)
       n1: 1756 0x4E23F6F: ??? (in /usr/lib/x86_64-linux-gnu/libcrypto.so.3)
        n1: 1756 0x4DFE5D0: ??? (in /usr/lib/x86_64-linux-gnu/libcrypto.so.3)
         n1: 1756 0x4DFEAE3: ??? (in /usr/lib/x86_64-linux-gnu/libcrypto.so.3)
          n1: 1756 0x4DFC591: EVP_CIPHER_fetch (in /usr/lib/x86_64-linux-gnu/libcrypto.so.3)
           n1: 1756 0x489940A: ??? (in /usr/lib/x86_64-linux-gnu/libssl.so.3)
            n1: 1756 0x488C7E2: ??? (in /usr/lib/x86_64-linux-gnu/libssl.so.3)
             n1: 1756 0x489A8C7: SSL_CTX_new_ex (in /usr/lib/x86_64-linux-gnu/libssl.so.3)
              n1: 1756 0x10A527: download_model_from_github (in /home/khanh/A37/A35M/btc_predict)
               n0: 1756 0x10954D: main (in /home/khanh/A37/A35M/btc_predict)
       n0: 434 in 1 place, below massif's threshold (1.00%)
     n0: 256 in 4 places, all below massif's threshold (1.00%)
    n0: 1563 in 6 places, all below massif's threshold (1.00%)
   n0: 248 in 1 place, below massif's threshold (1.00%)
  n0: 383 in 2 places, all below massif's threshold (1.00%)
 n0: 3301 in 24 places, all below massif's threshold (1.00%)
 n1: 2200 0x4E23B05: ??? (in /usr/lib/x86_64-linux-gnu/libcrypto.so.3)
  n1: 2200 0x4DFD99D: ??? (in /usr/lib/x86_64-linux-gnu/libcrypto.so.3)
   n1: 2200 0x4DFDF4B: ??? (in /usr/lib/x86_64-linux-gnu/libcrypto.so.3)
    n1: 2200 0x4E23528: ??? (in /usr/lib/x86_64-linux-gnu/libcrypto.so.3)
     n1: 2200 0x4E2323F: ??? (in /usr/lib/x86_64-linux-gnu/libcrypto.so.3)
      n1: 2200 0x4E330F6: ??? (in /usr/lib/x86_64-linux-gnu/libcrypto.so.3)
       n1: 2200 0x4E233B7: ??? (in /usr/lib/x86_64-linux-gnu/libcrypto.so.3)
        n1: 2200 0x4E23758: ??? (in /usr/lib/x86_64-linux-gnu/libcrypto.so.3)
         n1: 2200 0x4DFE804: ??? (in /usr/lib/x86_64-linux-gnu/libcrypto.so.3)
          n1: 2200 0x4DFEAE3: ??? (in /usr/lib/x86_64-linux-gnu/libcrypto.so.3)
           n1: 2200 0x4DFC591: EVP_CIPHER_fetch (in /usr/lib/x86_64-linux-gnu/libcrypto.so.3)
            n1: 2200 0x489940A: ??? (in /usr/lib/x86_64-linux-gnu/libssl.so.3)
             n1: 2200 0x488C7E2: ??? (in /usr/lib/x86_64-linux-gnu/libssl.so.3)
              n1: 2200 0x489A8C7: SSL_CTX_new_ex (in /usr/lib/x86_64-linux-gnu/libssl.so.3)
               n1: 2200 0x10A527: download_model_from_github (in /home/khanh/A37/A35M/btc_predict)
                n0: 2200 0x10954D: main (in /home/khanh/A37/A35M/btc_predict)
#-----------
snapshot=13
#-----------
time=6752794
mem_heap_B=135562
mem_heap_extra_B=54230
mem_stacks_B=0
heap_tree=detailed
n7: 135562 (heap allocation functions) malloc/new/new[], --alloc-fns, etc.
 n4: 54432 0x4E219A5: OPENSSL_LH_insert (in /usr/lib/x86_64-linux-gnu/libcrypto.so.3)
  n2: 41808 0x4DD9062: ??? (in /usr/lib/x86_64-linux-gnu/libcrypto.so.3)
   n8: 39840 0x4DD9320: ERR_load_strings_const (in /usr/lib/x86_64-linux-gnu/libcrypto.so.3)
    n0: 17472 in 27 places, all below massif's threshold (1.00%)
    n1: 7656 0x48905DB: ??? (in /usr/lib/x86_64-linux-gnu/libssl.so.3)
     n1: 7656 0x489061C: ??? (in /usr/lib/x86_64-linux-gnu/libssl.so.3)
      n1: 7656 0x4A91ED2: __pthread_once_slow (pthread_once.c:116)
       n1: 7656 0x4E3480C: CRYPTO_THREAD_run_once (in /usr/lib/x86_64-linux-gnu/libcrypto.so.3)
        n1: 7656 0x4890754: OPENSSL_init_ssl (in /usr/lib/x86_64-linux-gnu/libssl.so.3)
         n1: 7656 0x489A792: SSL_CTX_new_ex (in /usr/lib/x86_64-linux-gnu/libssl.so.3)
          n1: 7656 0x10A527: download_model_from_github (in /home/khanh/A37/A35M/btc_predict)
           n0: 7656 0x10954D: main (in /home/khanh/A37/A35M/btc_predict)
    n1: 2952 0x4FE569B: ??? (in /usr/lib/x86_64-linux-gnu/libcrypto.so.3)
     n1: 2952 0x4DDAB95: ??? (in /usr/lib/x86_64-linux-gnu/libcrypto.so.3)
      n1: 2952 0x4E266FC: ??? (in /usr/lib/x86_64-linux-gnu/libcrypto.so.3)
       n1: 2952 0x4A91ED2: __pthread_once_slow (pthread_once.c:116)
        n1: 2952 0x4E3480C: CRYPTO_THREAD_run_once (in /usr/lib/x86_64-linux-gnu/libcrypto.so.3)
         n1: 2952 0x4E26BEA: OPENSSL_init_crypto (in /usr/lib/x86_64-linux-gnu/libcrypto.so.3)
          n1: 2952 0x4DD997A: ??? (in /usr/lib/x86_64-linux-gnu/libcrypto.so.3)
           n1: 2952 0x4DDA75C: ERR_set_mark (in /usr/lib/x86_64-linux-gnu/libcrypto.so.3)
            n1: 2952 0x4D49DD5: CONF_modules_load_file_ex (in /usr/lib/x86_64-linux-gnu/libcrypto.so.3)
             n1: 2952 0x4D4A1F0: ??? (in /usr/lib/x86_64-linux-gnu/libcrypto.so.3)
              n1: 2952 0x4E2667E: ??? (in /usr/lib/x86_64-linux-gnu/libcrypto.so.3)
               n1: 2952 0x4A91ED2: __pthread_once_slow (pthread_once.c:116)
                n1: 2952 0x4E3480C: CRYPTO_THREAD_run_once (in /usr/lib/x86_64-linux-gnu/libcrypto.so.3)
                 n1: 2952 0x4E26E43: OPENSSL_init_crypto (in /usr/lib/x86_64-linux-gnu/libcrypto.so.3)
                  n1: 2952 0x48906EC: OPENSSL_init_ssl (in /usr/lib/x86_64-linux-gnu/libssl.so.3)
                   n1: 2952 0x10A51A: download_model_from_github (in /home/khanh/A37/A35M/btc_predict)
                    n0: 2952 0x10954D: main (in /home/khanh/A37/A35M/btc_predict)
    n1: 2760 0x4CD767B: ??? (in /usr/lib/x86_64-linux-gnu/libcrypto.so.3)
     n1: 2760 0x4DDAA6D: ??? (in /usr/lib/x86_64-linux-gnu/libcrypto.so.3)
      n1: 2760 0x4E266FC: ??? (in /usr/lib/x86_64-linux-gnu/libcrypto.so.3)
       n1: 2760 0x4A91ED2: __pthread_once_slow (pthread_once.c:116)
        n1: 2760 0x4E3480C: CRYPTO_THREAD_run_once (in /usr/lib/x86_64-linux-gnu/libcrypto.so.3)
         n1: 2760 0x4E26BEA: OPENSSL_init_crypto (in /usr/lib/x86_64-linux-gnu/libcrypto.so.3)
          n1: 2760 0x4DD997A: ??? (in /usr/lib/x86_64-linux-gnu/libcrypto.so.3)
           n1: 2760 0x4DDA75C: ERR_set_mark (in /usr/lib/x86_64-linux-gnu/libcrypto.so.3)
            n1: 2760 0x4D49DD5: CONF_modules_load_file_ex (in /usr/lib/x86_64-linux-gnu/libcrypto.so.3)
             n1: 2760 0x4D4A1F0: ??? (in /usr/lib/x86_64-linux-gnu/libcrypto.so.3)
              n1: 2760 0x4E2667E: ??? (in /usr/lib/x86_64-linux-gnu/libcrypto.so.3)
               n1: 2760 0x4A91ED2: __pthread_once_slow (pthread_once.c:116)
                n1: 2760 0x4E3480C: CRYPTO_THREAD_run_once (in /usr/lib/x86_64-linux-gnu/libcrypto.so.3)
                 n1: 2760 0x4E26E43: OPENSSL_init_crypto (in /usr/lib/x86_64-linux-gnu/libcrypto.so.3)
                  n1: 2760 0x48906EC: OPENSSL_init_ssl (in /usr/lib/x86_64-linux-gnu/libssl.so.3)
                   n1: 2760 0x10A51A: download_model_from_github (in /home/khanh/A37/A35M/btc_predict)
                    n0: 2760 0x10954D: main (in /home/khanh/A37/A35M/btc_predict)
    n1: 2616 0x4DFDEDB: ??? (in /usr/lib/x86_64-linux-gnu/libcrypto.so.3)
     n1: 2616 0x4DDAA37: ??? (in /usr/lib/x86_64-linux-gnu/libcrypto.so.3)
      n1: 2616 0x4E266FC: ??? (in /usr/lib/x86_64-linux-gnu/libcrypto.so.3)
       n1: 2616 0x4A91ED2: __pthread_once_slow (pthread_once.c:116)
        n1: 2616 0x4E3480C: CRYPTO_THREAD_run_once (in /usr/lib/x86_64-linux-gnu/libcrypto.so.3)
         n1: 2616 0x4E26BEA: OPENSSL_init_crypto (in /usr/lib/x86_64-linux-gnu/libcrypto.so.3)
          n1: 2616 0x4DD997A: ??? (in /usr/lib/x86_64-linux-gnu/libcrypto.so.3)
           n1: 2616 0x4DDA75C: ERR_set_mark (in /usr/lib/x86_64-linux-gnu/libcrypto.so.3)
            n1: 2616 0x4D49DD5: CONF_modules_load_file_ex (in /usr/lib/x86_64-linux-gnu/libcrypto.so.3)
             n1: 2616 0x4D4A1F0: ??? (in /usr/lib/x86_64-linux-gnu/libcrypto.so.3)
              n1: 2616 0x4E2667E: ??? (in /usr/lib/x86_64-linux-gnu/libcrypto.so.3)
               n1: 2616 0x4A91ED2: __pthread_once_slow (pthread_once.c:116)
                n1: 2616 0x4E3480C: CRYPTO_THREAD_run_once (in /usr/lib/x86_64-linux-gnu/libcrypto.so.3)
                 n1: 2616 0x4E26E43: OPENSSL_init_crypto (in /usr/lib/x86_64-linux-gnu/libcrypto.so.3)
                  n1: 2616 0x48906EC: OPENSSL_init_ssl (in /usr/lib/x86_64-linux-gnu/libssl.so.3)
                   n1: 2616 0x10A51A: download_model_from_github (in /home/khanh/A37/A35M/btc_predict)
                    n0: 2616 0x10954D: main (in /home/khanh/A37/A35M/btc_predict)
    n1: 2304 0x4D3BDEB: ??? (in /usr/lib/x86_64-linux-gnu/libcrypto.so.3)
     n1: 2304 0x4DDAB2D: ??? (in /usr/lib/x86_64-linux-gnu/libcrypto.so.3)
      n1: 2304 0x4E266FC: ??? (in /usr/lib/x86_64-linux-gnu/libcrypto.so.3)
       n1: 2304 0x4A91ED2: __pthread_once_slow (pthread_once.c:116)
        n1: 2304 0x4E3480C: CRYPTO_THREAD_run_once (in /usr/lib/x86_64-linux-gnu/libcrypto.so.3)
         n1: 2304 0x4E26BEA: OPENSSL_init_crypto (in /usr/lib/x86_64-linux-gnu/libcrypto.so.3)
          n1: 2304 0x4DD997A: ??? (in /usr/lib/x86_64-linux-gnu/libcrypto.so.3)
           n1: 2304 0x4DDA75C: ERR_set_mark (in /usr/lib/x86_64-linux-gnu/libcrypto.so.3)
            n1: 2304 0x4D49DD5: CONF_modules_load_file_ex (in /usr/lib/x86_64-linux-gnu/libcrypto.so.3)
             n1: 2304 0x4D4A1F0: ??? (in /usr/lib/x86_64-linux-gnu/libcrypto.so.3)
              n1: 2304 0x4E2667E: ??? (in /usr/lib/x86_64-linux-gnu/libcrypto.so.3)
               n1: 2304 0x4A91ED2: __pthread_once_slow (pthread_once.c:116)
                n1: 2304 0x4E3480C: CRYPTO_THREAD_run_once (in /usr/lib/x86_64-linux-gnu/libcrypto.so.3)
                 n1: 2304 0x4E26E43: OPENSSL_init_crypto (in /usr/lib/x86_64-linux-gnu/libcrypto.so.3)
                  n1: 2304 0x48906EC: OPENSSL_init_ssl (in /usr/lib/x86_64-linux-gnu/libssl.so.3)
                   n1: 2304 0x10A51A: download_model_from_github (in /home/khanh/A37/A35M/btc_predict)
                    n0: 2304 0x10954D: main (in /home/khanh/A37/A35M/btc_predict)
    n1: 2112 0x4D2DFDB: ??? (in /usr/lib/x86_64-linux-gnu/libcrypto.so.3)
     n1: 2112 0x4DDAB47: ??? (in /usr/lib/x86_64-linux-gnu/libcrypto.so.3)
      n1: 2112 0x4E266FC: ??? (in /usr/lib/x86_64-linux-gnu/libcrypto.so.3)
       n1: 2112 0x4A91ED2: __pthread_once_slow (pthread_once.c:116)
        n1: 2112 0x4E3480C: CRYPTO_THREAD_run_once (in /usr/lib/x86_64-linux-gnu/libcrypto.so.3)
         n1: 2112 0x4E26BEA: OPENSSL_init_crypto (in /usr/lib/x86_64-linux-gnu/libcrypto.so.3)
          n1: 2112 0x4DD997A: ??? (in /usr/lib/x86_64-linux-gnu/libcrypto.so.3)
           n1: 2112 0x4DDA75C: ERR_set_mark (in /usr/lib/x86_64-linux-gnu/libcrypto.so.3)
            n1: 2112 0x4D49DD5: CONF_modules_load_file_ex (in /usr/lib/x86_64-linux-gnu/libcrypto.so.3)
             n1: 2112 0x4D4A1F0: ??? (in /usr/lib/x86_64-linux-gnu/libcrypto.so.3)
              n1: 2112 0x4E2667E: ??? (in /usr/lib/x86_64-linux-gnu/libcrypto.so.3)
               n1: 2112 0x4A91ED2: __pthread_once_slow (pthread_once.c:116)
                n1: 2112 0x4E3480C: CRYPTO_THREAD_run_once (in /usr/lib/x86_64-linux-gnu/libcrypto.so.3)
                 n1: 2112 0x4E26E43: OPENSSL_init_crypto (in /usr/lib/x86_64-linux-gnu/libcrypto.so.3)
                  n1: 2112 0x48906EC: OPENSSL_init_ssl (in /usr/lib/x86_64-linux-gnu/libssl.so.3)
                   n1: 2112 0x10A51A: download_model_from_github (in /home/khanh/A37/A35M/btc_predict)
                    n0: 2112 0x10954D: main (in /home/khanh/A37/A35M/btc_predict)
    n1: 1968 0x4F182DB: ??? (in /usr/lib/x86_64-linux-gnu/libcrypto.so.3)
     n1: 1968 0x4DDAA25: ??? (in /usr/lib/x86_64-linux-gnu/libcrypto.so.3)
      n1: 1968 0x4E266FC: ??? (in /usr/lib/x86_64-linux-gnu/libcrypto.so.3)
       n1: 1968 0x4A91ED2: __pthread_once_slow (pthread_once.c:116)
        n1: 1968 0x4E3480C: CRYPTO_THREAD_run_once (in /usr/lib/x86_64-linux-gnu/libcrypto.so.3)
         n1: 1968 0x4E26BEA: OPENSSL_init_crypto (in /usr/lib/x86_64-linux-gnu/libcrypto.so.3)
          n1: 1968 0x4DD997A: ??? (in /usr/lib/x86_64-linux-gnu/libcrypto.so.3)
           n1: 1968 0x4DDA75C: ERR_set_mark (in /usr/lib/x86_64-linux-gnu/libcrypto.so.3)
            n1: 1968 0x4D49DD5: CONF_modules_load_file_ex (in /usr/lib/x86_64-linux-gnu/libcrypto.so.3)
             n1: 1968 0x4D4A1F0: ??? (in /usr/lib/x86_64-linux-gnu/libcrypto.so.3)
              n1: 1968 0x4E2667E: ??? (in /usr/lib/x86_64-linux-gnu/libcrypto.so.3)
               n1: 1968 0x4A91ED2: __pthread_once_slow (pthread_once.c:116)
                n1: 1968 0x4E3480C: CRYPTO_THREAD_run_once (in /usr/lib/x86_64-linux-gnu/libcrypto.so.3)
                 n1: 1968 0x4E26E43: OPENSSL_init_crypto (in /usr/lib/x86_64-linux-gnu/libcrypto.so.3)
                  n1: 1968 0x48906EC: OPENSSL_init_ssl (in /usr/lib/x86_64-linux-gnu/libssl.so.3)
                   n1: 1968 0x10A51A: download_model_from_github (in /home/khanh/A37/A35M/btc_predict)
                    n0: 1968 0x10954D: main (in /home/khanh/A37/A35M/btc_predict)
   n0: 1968 in 2 places, all below massif's threshold (1.00%)
  n2: 6960 0x4E239B0: ??? (in /usr/lib/x86_64-linux-gnu/libcrypto.so.3)
   n3: 6096 0x4E24200: ??? (in /usr/lib/x86_64-linux-gnu/libcrypto.so.3)
    n2: 2832 0x4E2439C: ??? (in /usr/lib/x86_64-linux-gnu/libcrypto.so.3)
     n1: 2448 0x4E21C8E: OPENSSL_LH_doall_arg (in /usr/lib/x86_64-linux-gnu/libcrypto.so.3)
      n2: 2448 0x4EEA73C: OBJ_NAME_do_all (in /usr/lib/x86_64-linux-gnu/libcrypto.so.3)
       n1: 1968 0x4E23F6F: ??? (in /usr/lib/x86_64-linux-gnu/libcrypto.so.3)
        n1: 1968 0x4DFE5D0: ??? (in /usr/lib/x86_64-linux-gnu/libcrypto.so.3)
         n1: 1968 0x4DFEAE3: ??? (in /usr/lib/x86_64-linux-gnu/libcrypto.so.3)
          n1: 1968 0x4DFC591: EVP_CIPHER_fetch (in /usr/lib/x86_64-linux-gnu/libcrypto.so.3)
           n1: 1968 0x489940A: ??? (in /usr/lib/x86_64-linux-gnu/libssl.so.3)
            n1: 1968 0x488C7E2: ??? (in /usr/lib/x86_64-linux-gnu/libssl.so.3)
             n1: 1968 0x489A8C7: SSL_CTX_new_ex (in /usr/lib/x86_64-linux-gnu/libssl.so.3)
              n1: 1968 0x10A527: download_model_from_github (in /home/khanh/A37/A35M/btc_predict)
               n0: 1968 0x10954D: main (in /home/khanh/A37/A35M/btc_predict)
       n0: 480 in 1 place, below massif's threshold (1.00%)
     n0: 384 in 4 places, all below massif's threshold (1.00%)
    n2: 2808 0x4E24344: ??? (in /usr/lib/x86_64-linux-gnu/libcrypto.so.3)
     n1: 2472 0x4E21C8E: OPENSSL_LH_doall_arg (in /usr/lib/x86_64-linux-gnu/libcrypto.so.3)
      n2: 2472 0x4EEA73C: OBJ_NAME_do_all (in /usr/lib/x86_64-linux-gnu/libcrypto.so.3)
       n1: 1968 0x4E23F6F: ??? (in /usr/lib/x86_64-linux-gnu/libcrypto.so.3)
        n1: 1968 0x4DFE5D0: ??? (in /usr/lib/x86_64-linux-gnu/libcrypto.so.3)
         n1: 1968 0x4DFEAE3: ??? (in /usr/lib/x86_64-linux-gnu/libcrypto.so.3)
          n1: 1968 0x4DFC591: EVP_CIPHER_fetch (in /usr/lib/x86_64-linux-gnu/libcrypto.so.3)
           n1: 1968 0x489940A: ??? (in /usr/lib/x86_64-linux-gnu/libssl.so.3)
            n1: 1968 0x488C7E2: ??? (in /usr/lib/x86_64-linux-gnu/libssl.so.3)
             n1: 1968 0x489A8C7: SSL_CTX_new_ex (in /usr/lib/x86_64-linux-gnu/libssl.so.3)
              n1: 1968 0x10A527: download_model_from_github (in /home/khanh/A37/A35M/btc_predict)
               n0: 1968 0x10954D: main (in /home/khanh/A37/A35M/btc_predict)
       n0: 504 in 1 place, below massif's threshold (1.00%)
     n0: 336 in 4 places, all below massif's threshold (1.00%)
    n0: 456 in 5 places, all below massif's threshold (1.00%)
   n0: 864 in 1 place, below massif's threshold (1.00%)
  n2: 5424 0x4EEA520: OBJ_NAME_add (in /usr/lib/x86_64-linux-gnu/libcrypto.so.3)
   n1: 3264 0x4E0C17B: EVP_add_cipher (in /usr/lib/x86_64-linux-gnu/libcrypto.so.3)
    n0: 3264 in 136 places, all below massif's threshold (1.00%)
   n0: 2160 in 56 places, all below massif's threshold (1.00%)
  n0: 240 in 4 places, all below massif's threshold (1.00%)
 n7: 53216 0x4E27844: CRYPTO_zalloc (in /usr/lib/x86_64-linux-gnu/libcrypto.so.3)
  n1: 12416 0x4E34642: ??? (in /usr/lib/x86_64-linux-gnu/libcrypto.so.3)
   n1: 12416 0x4F0A5ED: ??? (in /usr/lib/x86_64-linux-gnu/libcrypto.so.3)
    n1: 12416 0x4DFE09E: ??? (in /usr/lib/x86_64-linux-gnu/libcrypto.so.3)
     n1: 12416 0x4E2354D: ??? (in /usr/lib/x86_64-linux-gnu/libcrypto.so.3)
      n1: 12416 0x4E2323F: ??? (in /usr/lib/x86_64-linux-gnu/libcrypto.so.3)
       n1: 12416 0x4E330F6: ??? (in /usr/lib/x86_64-linux-gnu/libcrypto.so.3)
        n1: 12416 0x4E233B7: ??? (in /usr/lib/x86_64-linux-gnu/libcrypto.so.3)
         n1: 12416 0x4E23758: ??? (in /usr/lib/x86_64-linux-gnu/libcrypto.so.3)
          n1: 12416 0x4DFE804: ??? (in /usr/lib/x86_64-linux-gnu/libcrypto.so.3)
           n1: 12416 0x4DFEAE3: ??? (in /usr/lib/x86_64-linux-gnu/libcrypto.so.3)
            n1: 12416 0x4DFC591: EVP_CIPHER_fetch (in /usr/lib/x86_64-linux-gnu/libcrypto.so.3)
             n1: 12416 0x489940A: ??? (in /usr/lib/x86_64-linux-gnu/libssl.so.3)
              n1: 12416 0x488C7E2: ??? (in /usr/lib/x86_64-linux-gnu/libssl.so.3)
               n1: 12416 0x489A8C7: SSL_CTX_new_ex (in /usr/lib/x86_64-linux-gnu/libssl.so.3)
                n1: 12416 0x10A527: download_model_from_github (in /home/khanh/A37/A35M/btc_predict)
                 n0: 12416 0x10954D: main (in /home/khanh/A37/A35M/btc_predict)
  n1: 11776 0x4DFC503: ??? (in /usr/lib/x86_64-linux-gnu/libcrypto.so.3)
   n1: 11776 0x4DFD976: ??? (in /usr/lib/x86_64-linux-gnu/libcrypto.so.3)
    n1: 11776 0x4DFDF4B: ??? (in /usr/lib/x86_64-linux-gnu/libcrypto.so.3)
     n1: 11776 0x4E23528: ??? (in /usr/lib/x86_64-linux-gnu/libcrypto.so.3)
      n1: 11776 0x4E2323F: ??? (in /usr/lib/x86_64-linux-gnu/libcrypto.so.3)
       n1: 11776 0x4E330F6: ??? (in /usr/lib/x86_64-linux-gnu/libcrypto.so.3)
        n1: 11776 0x4E233B7: ??? (in /usr/lib/x86_64-linux-gnu/libcrypto.so.3)
         n1: 11776 0x4E23758: ??? (in /usr/lib/x86_64-linux-gnu/libcrypto.so.3)
          n1: 11776 0x4DFE804: ??? (in /usr/lib/x86_64-linux-gnu/libcrypto.so.3)
           n1: 11776 0x4DFEAE3: ??? (in /usr/lib/x86_64-linux-gnu/libcrypto.so.3)
            n1: 11776 0x4DFC591: EVP_CIPHER_fetch (in /usr/lib/x86_64-linux-gnu/libcrypto.so.3)
             n1: 11776 0x489940A: ??? (in /usr/lib/x86_64-linux-gnu/libssl.so.3)
              n1: 11776 0x488C7E2: ??? (in /usr/lib/x86_64-linux-gnu/libssl.so.3)
               n1: 11776 0x489A8C7: SSL_CTX_new_ex (in /usr/lib/x86_64-linux-gnu/libssl.so.3)
                n1: 11776 0x10A527: download_model_from_github (in /home/khanh/A37/A35M/btc_predict)
                 n0: 11776 0x10954D: main (in /home/khanh/A37/A35M/btc_predict)
  n0: 9552 in 24 places, all below massif's threshold (1.00%)
  n2: 6272 0x4E2165B: OPENSSL_LH_new (in /usr/lib/x86_64-linux-gnu/libcrypto.so.3)
   n1: 5760 0x4F0A5D2: ??? (in /usr/lib/x86_64-linux-gnu/libcrypto.so.3)
    n1: 5760 0x4DFE09E: ??? (in /usr/lib/x86_64-linux-gnu/libcrypto.so.3)
     n1: 5760 0x4E2354D: ??? (in /usr/lib/x86_64-linux-gnu/libcrypto.so.3)
      n1: 5760 0x4E2323F: ??? (in /usr/lib/x86_64-linux-gnu/libcrypto.so.3)
       n1: 5760 0x4E330F6: ??? (in /usr/lib/x86_64-linux-gnu/libcrypto.so.3)
        n1: 5760 0x4E233B7: ??? (in /usr/lib/x86_64-linux-gnu/libcrypto.so.3)
         n1: 5760 0x4E23758: ??? (in /usr/lib/x86_64-linux-gnu/libcrypto.so.3)
          n1: 5760 0x4DFE804: ??? (in /usr/lib/x86_64-linux-gnu/libcrypto.so.3)
           n1: 5760 0x4DFEAE3: ??? (in /usr/lib/x86_64-linux-gnu/libcrypto.so.3)
            n1: 5760 0x4DFC591: EVP_CIPHER_fetch (in /usr/lib/x86_64-linux-gnu/libcrypto.so.3)
             n1: 5760 0x489940A: ??? (in /usr/lib/x86_64-linux-gnu/libssl.so.3)
              n1: 5760 0x488C7E2: ??? (in /usr/lib/x86_64-linux-gnu/libssl.so.3)
               n1: 5760 0x489A8C7: SSL_CTX_new_ex (in /usr/lib/x86_64-linux-gnu/libssl.so.3)
                n1: 5760 0x10A527: download_model_from_github (in /home/khanh/A37/A35M/btc_predict)
                 n0: 5760 0x10954D: main (in /home/khanh/A37/A35M/btc_predict)
   n0: 512 in 8 places, all below massif's threshold (1.00%)
  n2: 4816 0x4E34703: CRYPTO_THREAD_lock_new (in /usr/lib/x86_64-linux-gnu/libcrypto.so.3)
   n1: 2576 0x4DFC510: ??? (in /usr/lib/x86_64-linux-gnu/libcrypto.so.3)
    n1: 2576 0x4DFD976: ??? (in /usr/lib/x86_64-linux-gnu/libcrypto.so.3)
     n1: 2576 0x4DFDF4B: ??? (in /usr/lib/x86_64-linux-gnu/libcrypto.so.3)
      n1: 2576 0x4E23528: ??? (in /usr/lib/x86_64-linux-gnu/libcrypto.so.3)
       n1: 2576 0x4E2323F: ??? (in /usr/lib/x86_64-linux-gnu/libcrypto.so.3)
        n1: 2576 0x4E330F6: ??? (in /usr/lib/x86_64-linux-gnu/libcrypto.so.3)
         n1: 2576 0x4E233B7: ??? (in /usr/lib/x86_64-linux-gnu/libcrypto.so.3)
          n1: 2576 0x4E23758: ??? (in /usr/lib/x86_64-linux-gnu/libcrypto.so.3)
           n1: 2576 0x4DFE804: ??? (in /usr/lib/x86_64-linux-gnu/libcrypto.so.3)
            n1: 2576 0x4DFEAE3: ??? (in /usr/lib/x86_64-linux-gnu/libcrypto.so.3)
             n1: 2576 0x4DFC591: EVP_CIPHER_fetch (in /usr/lib/x86_64-linux-gnu/libcrypto.so.3)
              n1: 2576 0x489940A: ??? (in /usr/lib/x86_64-linux-gnu/libssl.so.3)
               n1: 2576 0x488C7E2: ??? (in /usr/lib/x86_64-linux-gnu/libssl.so.3)
                n1: 2576 0x489A8C7: SSL_CTX_new_ex (in /usr/lib/x86_64-linux-gnu/libssl.so.3)
                 n1: 2576 0x10A527: download_model_from_github (in /home/khanh/A37/A35M/btc_predict)
                  n0: 2576 0x10954D: main (in /home/khanh/A37/A35M/btc_predict)
   n0: 2240 in 23 places, all below massif's threshold (1.00%)
  n2: 4640 0x4E23976: ??? (in /usr/lib/x86_64-linux-gnu/libcrypto.so.3)
   n1: 4064 0x4E24200: ??? (in /usr/lib/x86_64-linux-gnu/libcrypto.so.3)
    n0: 4064 in 7 places, all below massif's threshold (1.00%)
   n0: 576 in 1 place, below massif's threshold (1.00%)
  n2: 3744 0x4E2163D: OPENSSL_LH_new (in /usr/lib/x86_64-linux-gnu/libcrypto.so.3)
   n1: 3240 0x4F0A5D2: ??? (in /usr/lib/x86_64-linux-gnu/libcrypto.so.3)
    n1: 3240 0x4DFE09E: ??? (in /usr/lib/x86_64-linux-gnu/libcrypto.so.3)
     n1: 3240 0x4E2354D: ??? (in /usr/lib/x86_64-linux-gnu/libcrypto.so.3)
      n1: 3240 0x4E2323F: ??? (in /usr/lib/x86_64-linux-gnu/libcrypto.so.3)
       n1: 3240 0x4E330F6: ??? (in /usr/lib/x86_64-linux-gnu/libcrypto.so.3)
        n1: 3240 0x4E233B7: ??? (in /usr/lib/x86_64-linux-gnu/libcrypto.so.3)
         n1: 3240 0x4E23758: ??? (in /usr/lib/x86_64-linux-gnu/libcrypto.so.3)
          n1: 3240 0x4DFE804: ??? (in /usr/lib/x86_64-linux-gnu/libcrypto.so.3)
           n1: 3240 0x4DFEAE3: ??? (in /usr/lib/x86_64-linux-gnu/libcrypto.so.3)
            n1: 3240 0x4DFC591: EVP_CIPHER_fetch (in /usr/lib/x86_64-linux-gnu/libcrypto.so.3)
             n1: 3240 0x489940A: ??? (in /usr/lib/x86_64-linux-gnu/libssl.so.3)
              n1: 3240 0x488C7E2: ??? (in /usr/lib/x86_64-linux-gnu/libssl.so.3)
               n1: 3240 0x489A8C7: SSL_CTX_new_ex (in /usr/lib/x86_64-linux-gnu/libssl.so.3)
                n1: 3240 0x10A527: download_model_from_github (in /home/khanh/A37/A35M/btc_predict)
                 n0: 3240 0x10954D: main (in /home/khanh/A37/A35M/btc_predict)
   n0: 504 in 8 places, all below massif's threshold (1.00%)
 n3: 11264 0x4E2194F: OPENSSL_LH_insert (in /usr/lib/x86_64-linux-gnu/libcrypto.so.3)
  n2: 8192 0x4DD9062: ??? (in /usr/lib/x86_64-linux-gnu/libcrypto.so.3)
   n2: 8192 0x4DD9320: ERR_load_strings_const (in /usr/lib/x86_64-linux-gnu/libcrypto.so.3)
    n1: 8192 0x4F5D3FB: ??? (in /usr/lib/x86_64-linux-gnu/libcrypto.so.3)
     n1: 8192 0x4DDAB20: ??? (in /usr/lib/x86_64-linux-gnu/libcrypto.so.3)
      n1: 8192 0x4E266FC: ??? (in /usr/lib/x86_64-linux-gnu/libcrypto.so.3)
       n1: 8192 0x4A91ED2: __pthread_once_slow (pthread_once.c:116)
        n1: 8192 0x4E3480C: CRYPTO_THREAD_run_once (in /usr/lib/x86_64-linux-gnu/libcrypto.so.3)
         n1: 8192 0x4E26BEA: OPENSSL_init_crypto (in /usr/lib/x86_64-linux-gnu/libcrypto.so.3)
          n1: 8192 0x4DD997A: ??? (in /usr/lib/x86_64-linux-gnu/libcrypto.so.3)
           n1: 8192 0x4DDA75C: ERR_set_mark (in /usr/lib/x86_64-linux-gnu/libcrypto.so.3)
            n1: 8192 0x4D49DD5: CONF_modules_load_file_ex (in /usr/lib/x86_64-linux-gnu/libcrypto.so.3)
             n1: 8192 0x4D4A1F0: ??? (in /usr/lib/x86_64-linux-gnu/libcrypto.so.3)
              n1: 8192 0x4E2667E: ??? (in /usr/lib/x86_64-linux-gnu/libcrypto.so.3)
               n1: 8192 0x4A91ED2: __pthread_once_slow (pthread_once.c:116)
                n1: 8192 0x4E3480C: CRYPTO_THREAD_run_once (in /usr/lib/x86_64-linux-gnu/libcrypto.so.3)
                 n1: 8192 0x4E26E43: OPENSSL_init_crypto (in /usr/lib/x86_64-linux-gnu/libcrypto.so.3)
                  n1: 8192 0x48906EC: OPENSSL_init_ssl (in /usr/lib/x86_64-linux-gnu/libssl.so.3)
                   n1: 8192 0x10A51A: download_model_from_github (in /home/khanh/A37/A35M/btc_predict)
                    n0: 8192 0x10954D: main (in /home/khanh/A37/A35M/btc_predict)
    n0: 0 in 3 places, all below massif's threshold (1.00%)
   n0: 0 in 2 places, all below massif's threshold (1.00%)
  n2: 2048 0x4E239B0: ??? (in /usr/lib/x86_64-linux-gnu/libcrypto.so.3)
   n1: 2048 0x4E23DA8: ??? (in /usr/lib/x86_64-linux-gnu/libcrypto.so.3)
    n1: 2048 0x4DFDF3B: ??? (in /usr/lib/x86_64-linux-gnu/libcrypto.so.3)
     n1: 2048 0x4E23528: ??? (in /usr/lib/x86_64-linux-gnu/libcrypto.so.3)
      n1: 2048 0x4E2323F: ??? (in /usr/lib/x86_64-linux-gnu/libcrypto.so.3)
       n1: 2048 0x4E330F6: ??? (in /usr/lib/x86_64-linux-gnu/libcrypto.so.3)
        n1: 2048 0x4E233B7: ??? (in /usr/lib/x86_64-linux-gnu/libcrypto.so.3)
         n1: 2048 0x4E23758: ??? (in /usr/lib/x86_64-linux-gnu/libcrypto.so.3)
          n1: 2048 0x4DFE804: ??? (in /usr/lib/x86_64-linux-gnu/libcrypto.so.3)
           n1: 2048 0x4DFEAE3: ??? (in /usr/lib/x86_64-linux-gnu/libcrypto.so.3)
            n1: 2048 0x4DFC591: EVP_CIPHER_fetch (in /usr/lib/x86_64-linux-gnu/libcrypto.so.3)
             n1: 2048 0x489940A: ??? (in /usr/lib/x86_64-linux-gnu/libssl.so.3)
              n1: 2048 0x488C7E2: ??? (in /usr/lib/x86_64-linux-gnu/libssl.so.3)
               n1: 2048 0x489A8C7: SSL_CTX_new_ex (in /usr/lib/x86_64-linux-gnu/libssl.so.3)
                n1: 2048 0x10A527: download_model_from_github (in /home/khanh/A37/A35M/btc_predict)
                 n0: 2048 0x10954D: main (in /home/khanh/A37/A35M/btc_predict)
   n0: 0 in 1 place, below massif's threshold (1.00%)
  n0: 1024 in 2 places, all below massif's threshold (1.00%)
 n1: 5424 0x4EEA4D8: OBJ_NAME_add (in /usr/lib/x86_64-linux-gnu/libcrypto.so.3)
  n0: 5424 in 208 places, all below massif's threshold (1.00%)
 n2: 5045 0x4E29123: CRYPTO_strndup (in /usr/lib/x86_64-linux-gnu/libcrypto.so.3)
  n2: 4476 0x4E23992: ??? (in /usr/lib/x86_64-linux-gnu/libcrypto.so.3)
   n2: 4009 0x4E24200: ??? (in /usr/lib/x86_64-linux-gnu/libcrypto.so.3)
    n2: 2446 0x4E2439C: ??? (in /usr/lib/x86_64-linux-gnu/libcrypto.so.3)
     n1: 2190 0x4E21C8E: OPENSSL_LH_doall_arg (in /usr/lib/x86_64-linux-gnu/libcrypto.so.3)
      n1: 2190 0x4EEA73C: OBJ_NAME_do_all (in /usr/lib/x86_64-linux-gnu/libcrypto.so.3)
       n0: 2190 in 2 places, all below massif's threshold (1.00%)
     n0: 256 in 4 places, all below massif's threshold (1.00%)
    n0: 1563 in 6 places, all below massif's threshold (1.00%)
   n0: 467 in 1 place, below massif's threshold (1.00%)
  n0: 569 in 2 places, all below massif's threshold (1.00%)
 n0: 3861 in 24 places, all below massif's threshold (1.00%)
 n1: 2320 0x4E23B05: ??? (in /usr/lib/x86_64-linux-gnu/libcrypto.so.3)
  n1: 2320 0x4DFD99D: ??? (in /usr/lib/x86_64-linux-gnu/libcrypto.so.3)
   n1: 2320 0x4DFDF4B: ??? (in /usr/lib/x86_64-linux-gnu/libcrypto.so.3)
    n1: 2320 0x4E23528: ??? (in /usr/lib/x86_64-linux-gnu/libcrypto.so.3)
     n1: 2320 0x4E2323F: ??? (in /usr/lib/x86_64-linux-gnu/libcrypto.so.3)
      n1: 2320 0x4E330F6: ??? (in /usr/lib/x86_64-linux-gnu/libcrypto.so.3)
       n1: 2320 0x4E233B7: ??? (in /usr/lib/x86_64-linux-gnu/libcrypto.so.3)
        n1: 2320 0x4E23758: ??? (in /usr/lib/x86_64-linux-gnu/libcrypto.so.3)
         n1: 2320 0x4DFE804: ??? (in /usr/lib/x86_64-linux-gnu/libcrypto.so.3)
          n1: 2320 0x4DFEAE3: ??? (in /usr/lib/x86_64-linux-gnu/libcrypto.so.3)
           n1: 2320 0x4DFC591: EVP_CIPHER_fetch (in /usr/lib/x86_64-linux-gnu/libcrypto.so.3)
            n1: 2320 0x489940A: ??? (in /usr/lib/x86_64-linux-gnu/libssl.so.3)
             n1: 2320 0x488C7E2: ??? (in /usr/lib/x86_64-linux-gnu/libssl.so.3)
              n1: 2320 0x489A8C7: SSL_CTX_new_ex (in /usr/lib/x86_64-linux-gnu/libssl.so.3)
               n1: 2320 0x10A527: download_model_from_github (in /home/khanh/A37/A35M/btc_predict)
                n0: 2320 0x10954D: main (in /home/khanh/A37/A35M/btc_predict)
#-----------
snapshot=14
#-----------
time=7216131
mem_heap_B=153918
mem_heap_extra_B=57282
mem_stacks_B=0
heap_tree=detailed
n8: 153918 (heap allocation functions) malloc/new/new[], --alloc-fns, etc.
 n9: 69720 0x4E27844: CRYPTO_zalloc (in /usr/lib/x86_64-linux-gnu/libcrypto.so.3)
  n1: 17280 0x4E34642: ??? (in /usr/lib/x86_64-linux-gnu/libcrypto.so.3)
   n1: 17280 0x4F0A5ED: ??? (in /usr/lib/x86_64-linux-gnu/libcrypto.so.3)
    n1: 17280 0x4DFE09E: ??? (in /usr/lib/x86_64-linux-gnu/libcrypto.so.3)
     n1: 17280 0x4E2354D: ??? (in /usr/lib/x86_64-linux-gnu/libcrypto.so.3)
      n1: 17280 0x4E2323F: ??? (in /usr/lib/x86_64-linux-gnu/libcrypto.so.3)
       n1: 17280 0x4E330F6: ??? (in /usr/lib/x86_64-linux-gnu/libcrypto.so.3)
        n1: 17280 0x4E233B7: ??? (in /usr/lib/x86_64-linux-gnu/libcrypto.so.3)
         n1: 17280 0x4E23758: ??? (in /usr/lib/x86_64-linux-gnu/libcrypto.so.3)
          n1: 17280 0x4DFE804: ??? (in /usr/lib/x86_64-linux-gnu/libcrypto.so.3)
           n1: 17280 0x4DFEAE3: ??? (in /usr/lib/x86_64-linux-gnu/libcrypto.so.3)
            n1: 17280 0x4DFC591: EVP_CIPHER_fetch (in /usr/lib/x86_64-linux-gnu/libcrypto.so.3)
             n1: 17280 0x489940A: ??? (in /usr/lib/x86_64-linux-gnu/libssl.so.3)
              n1: 17280 0x488C7E2: ??? (in /usr/lib/x86_64-linux-gnu/libssl.so.3)
               n1: 17280 0x489A8C7: SSL_CTX_new_ex (in /usr/lib/x86_64-linux-gnu/libssl.so.3)
                n1: 17280 0x10A527: download_model_from_github (in /home/khanh/A37/A35M/btc_predict)
                 n0: 17280 0x10954D: main (in /home/khanh/A37/A35M/btc_predict)
  n1: 16640 0x4DFC503: ??? (in /usr/lib/x86_64-linux-gnu/libcrypto.so.3)
   n1: 16640 0x4DFD976: ??? (in /usr/lib/x86_64-linux-gnu/libcrypto.so.3)
    n1: 16640 0x4DFDF4B: ??? (in /usr/lib/x86_64-linux-gnu/libcrypto.so.3)
     n1: 16640 0x4E23528: ??? (in /usr/lib/x86_64-linux-gnu/libcrypto.so.3)
      n1: 16640 0x4E2323F: ??? (in /usr/lib/x86_64-linux-gnu/libcrypto.so.3)
       n1: 16640 0x4E330F6: ??? (in /usr/lib/x86_64-linux-gnu/libcrypto.so.3)
        n1: 16640 0x4E233B7: ??? (in /usr/lib/x86_64-linux-gnu/libcrypto.so.3)
         n1: 16640 0x4E23758: ??? (in /usr/lib/x86_64-linux-gnu/libcrypto.so.3)
          n1: 16640 0x4DFE804: ??? (in /usr/lib/x86_64-linux-gnu/libcrypto.so.3)
           n1: 16640 0x4DFEAE3: ??? (in /usr/lib/x86_64-linux-gnu/libcrypto.so.3)
            n1: 16640 0x4DFC591: EVP_CIPHER_fetch (in /usr/lib/x86_64-linux-gnu/libcrypto.so.3)
             n1: 16640 0x489940A: ??? (in /usr/lib/x86_64-linux-gnu/libssl.so.3)
              n1: 16640 0x488C7E2: ??? (in /usr/lib/x86_64-linux-gnu/libssl.so.3)
               n1: 16640 0x489A8C7: SSL_CTX_new_ex (in /usr/lib/x86_64-linux-gnu/libssl.so.3)
                n1: 16640 0x10A527: download_model_from_github (in /home/khanh/A37/A35M/btc_predict)
                 n0: 16640 0x10954D: main (in /home/khanh/A37/A35M/btc_predict)
  n2: 8704 0x4E2165B: OPENSSL_LH_new (in /usr/lib/x86_64-linux-gnu/libcrypto.so.3)
   n1: 8192 0x4F0A5D2: ??? (in /usr/lib/x86_64-linux-gnu/libcrypto.so.3)
    n1: 8192 0x4DFE09E: ??? (in /usr/lib/x86_64-linux-gnu/libcrypto.so.3)
     n1: 8192 0x4E2354D: ??? (in /usr/lib/x86_64-linux-gnu/libcrypto.so.3)
      n1: 8192 0x4E2323F: ??? (in /usr/lib/x86_64-linux-gnu/libcrypto.so.3)
       n1: 8192 0x4E330F6: ??? (in /usr/lib/x86_64-linux-gnu/libcrypto.so.3)
        n1: 8192 0x4E233B7: ??? (in /usr/lib/x86_64-linux-gnu/libcrypto.so.3)
         n1: 8192 0x4E23758: ??? (in /usr/lib/x86_64-linux-gnu/libcrypto.so.3)
          n1: 8192 0x4DFE804: ??? (in /usr/lib/x86_64-linux-gnu/libcrypto.so.3)
           n1: 8192 0x4DFEAE3: ??? (in /usr/lib/x86_64-linux-gnu/libcrypto.so.3)
            n1: 8192 0x4DFC591: EVP_CIPHER_fetch (in /usr/lib/x86_64-linux-gnu/libcrypto.so.3)
             n1: 8192 0x489940A: ??? (in /usr/lib/x86_64-linux-gnu/libssl.so.3)
              n1: 8192 0x488C7E2: ??? (in /usr/lib/x86_64-linux-gnu/libssl.so.3)
               n1: 8192 0x489A8C7: SSL_CTX_new_ex (in /usr/lib/x86_64-linux-gnu/libssl.so.3)
                n1: 8192 0x10A527: download_model_from_github (in /home/khanh/A37/A35M/btc_predict)
                 n0: 8192 0x10954D: main (in /home/khanh/A37/A35M/btc_predict)
   n0: 512 in 8 places, all below massif's threshold (1.00%)
  n0: 6552 in 22 places, all below massif's threshold (1.00%)
  n2: 5880 0x4E34703: CRYPTO_THREAD_lock_new (in /usr/lib/x86_64-linux-gnu/libcrypto.so.3)
   n1: 3640 0x4DFC510: ??? (in /usr/lib/x86_64-linux-gnu/libcrypto.so.3)
    n1: 3640 0x4DFD976: ??? (in /usr/lib/x86_64-linux-gnu/libcrypto.so.3)
     n1: 3640 0x4DFDF4B: ??? (in /usr/lib/x86_64-linux-gnu/libcrypto.so.3)
      n1: 3640 0x4E23528: ??? (in /usr/lib/x86_64-linux-gnu/libcrypto.so.3)
       n1: 3640 0x4E2323F: ??? (in /usr/lib/x86_64-linux-gnu/libcrypto.so.3)
        n1: 3640 0x4E330F6: ??? (in /usr/lib/x86_64-linux-gnu/libcrypto.so.3)
         n1: 3640 0x4E233B7: ??? (in /usr/lib/x86_64-linux-gnu/libcrypto.so.3)
          n1: 3640 0x4E23758: ??? (in /usr/lib/x86_64-linux-gnu/libcrypto.so.3)
           n1: 3640 0x4DFE804: ??? (in /usr/lib/x86_64-linux-gnu/libcrypto.so.3)
            n1: 3640 0x4DFEAE3: ??? (in /usr/lib/x86_64-linux-gnu/libcrypto.so.3)
             n1: 3640 0x4DFC591: EVP_CIPHER_fetch (in /usr/lib/x86_64-linux-gnu/libcrypto.so.3)
              n1: 3640 0x489940A: ??? (in /usr/lib/x86_64-linux-gnu/libssl.so.3)
               n1: 3640 0x488C7E2: ??? (in /usr/lib/x86_64-linux-gnu/libssl.so.3)
                n1: 3640 0x489A8C7: SSL_CTX_new_ex (in /usr/lib/x86_64-linux-gnu/libssl.so.3)
                 n1: 3640 0x10A527: download_model_from_github (in /home/khanh/A37/A35M/btc_predict)
                  n0: 3640 0x10954D: main (in /home/khanh/A37/A35M/btc_predict)
   n0: 2240 in 23 places, all below massif's threshold (1.00%)
  n2: 5112 0x4E2163D: OPENSSL_LH_new (in /usr/lib/x86_64-linux-gnu/libcrypto.so.3)
   n1: 4608 0x4F0A5D2: ??? (in /usr/lib/x86_64-linux-gnu/libcrypto.so.3)
    n1: 4608 0x4DFE09E: ??? (in /usr/lib/x86_64-linux-gnu/libcrypto.so.3)
     n1: 4608 0x4E2354D: ??? (in /usr/lib/x86_64-linux-gnu/libcrypto.so.3)
      n1: 4608 0x4E2323F: ??? (in /usr/lib/x86_64-linux-gnu/libcrypto.so.3)
       n1: 4608 0x4E330F6: ??? (in /usr/lib/x86_64-linux-gnu/libcrypto.so.3)
        n1: 4608 0x4E233B7: ??? (in /usr/lib/x86_64-linux-gnu/libcrypto.so.3)
         n1: 4608 0x4E23758: ??? (in /usr/lib/x86_64-linux-gnu/libcrypto.so.3)
          n1: 4608 0x4DFE804: ??? (in /usr/lib/x86_64-linux-gnu/libcrypto.so.3)
           n1: 4608 0x4DFEAE3: ??? (in /usr/lib/x86_64-linux-gnu/libcrypto.so.3)
            n1: 4608 0x4DFC591: EVP_CIPHER_fetch (in /usr/lib/x86_64-linux-gnu/libcrypto.so.3)
             n1: 4608 0x489940A: ??? (in /usr/lib/x86_64-linux-gnu/libssl.so.3)
              n1: 4608 0x488C7E2: ??? (in /usr/lib/x86_64-linux-gnu/libssl.so.3)
               n1: 4608 0x489A8C7: SSL_CTX_new_ex (in /usr/lib/x86_64-linux-gnu/libssl.so.3)
                n1: 4608 0x10A527: download_model_from_github (in /home/khanh/A37/A35M/btc_predict)
                 n0: 4608 0x10954D: main (in /home/khanh/A37/A35M/btc_predict)
   n0: 504 in 8 places, all below massif's threshold (1.00%)
  n2: 4880 0x4E23976: ??? (in /usr/lib/x86_64-linux-gnu/libcrypto.so.3)
   n1: 4064 0x4E24200: ??? (in /usr/lib/x86_64-linux-gnu/libcrypto.so.3)
    n0: 4064 in 7 places, all below massif's threshold (1.00%)
   n0: 816 in 1 place, below massif's threshold (1.00%)
  n1: 2464 0x4F5184D: OPENSSL_sk_new_reserve (in /usr/lib/x86_64-linux-gnu/libcrypto.so.3)
   n0: 2464 in 16 places, all below massif's threshold (1.00%)
  n1: 2208 0x4F50E12: ??? (in /usr/lib/x86_64-linux-gnu/libcrypto.so.3)
   n1: 2208 0x4F51134: OPENSSL_sk_insert (in /usr/lib/x86_64-linux-gnu/libcrypto.so.3)
    n0: 2208 in 11 places, all below massif's threshold (1.00%)
 n4: 54792 0x4E219A5: OPENSSL_LH_insert (in /usr/lib/x86_64-linux-gnu/libcrypto.so.3)
  n2: 41808 0x4DD9062: ??? (in /usr/lib/x86_64-linux-gnu/libcrypto.so.3)
   n7: 39840 0x4DD9320: ERR_load_strings_const (in /usr/lib/x86_64-linux-gnu/libcrypto.so.3)
    n0: 19440 in 28 places, all below massif's threshold (1.00%)
    n1: 7656 0x48905DB: ??? (in /usr/lib/x86_64-linux-gnu/libssl.so.3)
     n1: 7656 0x489061C: ??? (in /usr/lib/x86_64-linux-gnu/libssl.so.3)
      n1: 7656 0x4A91ED2: __pthread_once_slow (pthread_once.c:116)
       n1: 7656 0x4E3480C: CRYPTO_THREAD_run_once (in /usr/lib/x86_64-linux-gnu/libcrypto.so.3)
        n1: 7656 0x4890754: OPENSSL_init_ssl (in /usr/lib/x86_64-linux-gnu/libssl.so.3)
         n1: 7656 0x489A792: SSL_CTX_new_ex (in /usr/lib/x86_64-linux-gnu/libssl.so.3)
          n1: 7656 0x10A527: download_model_from_github (in /home/khanh/A37/A35M/btc_predict)
           n0: 7656 0x10954D: main (in /home/khanh/A37/A35M/btc_predict)
    n1: 2952 0x4FE569B: ??? (in /usr/lib/x86_64-linux-gnu/libcrypto.so.3)
     n1: 2952 0x4DDAB95: ??? (in /usr/lib/x86_64-linux-gnu/libcrypto.so.3)
      n1: 2952 0x4E266FC: ??? (in /usr/lib/x86_64-linux-gnu/libcrypto.so.3)
       n1: 2952 0x4A91ED2: __pthread_once_slow (pthread_once.c:116)
        n1: 2952 0x4E3480C: CRYPTO_THREAD_run_once (in /usr/lib/x86_64-linux-gnu/libcrypto.so.3)
         n1: 2952 0x4E26BEA: OPENSSL_init_crypto (in /usr/lib/x86_64-linux-gnu/libcrypto.so.3)
          n1: 2952 0x4DD997A: ??? (in /usr/lib/x86_64-linux-gnu/libcrypto.so.3)
           n1: 2952 0x4DDA75C: ERR_set_mark (in /usr/lib/x86_64-linux-gnu/libcrypto.so.3)
            n1: 2952 0x4D49DD5: CONF_modules_load_file_ex (in /usr/lib/x86_64-linux-gnu/libcrypto.so.3)
             n1: 2952 0x4D4A1F0: ??? (in /usr/lib/x86_64-linux-gnu/libcrypto.so.3)
              n1: 2952 0x4E2667E: ??? (in /usr/lib/x86_64-linux-gnu/libcrypto.so.3)
               n1: 2952 0x4A91ED2: __pthread_once_slow (pthread_once.c:116)
                n1: 2952 0x4E3480C: CRYPTO_THREAD_run_once (in /usr/lib/x86_64-linux-gnu/libcrypto.so.3)
                 n1: 2952 0x4E26E43: OPENSSL_init_crypto (in /usr/lib/x86_64-linux-gnu/libcrypto.so.3)
                  n1: 2952 0x48906EC: OPENSSL_init_ssl (in /usr/lib/x86_64-linux-gnu/libssl.so.3)
                   n1: 2952 0x10A51A: download_model_from_github (in /home/khanh/A37/A35M/btc_predict)
                    n0: 2952 0x10954D: main (in /home/khanh/A37/A35M/btc_predict)
    n1: 2760 0x4CD767B: ??? (in /usr/lib/x86_64-linux-gnu/libcrypto.so.3)
     n1: 2760 0x4DDAA6D: ??? (in /usr/lib/x86_64-linux-gnu/libcrypto.so.3)
      n1: 2760 0x4E266FC: ??? (in /usr/lib/x86_64-linux-gnu/libcrypto.so.3)
       n1: 2760 0x4A91ED2: __pthread_once_slow (pthread_once.c:116)
        n1: 2760 0x4E3480C: CRYPTO_THREAD_run_once (in /usr/lib/x86_64-linux-gnu/libcrypto.so.3)
         n1: 2760 0x4E26BEA: OPENSSL_init_crypto (in /usr/lib/x86_64-linux-gnu/libcrypto.so.3)
          n1: 2760 0x4DD997A: ??? (in /usr/lib/x86_64-linux-gnu/libcrypto.so.3)
           n1: 2760 0x4DDA75C: ERR_set_mark (in /usr/lib/x86_64-linux-gnu/libcrypto.so.3)
            n1: 2760 0x4D49DD5: CONF_modules_load_file_ex (in /usr/lib/x86_64-linux-gnu/libcrypto.so.3)
             n1: 2760 0x4D4A1F0: ??? (in /usr/lib/x86_64-linux-gnu/libcrypto.so.3)
              n1: 2760 0x4E2667E: ??? (in /usr/lib/x86_64-linux-gnu/libcrypto.so.3)
               n1: 2760 0x4A91ED2: __pthread_once_slow (pthread_once.c:116)
                n1: 2760 0x4E3480C: CRYPTO_THREAD_run_once (in /usr/lib/x86_64-linux-gnu/libcrypto.so.3)
                 n1: 2760 0x4E26E43: OPENSSL_init_crypto (in /usr/lib/x86_64-linux-gnu/libcrypto.so.3)
                  n1: 2760 0x48906EC: OPENSSL_init_ssl (in /usr/lib/x86_64-linux-gnu/libssl.so.3)
                   n1: 2760 0x10A51A: download_model_from_github (in /home/khanh/A37/A35M/btc_predict)
                    n0: 2760 0x10954D: main (in /home/khanh/A37/A35M/btc_predict)
    n1: 2616 0x4DFDEDB: ??? (in /usr/lib/x86_64-linux-gnu/libcrypto.so.3)
     n1: 2616 0x4DDAA37: ??? (in /usr/lib/x86_64-linux-gnu/libcrypto.so.3)
      n1: 2616 0x4E266FC: ??? (in /usr/lib/x86_64-linux-gnu/libcrypto.so.3)
       n1: 2616 0x4A91ED2: __pthread_once_slow (pthread_once.c:116)
        n1: 2616 0x4E3480C: CRYPTO_THREAD_run_once (in /usr/lib/x86_64-linux-gnu/libcrypto.so.3)
         n1: 2616 0x4E26BEA: OPENSSL_init_crypto (in /usr/lib/x86_64-linux-gnu/libcrypto.so.3)
          n1: 2616 0x4DD997A: ??? (in /usr/lib/x86_64-linux-gnu/libcrypto.so.3)
           n1: 2616 0x4DDA75C: ERR_set_mark (in /usr/lib/x86_64-linux-gnu/libcrypto.so.3)
            n1: 2616 0x4D49DD5: CONF_modules_load_file_ex (in /usr/lib/x86_64-linux-gnu/libcrypto.so.3)
             n1: 2616 0x4D4A1F0: ??? (in /usr/lib/x86_64-linux-gnu/libcrypto.so.3)
              n1: 2616 0x4E2667E: ??? (in /usr/lib/x86_64-linux-gnu/libcrypto.so.3)
               n1: 2616 0x4A91ED2: __pthread_once_slow (pthread_once.c:116)
                n1: 2616 0x4E3480C: CRYPTO_THREAD_run_once (in /usr/lib/x86_64-linux-gnu/libcrypto.so.3)
                 n1: 2616 0x4E26E43: OPENSSL_init_crypto (in /usr/lib/x86_64-linux-gnu/libcrypto.so.3)
                  n1: 2616 0x48906EC: OPENSSL_init_ssl (in /usr/lib/x86_64-linux-gnu/libssl.so.3)
                   n1: 2616 0x10A51A: download_model_from_github (in /home/khanh/A37/A35M/btc_predict)
                    n0: 2616 0x10954D: main (in /home/khanh/A37/A35M/btc_predict)
    n1: 2304 0x4D3BDEB: ??? (in /usr/lib/x86_64-linux-gnu/libcrypto.so.3)
     n1: 2304 0x4DDAB2D: ??? (in /usr/lib/x86_64-linux-gnu/libcrypto.so.3)
      n1: 2304 0x4E266FC: ??? (in /usr/lib/x86_64-linux-gnu/libcrypto.so.3)
       n1: 2304 0x4A91ED2: __pthread_once_slow (pthread_once.c:116)
        n1: 2304 0x4E3480C: CRYPTO_THREAD_run_once (in /usr/lib/x86_64-linux-gnu/libcrypto.so.3)
         n1: 2304 0x4E26BEA: OPENSSL_init_crypto (in /usr/lib/x86_64-linux-gnu/libcrypto.so.3)
          n1: 2304 0x4DD997A: ??? (in /usr/lib/x86_64-linux-gnu/libcrypto.so.3)
           n1: 2304 0x4DDA75C: ERR_set_mark (in /usr/lib/x86_64-linux-gnu/libcrypto.so.3)
            n1: 2304 0x4D49DD5: CONF_modules_load_file_ex (in /usr/lib/x86_64-linux-gnu/libcrypto.so.3)
             n1: 2304 0x4D4A1F0: ??? (in /usr/lib/x86_64-linux-gnu/libcrypto.so.3)
              n1: 2304 0x4E2667E: ??? (in /usr/lib/x86_64-linux-gnu/libcrypto.so.3)
               n1: 2304 0x4A91ED2: __pthread_once_slow (pthread_once.c:116)
                n1: 2304 0x4E3480C: CRYPTO_THREAD_run_once (in /usr/lib/x86_64-linux-gnu/libcrypto.so.3)
                 n1: 2304 0x4E26E43: OPENSSL_init_crypto (in /usr/lib/x86_64-linux-gnu/libcrypto.so.3)
                  n1: 2304 0x48906EC: OPENSSL_init_ssl (in /usr/lib/x86_64-linux-gnu/libssl.so.3)
                   n1: 2304 0x10A51A: download_model_from_github (in /home/khanh/A37/A35M/btc_predict)
                    n0: 2304 0x10954D: main (in /home/khanh/A37/A35M/btc_predict)
    n1: 2112 0x4D2DFDB: ??? (in /usr/lib/x86_64-linux-gnu/libcrypto.so.3)
     n1: 2112 0x4DDAB47: ??? (in /usr/lib/x86_64-linux-gnu/libcrypto.so.3)
      n1: 2112 0x4E266FC: ??? (in /usr/lib/x86_64-linux-gnu/libcrypto.so.3)
       n1: 2112 0x4A91ED2: __pthread_once_slow (pthread_once.c:116)
        n1: 2112 0x4E3480C: CRYPTO_THREAD_run_once (in /usr/lib/x86_64-linux-gnu/libcrypto.so.3)
         n1: 2112 0x4E26BEA: OPENSSL_init_crypto (in /usr/lib/x86_64-linux-gnu/libcrypto.so.3)
          n1: 2112 0x4DD997A: ??? (in /usr/lib/x86_64-linux-gnu/libcrypto.so.3)
           n1: 2112 0x4DDA75C: ERR_set_mark (in /usr/lib/x86_64-linux-gnu/libcrypto.so.3)
            n1: 2112 0x4D49DD5: CONF_modules_load_file_ex (in /usr/lib/x86_64-linux-gnu/libcrypto.so.3)
             n1: 2112 0x4D4A1F0: ??? (in /usr/lib/x86_64-linux-gnu/libcrypto.so.3)
              n1: 2112 0x4E2667E: ??? (in /usr/lib/x86_64-linux-gnu/libcrypto.so.3)
               n1: 2112 0x4A91ED2: __pthread_once_slow (pthread_once.c:116)
                n1: 2112 0x4E3480C: CRYPTO_THREAD_run_once (in /usr/lib/x86_64-linux-gnu/libcrypto.so.3)
                 n1: 2112 0x4E26E43: OPENSSL_init_crypto (in /usr/lib/x86_64-linux-gnu/libcrypto.so.3)
                  n1: 2112 0x48906EC: OPENSSL_init_ssl (in /usr/lib/x86_64-linux-gnu/libssl.so.3)
                   n1: 2112 0x10A51A: download_model_from_github (in /home/khanh/A37/A35M/btc_predict)
                    n0: 2112 0x10954D: main (in /home/khanh/A37/A35M/btc_predict)
   n0: 1968 in 2 places, all below massif's threshold (1.00%)
  n2: 7320 0x4E239B0: ??? (in /usr/lib/x86_64-linux-gnu/libcrypto.so.3)
   n3: 6096 0x4E24200: ??? (in /usr/lib/x86_64-linux-gnu/libcrypto.so.3)
    n2: 2832 0x4E2439C: ??? (in /usr/lib/x86_64-linux-gnu/libcrypto.so.3)
     n1: 2448 0x4E21C8E: OPENSSL_LH_doall_arg (in /usr/lib/x86_64-linux-gnu/libcrypto.so.3)
      n1: 2448 0x4EEA73C: OBJ_NAME_do_all (in /usr/lib/x86_64-linux-gnu/libcrypto.so.3)
       n0: 2448 in 2 places, all below massif's threshold (1.00%)
     n0: 384 in 4 places, all below massif's threshold (1.00%)
    n2: 2808 0x4E24344: ??? (in /usr/lib/x86_64-linux-gnu/libcrypto.so.3)
     n1: 2472 0x4E21C8E: OPENSSL_LH_doall_arg (in /usr/lib/x86_64-linux-gnu/libcrypto.so.3)
      n1: 2472 0x4EEA73C: OBJ_NAME_do_all (in /usr/lib/x86_64-linux-gnu/libcrypto.so.3)
       n0: 2472 in 2 places, all below massif's threshold (1.00%)
     n0: 336 in 4 places, all below massif's threshold (1.00%)
    n0: 456 in 5 places, all below massif's threshold (1.00%)
   n0: 1224 in 1 place, below massif's threshold (1.00%)
  n2: 5424 0x4EEA520: OBJ_NAME_add (in /usr/lib/x86_64-linux-gnu/libcrypto.so.3)
   n1: 3264 0x4E0C17B: EVP_add_cipher (in /usr/lib/x86_64-linux-gnu/libcrypto.so.3)
    n0: 3264 in 136 places, all below massif's threshold (1.00%)
   n0: 2160 in 56 places, all below massif's threshold (1.00%)
  n0: 240 in 4 places, all below massif's threshold (1.00%)
 n2: 11264 0x4E2194F: OPENSSL_LH_insert (in /usr/lib/x86_64-linux-gnu/libcrypto.so.3)
  n2: 8192 0x4DD9062: ??? (in /usr/lib/x86_64-linux-gnu/libcrypto.so.3)
   n2: 8192 0x4DD9320: ERR_load_strings_const (in /usr/lib/x86_64-linux-gnu/libcrypto.so.3)
    n1: 8192 0x4F5D3FB: ??? (in /usr/lib/x86_64-linux-gnu/libcrypto.so.3)
     n1: 8192 0x4DDAB20: ??? (in /usr/lib/x86_64-linux-gnu/libcrypto.so.3)
      n1: 8192 0x4E266FC: ??? (in /usr/lib/x86_64-linux-gnu/libcrypto.so.3)
       n1: 8192 0x4A91ED2: __pthread_once_slow (pthread_once.c:116)
        n1: 8192 0x4E3480C: CRYPTO_THREAD_run_once (in /usr/lib/x86_64-linux-gnu/libcrypto.so.3)
         n1: 8192 0x4E26BEA: OPENSSL_init_crypto (in /usr/lib/x86_64-linux-gnu/libcrypto.so.3)
          n1: 8192 0x4DD997A: ??? (in /usr/lib/x86_64-linux-gnu/libcrypto.so.3)
           n1: 8192 0x4DDA75C: ERR_set_mark (in /usr/lib/x86_64-linux-gnu/libcrypto.so.3)
            n1: 8192 0x4D49DD5: CONF_modules_load_file_ex (in /usr/lib/x86_64-linux-gnu/libcrypto.so.3)
             n1: 8192 0x4D4A1F0: ??? (in /usr/lib/x86_64-linux-gnu/libcrypto.so.3)
              n1: 8192 0x4E2667E: ??? (in /usr/lib/x86_64-linux-gnu/libcrypto.so.3)
               n1: 8192 0x4A91ED2: __pthread_once_slow (pthread_once.c:116)
                n1: 8192 0x4E3480C: CRYPTO_THREAD_run_once (in /usr/lib/x86_64-linux-gnu/libcrypto.so.3)
                 n1: 8192 0x4E26E43: OPENSSL_init_crypto (in /usr/lib/x86_64-linux-gnu/libcrypto.so.3)
                  n1: 8192 0x48906EC: OPENSSL_init_ssl (in /usr/lib/x86_64-linux-gnu/libssl.so.3)
                   n1: 8192 0x10A51A: download_model_from_github (in /home/khanh/A37/A35M/btc_predict)
                    n0: 8192 0x10954D: main (in /home/khanh/A37/A35M/btc_predict)
    n0: 0 in 3 places, all below massif's threshold (1.00%)
   n0: 0 in 2 places, all below massif's threshold (1.00%)
  n0: 3072 in 3 places, all below massif's threshold (1.00%)
 n2: 5657 0x4E29123: CRYPTO_strndup (in /usr/lib/x86_64-linux-gnu/libcrypto.so.3)
  n2: 4765 0x4E23992: ??? (in /usr/lib/x86_64-linux-gnu/libcrypto.so.3)
   n2: 4009 0x4E24200: ??? (in /usr/lib/x86_64-linux-gnu/libcrypto.so.3)
    n2: 2446 0x4E2439C: ??? (in /usr/lib/x86_64-linux-gnu/libcrypto.so.3)
     n1: 2190 0x4E21C8E: OPENSSL_LH_doall_arg (in /usr/lib/x86_64-linux-gnu/libcrypto.so.3)
      n1: 2190 0x4EEA73C: OBJ_NAME_do_all (in /usr/lib/x86_64-linux-gnu/libcrypto.so.3)
       n0: 2190 in 2 places, all below massif's threshold (1.00%)
     n0: 256 in 4 places, all below massif's threshold (1.00%)
    n0: 1563 in 6 places, all below massif's threshold (1.00%)
   n0: 756 in 1 place, below massif's threshold (1.00%)
  n0: 892 in 2 places, all below massif's threshold (1.00%)
 n1: 5424 0x4EEA4D8: OBJ_NAME_add (in /usr/lib/x86_64-linux-gnu/libcrypto.so.3)
  n0: 5424 in 208 places, all below massif's threshold (1.00%)
 n1: 2560 0x4F0A432: ??? (in /usr/lib/x86_64-linux-gnu/libcrypto.so.3)
  n1: 2560 0x4DFE09E: ??? (in /usr/lib/x86_64-linux-gnu/libcrypto.so.3)
   n1: 2560 0x4E2354D: ??? (in /usr/lib/x86_64-linux-gnu/libcrypto.so.3)
    n1: 2560 0x4E2323F: ??? (in /usr/lib/x86_64-linux-gnu/libcrypto.so.3)
     n1: 2560 0x4E330F6: ??? (in /usr/lib/x86_64-linux-gnu/libcrypto.so.3)
      n1: 2560 0x4E233B7: ??? (in /usr/lib/x86_64-linux-gnu/libcrypto.so.3)
       n1: 2560 0x4E23758: ??? (in /usr/lib/x86_64-linux-gnu/libcrypto.so.3)
        n1: 2560 0x4DFE804: ??? (in /usr/lib/x86_64-linux-gnu/libcrypto.so.3)
         n1: 2560 0x4DFEAE3: ??? (in /usr/lib/x86_64-linux-gnu/libcrypto.so.3)
          n1: 2560 0x4DFC591: EVP_CIPHER_fetch (in /usr/lib/x86_64-linux-gnu/libcrypto.so.3)
           n1: 2560 0x489940A: ??? (in /usr/lib/x86_64-linux-gnu/libssl.so.3)
            n1: 2560 0x488C7E2: ??? (in /usr/lib/x86_64-linux-gnu/libssl.so.3)
             n1: 2560 0x489A8C7: SSL_CTX_new_ex (in /usr/lib/x86_64-linux-gnu/libssl.so.3)
              n1: 2560 0x10A527: download_model_from_github (in /home/khanh/A37/A35M/btc_predict)
               n0: 2560 0x10954D: main (in /home/khanh/A37/A35M/btc_predict)
 n1: 2440 0x4E23B05: ??? (in /usr/lib/x86_64-linux-gnu/libcrypto.so.3)
  n1: 2440 0x4DFD99D: ??? (in /usr/lib/x86_64-linux-gnu/libcrypto.so.3)
   n1: 2440 0x4DFDF4B: ??? (in /usr/lib/x86_64-linux-gnu/libcrypto.so.3)
    n1: 2440 0x4E23528: ??? (in /usr/lib/x86_64-linux-gnu/libcrypto.so.3)
     n1: 2440 0x4E2323F: ??? (in /usr/lib/x86_64-linux-gnu/libcrypto.so.3)
      n1: 2440 0x4E330F6: ??? (in /usr/lib/x86_64-linux-gnu/libcrypto.so.3)
       n1: 2440 0x4E233B7: ??? (in /usr/lib/x86_64-linux-gnu/libcrypto.so.3)
        n1: 2440 0x4E23758: ??? (in /usr/lib/x86_64-linux-gnu/libcrypto.so.3)
         n1: 2440 0x4DFE804: ??? (in /usr/lib/x86_64-linux-gnu/libcrypto.so.3)
          n1: 2440 0x4DFEAE3: ??? (in /usr/lib/x86_64-linux-gnu/libcrypto.so.3)
           n1: 2440 0x4DFC591: EVP_CIPHER_fetch (in /usr/lib/x86_64-linux-gnu/libcrypto.so.3)
            n1: 2440 0x489940A: ??? (in /usr/lib/x86_64-linux-gnu/libssl.so.3)
             n1: 2440 0x488C7E2: ??? (in /usr/lib/x86_64-linux-gnu/libssl.so.3)
              n1: 2440 0x489A8C7: SSL_CTX_new_ex (in /usr/lib/x86_64-linux-gnu/libssl.so.3)
               n1: 2440 0x10A527: download_model_from_github (in /home/khanh/A37/A35M/btc_predict)
                n0: 2440 0x10954D: main (in /home/khanh/A37/A35M/btc_predict)
 n0: 2061 in 23 places, all below massif's threshold (1.00%)
#-----------
snapshot=15
#-----------
time=7851796
mem_heap_B=178597
mem_heap_extra_B=61091
mem_stacks_B=0
heap_tree=detailed
n8: 178597 (heap allocation functions) malloc/new/new[], --alloc-fns, etc.
 n9: 92328 0x4E27844: CRYPTO_zalloc (in /usr/lib/x86_64-linux-gnu/libcrypto.so.3)
  n1: 24064 0x4E34642: ??? (in /usr/lib/x86_64-linux-gnu/libcrypto.so.3)
   n1: 24064 0x4F0A5ED: ??? (in /usr/lib/x86_64-linux-gnu/libcrypto.so.3)
    n1: 24064 0x4DFE09E: ??? (in /usr/lib/x86_64-linux-gnu/libcrypto.so.3)
     n1: 24064 0x4E2354D: ??? (in /usr/lib/x86_64-linux-gnu/libcrypto.so.3)
      n1: 24064 0x4E2323F: ??? (in /usr/lib/x86_64-linux-gnu/libcrypto.so.3)
       n1: 24064 0x4E330F6: ??? (in /usr/lib/x86_64-linux-gnu/libcrypto.so.3)
        n1: 24064 0x4E233B7: ??? (in /usr/lib/x86_64-linux-gnu/libcrypto.so.3)
         n1: 24064 0x4E23758: ??? (in /usr/lib/x86_64-linux-gnu/libcrypto.so.3)
          n1: 24064 0x4DFE804: ??? (in /usr/lib/x86_64-linux-gnu/libcrypto.so.3)
           n1: 24064 0x4DFEAE3: ??? (in /usr/lib/x86_64-linux-gnu/libcrypto.so.3)
            n1: 24064 0x4DFC591: EVP_CIPHER_fetch (in /usr/lib/x86_64-linux-gnu/libcrypto.so.3)
             n1: 24064 0x489940A: ??? (in /usr/lib/x86_64-linux-gnu/libssl.so.3)
              n1: 24064 0x488C7E2: ??? (in /usr/lib/x86_64-linux-gnu/libssl.so.3)
               n1: 24064 0x489A8C7: SSL_CTX_new_ex (in /usr/lib/x86_64-linux-gnu/libssl.so.3)
                n1: 24064 0x10A527: download_model_from_github (in /home/khanh/A37/A35M/btc_predict)
                 n0: 24064 0x10954D: main (in /home/khanh/A37/A35M/btc_predict)
  n1: 23296 0x4DFC503: ??? (in /usr/lib/x86_64-linux-gnu/libcrypto.so.3)
   n1: 23296 0x4DFD976: ??? (in /usr/lib/x86_64-linux-gnu/libcrypto.so.3)
    n1: 23296 0x4DFDF4B: ??? (in /usr/lib/x86_64-linux-gnu/libcrypto.so.3)
     n1: 23296 0x4E23528: ??? (in /usr/lib/x86_64-linux-gnu/libcrypto.so.3)
      n1: 23296 0x4E2323F: ??? (in /usr/lib/x86_64-linux-gnu/libcrypto.so.3)
       n1: 23296 0x4E330F6: ??? (in /usr/lib/x86_64-linux-gnu/libcrypto.so.3)
        n1: 23296 0x4E233B7: ??? (in /usr/lib/x86_64-linux-gnu/libcrypto.so.3)
         n1: 23296 0x4E23758: ??? (in /usr/lib/x86_64-linux-gnu/libcrypto.so.3)
          n1: 23296 0x4DFE804: ??? (in /usr/lib/x86_64-linux-gnu/libcrypto.so.3)
           n1: 23296 0x4DFEAE3: ??? (in /usr/lib/x86_64-linux-gnu/libcrypto.so.3)
            n1: 23296 0x4DFC591: EVP_CIPHER_fetch (in /usr/lib/x86_64-linux-gnu/libcrypto.so.3)
             n1: 23296 0x489940A: ??? (in /usr/lib/x86_64-linux-gnu/libssl.so.3)
              n1: 23296 0x488C7E2: ??? (in /usr/lib/x86_64-linux-gnu/libssl.so.3)
               n1: 23296 0x489A8C7: SSL_CTX_new_ex (in /usr/lib/x86_64-linux-gnu/libssl.so.3)
                n1: 23296 0x10A527: download_model_from_github (in /home/khanh/A37/A35M/btc_predict)
                 n0: 23296 0x10954D: main (in /home/khanh/A37/A35M/btc_predict)
  n2: 12032 0x4E2165B: OPENSSL_LH_new (in /usr/lib/x86_64-linux-gnu/libcrypto.so.3)
   n1: 11520 0x4F0A5D2: ??? (in /usr/lib/x86_64-linux-gnu/libcrypto.so.3)
    n1: 11520 0x4DFE09E: ??? (in /usr/lib/x86_64-linux-gnu/libcrypto.so.3)
     n1: 11520 0x4E2354D: ??? (in /usr/lib/x86_64-linux-gnu/libcrypto.so.3)
      n1: 11520 0x4E2323F: ??? (in /usr/lib/x86_64-linux-gnu/libcrypto.so.3)
       n1: 11520 0x4E330F6: ??? (in /usr/lib/x86_64-linux-gnu/libcrypto.so.3)
        n1: 11520 0x4E233B7: ??? (in /usr/lib/x86_64-linux-gnu/libcrypto.so.3)
         n1: 11520 0x4E23758: ??? (in /usr/lib/x86_64-linux-gnu/libcrypto.so.3)
          n1: 11520 0x4DFE804: ??? (in /usr/lib/x86_64-linux-gnu/libcrypto.so.3)
           n1: 11520 0x4DFEAE3: ??? (in /usr/lib/x86_64-linux-gnu/libcrypto.so.3)
            n1: 11520 0x4DFC591: EVP_CIPHER_fetch (in /usr/lib/x86_64-linux-gnu/libcrypto.so.3)
             n1: 11520 0x489940A: ??? (in /usr/lib/x86_64-linux-gnu/libssl.so.3)
              n1: 11520 0x488C7E2: ??? (in /usr/lib/x86_64-linux-gnu/libssl.so.3)
               n1: 11520 0x489A8C7: SSL_CTX_new_ex (in /usr/lib/x86_64-linux-gnu/libssl.so.3)
                n1: 11520 0x10A527: download_model_from_github (in /home/khanh/A37/A35M/btc_predict)
                 n0: 11520 0x10954D: main (in /home/khanh/A37/A35M/btc_predict)
   n0: 512 in 8 places, all below massif's threshold (1.00%)
  n2: 7336 0x4E34703: CRYPTO_THREAD_lock_new (in /usr/lib/x86_64-linux-gnu/libcrypto.so.3)
   n1: 5096 0x4DFC510: ??? (in /usr/lib/x86_64-linux-gnu/libcrypto.so.3)
    n1: 5096 0x4DFD976: ??? (in /usr/lib/x86_64-linux-gnu/libcrypto.so.3)
     n1: 5096 0x4DFDF4B: ??? (in /usr/lib/x86_64-linux-gnu/libcrypto.so.3)
      n1: 5096 0x4E23528: ??? (in /usr/lib/x86_64-linux-gnu/libcrypto.so.3)
       n1: 5096 0x4E2323F: ??? (in /usr/lib/x86_64-linux-gnu/libcrypto.so.3)
        n1: 5096 0x4E330F6: ??? (in /usr/lib/x86_64-linux-gnu/libcrypto.so.3)
         n1: 5096 0x4E233B7: ??? (in /usr/lib/x86_64-linux-gnu/libcrypto.so.3)
          n1: 5096 0x4E23758: ??? (in /usr/lib/x86_64-linux-gnu/libcrypto.so.3)
           n1: 5096 0x4DFE804: ??? (in /usr/lib/x86_64-linux-gnu/libcrypto.so.3)
            n1: 5096 0x4DFEAE3: ??? (in /usr/lib/x86_64-linux-gnu/libcrypto.so.3)
             n1: 5096 0x4DFC591: EVP_CIPHER_fetch (in /usr/lib/x86_64-linux-gnu/libcrypto.so.3)
              n1: 5096 0x489940A: ??? (in /usr/lib/x86_64-linux-gnu/libssl.so.3)
               n1: 5096 0x488C7E2: ??? (in /usr/lib/x86_64-linux-gnu/libssl.so.3)
                n1: 5096 0x489A8C7: SSL_CTX_new_ex (in /usr/lib/x86_64-linux-gnu/libssl.so.3)
                 n1: 5096 0x10A527: download_model_from_github (in /home/khanh/A37/A35M/btc_predict)
                  n0: 5096 0x10954D: main (in /home/khanh/A37/A35M/btc_predict)
   n0: 2240 in 23 places, all below massif's threshold (1.00%)
  n0: 7176 in 22 places, all below massif's threshold (1.00%)
  n2: 6984 0x4E2163D: OPENSSL_LH_new (in /usr/lib/x86_64-linux-gnu/libcrypto.so.3)
   n1: 6480 0x4F0A5D2: ??? (in /usr/lib/x86_64-linux-gnu/libcrypto.so.3)
    n1: 6480 0x4DFE09E: ??? (in /usr/lib/x86_64-linux-gnu/libcrypto.so.3)
     n1: 6480 0x4E2354D: ??? (in /usr/lib/x86_64-linux-gnu/libcrypto.so.3)
      n1: 6480 0x4E2323F: ??? (in /usr/lib/x86_64-linux-gnu/libcrypto.so.3)
       n1: 6480 0x4E330F6: ??? (in /usr/lib/x86_64-linux-gnu/libcrypto.so.3)
        n1: 6480 0x4E233B7: ??? (in /usr/lib/x86_64-linux-gnu/libcrypto.so.3)
         n1: 6480 0x4E23758: ??? (in /usr/lib/x86_64-linux-gnu/libcrypto.so.3)
          n1: 6480 0x4DFE804: ??? (in /usr/lib/x86_64-linux-gnu/libcrypto.so.3)
           n1: 6480 0x4DFEAE3: ??? (in /usr/lib/x86_64-linux-gnu/libcrypto.so.3)
            n1: 6480 0x4DFC591: EVP_CIPHER_fetch (in /usr/lib/x86_64-linux-gnu/libcrypto.so.3)
             n1: 6480 0x489940A: ??? (in /usr/lib/x86_64-linux-gnu/libssl.so.3)
              n1: 6480 0x488C7E2: ??? (in /usr/lib/x86_64-linux-gnu/libssl.so.3)
               n1: 6480 0x489A8C7: SSL_CTX_new_ex (in /usr/lib/x86_64-linux-gnu/libssl.so.3)
                n1: 6480 0x10A527: download_model_from_github (in /home/khanh/A37/A35M/btc_predict)
                 n0: 6480 0x10954D: main (in /home/khanh/A37/A35M/btc_predict)
   n0: 504 in 8 places, all below massif's threshold (1.00%)
  n2: 5104 0x4E23976: ??? (in /usr/lib/x86_64-linux-gnu/libcrypto.so.3)
   n1: 4064 0x4E24200: ??? (in /usr/lib/x86_64-linux-gnu/libcrypto.so.3)
    n0: 4064 in 7 places, all below massif's threshold (1.00%)
   n0: 1040 in 1 place, below massif's threshold (1.00%)
  n2: 3296 0x4F5184D: OPENSSL_sk_new_reserve (in /usr/lib/x86_64-linux-gnu/libcrypto.so.3)
   n1: 2880 0x4F0A5B6: ??? (in /usr/lib/x86_64-linux-gnu/libcrypto.so.3)
    n1: 2880 0x4DFE09E: ??? (in /usr/lib/x86_64-linux-gnu/libcrypto.so.3)
     n1: 2880 0x4E2354D: ??? (in /usr/lib/x86_64-linux-gnu/libcrypto.so.3)
      n1: 2880 0x4E2323F: ??? (in /usr/lib/x86_64-linux-gnu/libcrypto.so.3)
       n1: 2880 0x4E330F6: ??? (in /usr/lib/x86_64-linux-gnu/libcrypto.so.3)
        n1: 2880 0x4E233B7: ??? (in /usr/lib/x86_64-linux-gnu/libcrypto.so.3)
         n1: 2880 0x4E23758: ??? (in /usr/lib/x86_64-linux-gnu/libcrypto.so.3)
          n1: 2880 0x4DFE804: ??? (in /usr/lib/x86_64-linux-gnu/libcrypto.so.3)
           n1: 2880 0x4DFEAE3: ??? (in /usr/lib/x86_64-linux-gnu/libcrypto.so.3)
            n1: 2880 0x4DFC591: EVP_CIPHER_fetch (in /usr/lib/x86_64-linux-gnu/libcrypto.so.3)
             n1: 2880 0x489940A: ??? (in /usr/lib/x86_64-linux-gnu/libssl.so.3)
              n1: 2880 0x488C7E2: ??? (in /usr/lib/x86_64-linux-gnu/libssl.so.3)
               n1: 2880 0x489A8C7: SSL_CTX_new_ex (in /usr/lib/x86_64-linux-gnu/libssl.so.3)
                n1: 2880 0x10A527: download_model_from_github (in /home/khanh/A37/A35M/btc_predict)
                 n0: 2880 0x10954D: main (in /home/khanh/A37/A35M/btc_predict)
   n0: 416 in 15 places, all below massif's threshold (1.00%)
  n1: 3040 0x4F50E12: ??? (in /usr/lib/x86_64-linux-gnu/libcrypto.so.3)
   n2: 3040 0x4F51134: OPENSSL_sk_insert (in /usr/lib/x86_64-linux-gnu/libcrypto.so.3)
    n1: 2880 0x4F0A6AB: ??? (in /usr/lib/x86_64-linux-gnu/libcrypto.so.3)
     n1: 2880 0x4DFE09E: ??? (in /usr/lib/x86_64-linux-gnu/libcrypto.so.3)
      n1: 2880 0x4E2354D: ??? (in /usr/lib/x86_64-linux-gnu/libcrypto.so.3)
       n1: 2880 0x4E2323F: ??? (in /usr/lib/x86_64-linux-gnu/libcrypto.so.3)
        n1: 2880 0x4E330F6: ??? (in /usr/lib/x86_64-linux-gnu/libcrypto.so.3)
         n1: 2880 0x4E233B7: ??? (in /usr/lib/x86_64-linux-gnu/libcrypto.so.3)
          n1: 2880 0x4E23758: ??? (in /usr/lib/x86_64-linux-gnu/libcrypto.so.3)
           n1: 2880 0x4DFE804: ??? (in /usr/lib/x86_64-linux-gnu/libcrypto.so.3)
            n1: 2880 0x4DFEAE3: ??? (in /usr/lib/x86_64-linux-gnu/libcrypto.so.3)
             n1: 2880 0x4DFC591: EVP_CIPHER_fetch (in /usr/lib/x86_64-linux-gnu/libcrypto.so.3)
              n1: 2880 0x489940A: ??? (in /usr/lib/x86_64-linux-gnu/libssl.so.3)
               n1: 2880 0x488C7E2: ??? (in /usr/lib/x86_64-linux-gnu/libssl.so.3)
                n1: 2880 0x489A8C7: SSL_CTX_new_ex (in /usr/lib/x86_64-linux-gnu/libssl.so.3)
                 n1: 2880 0x10A527: download_model_from_github (in /home/khanh/A37/A35M/btc_predict)
                  n0: 2880 0x10954D: main (in /home/khanh/A37/A35M/btc_predict)
    n0: 160 in 10 places, all below massif's threshold (1.00%)
 n4: 55128 0x4E219A5: OPENSSL_LH_insert (in /usr/lib/x86_64-linux-gnu/libcrypto.so.3)
  n2: 41808 0x4DD9062: ??? (in /usr/lib/x86_64-linux-gnu/libcrypto.so.3)
   n5: 39840 0x4DD9320: ERR_load_strings_const (in /usr/lib/x86_64-linux-gnu/libcrypto.so.3)
    n0: 23856 in 30 places, all below massif's threshold (1.00%)
    n1: 7656 0x48905DB: ??? (in /usr/lib/x86_64-linux-gnu/libssl.so.3)
     n1: 7656 0x489061C: ??? (in /usr/lib/x86_64-linux-gnu/libssl.so.3)
      n1: 7656 0x4A91ED2: __pthread_once_slow (pthread_once.c:116)
       n1: 7656 0x4E3480C: CRYPTO_THREAD_run_once (in /usr/lib/x86_64-linux-gnu/libcrypto.so.3)
        n1: 7656 0x4890754: OPENSSL_init_ssl (in /usr/lib/x86_64-linux-gnu/libssl.so.3)
         n1: 7656 0x489A792: SSL_CTX_new_ex (in /usr/lib/x86_64-linux-gnu/libssl.so.3)
          n1: 7656 0x10A527: download_model_from_github (in /home/khanh/A37/A35M/btc_predict)
           n0: 7656 0x10954D: main (in /home/khanh/A37/A35M/btc_predict)
    n1: 2952 0x4FE569B: ??? (in /usr/lib/x86_64-linux-gnu/libcrypto.so.3)
     n1: 2952 0x4DDAB95: ??? (in /usr/lib/x86_64-linux-gnu/libcrypto.so.3)
      n1: 2952 0x4E266FC: ??? (in /usr/lib/x86_64-linux-gnu/libcrypto.so.3)
       n1: 2952 0x4A91ED2: __pthread_once_slow (pthread_once.c:116)
        n1: 2952 0x4E3480C: CRYPTO_THREAD_run_once (in /usr/lib/x86_64-linux-gnu/libcrypto.so.3)
         n1: 2952 0x4E26BEA: OPENSSL_init_crypto (in /usr/lib/x86_64-linux-gnu/libcrypto.so.3)
          n1: 2952 0x4DD997A: ??? (in /usr/lib/x86_64-linux-gnu/libcrypto.so.3)
           n1: 2952 0x4DDA75C: ERR_set_mark (in /usr/lib/x86_64-linux-gnu/libcrypto.so.3)
            n1: 2952 0x4D49DD5: CONF_modules_load_file_ex (in /usr/lib/x86_64-linux-gnu/libcrypto.so.3)
             n1: 2952 0x4D4A1F0: ??? (in /usr/lib/x86_64-linux-gnu/libcrypto.so.3)
              n1: 2952 0x4E2667E: ??? (in /usr/lib/x86_64-linux-gnu/libcrypto.so.3)
               n1: 2952 0x4A91ED2: __pthread_once_slow (pthread_once.c:116)
                n1: 2952 0x4E3480C: CRYPTO_THREAD_run_once (in /usr/lib/x86_64-linux-gnu/libcrypto.so.3)
                 n1: 2952 0x4E26E43: OPENSSL_init_crypto (in /usr/lib/x86_64-linux-gnu/libcrypto.so.3)
                  n1: 2952 0x48906EC: OPENSSL_init_ssl (in /usr/lib/x86_64-linux-gnu/libssl.so.3)
                   n1: 2952 0x10A51A: download_model_from_github (in /home/khanh/A37/A35M/btc_predict)
                    n0: 2952 0x10954D: main (in /home/khanh/A37/A35M/btc_predict)
    n1: 2760 0x4CD767B: ??? (in /usr/lib/x86_64-linux-gnu/libcrypto.so.3)
     n1: 2760 0x4DDAA6D: ??? (in /usr/lib/x86_64-linux-gnu/libcrypto.so.3)
      n1: 2760 0x4E266FC: ??? (in /usr/lib/x86_64-linux-gnu/libcrypto.so.3)
       n1: 2760 0x4A91ED2: __pthread_once_slow (pthread_once.c:116)
        n1: 2760 0x4E3480C: CRYPTO_THREAD_run_once (in /usr/lib/x86_64-linux-gnu/libcrypto.so.3)
         n1: 2760 0x4E26BEA: OPENSSL_init_crypto (in /usr/lib/x86_64-linux-gnu/libcrypto.so.3)
          n1: 2760 0x4DD997A: ??? (in /usr/lib/x86_64-linux-gnu/libcrypto.so.3)
           n1: 2760 0x4DDA75C: ERR_set_mark (in /usr/lib/x86_64-linux-gnu/libcrypto.so.3)
            n1: 2760 0x4D49DD5: CONF_modules_load_file_ex (in /usr/lib/x86_64-linux-gnu/libcrypto.so.3)
             n1: 2760 0x4D4A1F0: ??? (in /usr/lib/x86_64-linux-gnu/libcrypto.so.3)
              n1: 2760 0x4E2667E: ??? (in /usr/lib/x86_64-linux-gnu/libcrypto.so.3)
               n1: 2760 0x4A91ED2: __pthread_once_slow (pthread_once.c:116)
                n1: 2760 0x4E3480C: CRYPTO_THREAD_run_once (in /usr/lib/x86_64-linux-gnu/libcrypto.so.3)
                 n1: 2760 0x4E26E43: OPENSSL_init_crypto (in /usr/lib/x86_64-linux-gnu/libcrypto.so.3)
                  n1: 2760 0x48906EC: OPENSSL_init_ssl (in /usr/lib/x86_64-linux-gnu/libssl.so.3)
                   n1: 2760 0x10A51A: download_model_from_github (in /home/khanh/A37/A35M/btc_predict)
                    n0: 2760 0x10954D: main (in /home/khanh/A37/A35M/btc_predict)
    n1: 2616 0x4DFDEDB: ??? (in /usr/lib/x86_64-linux-gnu/libcrypto.so.3)
     n1: 2616 0x4DDAA37: ??? (in /usr/lib/x86_64-linux-gnu/libcrypto.so.3)
      n1: 2616 0x4E266FC: ??? (in /usr/lib/x86_64-linux-gnu/libcrypto.so.3)
       n1: 2616 0x4A91ED2: __pthread_once_slow (pthread_once.c:116)
        n1: 2616 0x4E3480C: CRYPTO_THREAD_run_once (in /usr/lib/x86_64-linux-gnu/libcrypto.so.3)
         n1: 2616 0x4E26BEA: OPENSSL_init_crypto (in /usr/lib/x86_64-linux-gnu/libcrypto.so.3)
          n1: 2616 0x4DD997A: ??? (in /usr/lib/x86_64-linux-gnu/libcrypto.so.3)
           n1: 2616 0x4DDA75C: ERR_set_mark (in /usr/lib/x86_64-linux-gnu/libcrypto.so.3)
            n1: 2616 0x4D49DD5: CONF_modules_load_file_ex (in /usr/lib/x86_64-linux-gnu/libcrypto.so.3)
             n1: 2616 0x4D4A1F0: ??? (in /usr/lib/x86_64-linux-gnu/libcrypto.so.3)
              n1: 2616 0x4E2667E: ??? (in /usr/lib/x86_64-linux-gnu/libcrypto.so.3)
               n1: 2616 0x4A91ED2: __pthread_once_slow (pthread_once.c:116)
                n1: 2616 0x4E3480C: CRYPTO_THREAD_run_once (in /usr/lib/x86_64-linux-gnu/libcrypto.so.3)
                 n1: 2616 0x4E26E43: OPENSSL_init_crypto (in /usr/lib/x86_64-linux-gnu/libcrypto.so.3)
                  n1: 2616 0x48906EC: OPENSSL_init_ssl (in /usr/lib/x86_64-linux-gnu/libssl.so.3)
                   n1: 2616 0x10A51A: download_model_from_github (in /home/khanh/A37/A35M/btc_predict)
                    n0: 2616 0x10954D: main (in /home/khanh/A37/A35M/btc_predict)
   n0: 1968 in 2 places, all below massif's threshold (1.00%)
  n2: 7656 0x4E239B0: ??? (in /usr/lib/x86_64-linux-gnu/libcrypto.so.3)
   n3: 6096 0x4E24200: ??? (in /usr/lib/x86_64-linux-gnu/libcrypto.so.3)
    n2: 2832 0x4E2439C: ??? (in /usr/lib/x86_64-linux-gnu/libcrypto.so.3)
     n1: 2448 0x4E21C8E: OPENSSL_LH_doall_arg (in /usr/lib/x86_64-linux-gnu/libcrypto.so.3)
      n1: 2448 0x4EEA73C: OBJ_NAME_do_all (in /usr/lib/x86_64-linux-gnu/libcrypto.so.3)
       n0: 2448 in 2 places, all below massif's threshold (1.00%)
     n0: 384 in 4 places, all below massif's threshold (1.00%)
    n2: 2808 0x4E24344: ??? (in /usr/lib/x86_64-linux-gnu/libcrypto.so.3)
     n1: 2472 0x4E21C8E: OPENSSL_LH_doall_arg (in /usr/lib/x86_64-linux-gnu/libcrypto.so.3)
      n1: 2472 0x4EEA73C: OBJ_NAME_do_all (in /usr/lib/x86_64-linux-gnu/libcrypto.so.3)
       n0: 2472 in 2 places, all below massif's threshold (1.00%)
     n0: 336 in 4 places, all below massif's threshold (1.00%)
    n0: 456 in 5 places, all below massif's threshold (1.00%)
   n0: 1560 in 1 place, below massif's threshold (1.00%)
  n2: 5424 0x4EEA520: OBJ_NAME_add (in /usr/lib/x86_64-linux-gnu/libcrypto.so.3)
   n1: 3264 0x4E0C17B: EVP_add_cipher (in /usr/lib/x86_64-linux-gnu/libcrypto.so.3)
    n0: 3264 in 136 places, all below massif's threshold (1.00%)
   n0: 2160 in 56 places, all below massif's threshold (1.00%)
  n0: 240 in 4 places, all below massif's threshold (1.00%)
 n2: 11264 0x4E2194F: OPENSSL_LH_insert (in /usr/lib/x86_64-linux-gnu/libcrypto.so.3)
  n2: 8192 0x4DD9062: ??? (in /usr/lib/x86_64-linux-gnu/libcrypto.so.3)
   n2: 8192 0x4DD9320: ERR_load_strings_const (in /usr/lib/x86_64-linux-gnu/libcrypto.so.3)
    n1: 8192 0x4F5D3FB: ??? (in /usr/lib/x86_64-linux-gnu/libcrypto.so.3)
     n1: 8192 0x4DDAB20: ??? (in /usr/lib/x86_64-linux-gnu/libcrypto.so.3)
      n1: 8192 0x4E266FC: ??? (in /usr/lib/x86_64-linux-gnu/libcrypto.so.3)
       n1: 8192 0x4A91ED2: __pthread_once_slow (pthread_once.c:116)
        n1: 8192 0x4E3480C: CRYPTO_THREAD_run_once (in /usr/lib/x86_64-linux-gnu/libcrypto.so.3)
         n1: 8192 0x4E26BEA: OPENSSL_init_crypto (in /usr/lib/x86_64-linux-gnu/libcrypto.so.3)
          n1: 8192 0x4DD997A: ??? (in /usr/lib/x86_64-linux-gnu/libcrypto.so.3)
           n1: 8192 0x4DDA75C: ERR_set_mark (in /usr/lib/x86_64-linux-gnu/libcrypto.so.3)
            n1: 8192 0x4D49DD5: CONF_modules_load_file_ex (in /usr/lib/x86_64-linux-gnu/libcrypto.so.3)
             n1: 8192 0x4D4A1F0: ??? (in /usr/lib/x86_64-linux-gnu/libcrypto.so.3)
              n1: 8192 0x4E2667E: ??? (in /usr/lib/x86_64-linux-gnu/libcrypto.so.3)
               n1: 8192 0x4A91ED2: __pthread_once_slow (pthread_once.c:116)
                n1: 8192 0x4E3480C: CRYPTO_THREAD_run_once (in /usr/lib/x86_64-linux-gnu/libcrypto.so.3)
                 n1: 8192 0x4E26E43: OPENSSL_init_crypto (in /usr/lib/x86_64-linux-gnu/libcrypto.so.3)
                  n1: 8192 0x48906EC: OPENSSL_init_ssl (in /usr/lib/x86_64-linux-gnu/libssl.so.3)
                   n1: 8192 0x10A51A: download_model_from_github (in /home/khanh/A37/A35M/btc_predict)
                    n0: 8192 0x10954D: main (in /home/khanh/A37/A35M/btc_predict)
    n0: 0 in 3 places, all below massif's threshold (1.00%)
   n0: 0 in 2 places, all below massif's threshold (1.00%)
  n0: 3072 in 3 places, all below massif's threshold (1.00%)
 n2: 6240 0x4E29123: CRYPTO_strndup (in /usr/lib/x86_64-linux-gnu/libcrypto.so.3)
  n2: 4964 0x4E23992: ??? (in /usr/lib/x86_64-linux-gnu/libcrypto.so.3)
   n2: 4009 0x4E24200: ??? (in /usr/lib/x86_64-linux-gnu/libcrypto.so.3)
    n1: 2446 0x4E2439C: ??? (in /usr/lib/x86_64-linux-gnu/libcrypto.so.3)
     n0: 2446 in 5 places, all below massif's threshold (1.00%)
    n0: 1563 in 6 places, all below massif's threshold (1.00%)
   n0: 955 in 1 place, below massif's threshold (1.00%)
  n0: 1276 in 2 places, all below massif's threshold (1.00%)
 n1: 5424 0x4EEA4D8: OBJ_NAME_add (in /usr/lib/x86_64-linux-gnu/libcrypto.so.3)
  n0: 5424 in 208 places, all below massif's threshold (1.00%)
 n1: 3600 0x4F0A432: ??? (in /usr/lib/x86_64-linux-gnu/libcrypto.so.3)
  n1: 3600 0x4DFE09E: ??? (in /usr/lib/x86_64-linux-gnu/libcrypto.so.3)
   n1: 3600 0x4E2354D: ??? (in /usr/lib/x86_64-linux-gnu/libcrypto.so.3)
    n1: 3600 0x4E2323F: ??? (in /usr/lib/x86_64-linux-gnu/libcrypto.so.3)
     n1: 3600 0x4E330F6: ??? (in /usr/lib/x86_64-linux-gnu/libcrypto.so.3)
      n1: 3600 0x4E233B7: ??? (in /usr/lib/x86_64-linux-gnu/libcrypto.so.3)
       n1: 3600 0x4E23758: ??? (in /usr/lib/x86_64-linux-gnu/libcrypto.so.3)
        n1: 3600 0x4DFE804: ??? (in /usr/lib/x86_64-linux-gnu/libcrypto.so.3)
         n1: 3600 0x4DFEAE3: ??? (in /usr/lib/x86_64-linux-gnu/libcrypto.so.3)
          n1: 3600 0x4DFC591: EVP_CIPHER_fetch (in /usr/lib/x86_64-linux-gnu/libcrypto.so.3)
           n1: 3600 0x489940A: ??? (in /usr/lib/x86_64-linux-gnu/libssl.so.3)
            n1: 3600 0x488C7E2: ??? (in /usr/lib/x86_64-linux-gnu/libssl.so.3)
             n1: 3600 0x489A8C7: SSL_CTX_new_ex (in /usr/lib/x86_64-linux-gnu/libssl.so.3)
              n1: 3600 0x10A527: download_model_from_github (in /home/khanh/A37/A35M/btc_predict)
               n0: 3600 0x10954D: main (in /home/khanh/A37/A35M/btc_predict)
 n1: 2552 0x4E23B05: ??? (in /usr/lib/x86_64-linux-gnu/libcrypto.so.3)
  n1: 2552 0x4DFD99D: ??? (in /usr/lib/x86_64-linux-gnu/libcrypto.so.3)
   n1: 2552 0x4DFDF4B: ??? (in /usr/lib/x86_64-linux-gnu/libcrypto.so.3)
    n1: 2552 0x4E23528: ??? (in /usr/lib/x86_64-linux-gnu/libcrypto.so.3)
     n1: 2552 0x4E2323F: ??? (in /usr/lib/x86_64-linux-gnu/libcrypto.so.3)
      n1: 2552 0x4E330F6: ??? (in /usr/lib/x86_64-linux-gnu/libcrypto.so.3)
       n1: 2552 0x4E233B7: ??? (in /usr/lib/x86_64-linux-gnu/libcrypto.so.3)
        n1: 2552 0x4E23758: ??? (in /usr/lib/x86_64-linux-gnu/libcrypto.so.3)
         n1: 2552 0x4DFE804: ??? (in /usr/lib/x86_64-linux-gnu/libcrypto.so.3)
          n1: 2552 0x4DFEAE3: ??? (in /usr/lib/x86_64-linux-gnu/libcrypto.so.3)
           n1: 2552 0x4DFC591: EVP_CIPHER_fetch (in /usr/lib/x86_64-linux-gnu/libcrypto.so.3)
            n1: 2552 0x489940A: ??? (in /usr/lib/x86_64-linux-gnu/libssl.so.3)
             n1: 2552 0x488C7E2: ??? (in /usr/lib/x86_64-linux-gnu/libssl.so.3)
              n1: 2552 0x489A8C7: SSL_CTX_new_ex (in /usr/lib/x86_64-linux-gnu/libssl.so.3)
               n1: 2552 0x10A527: download_model_from_github (in /home/khanh/A37/A35M/btc_predict)
                n0: 2552 0x10954D: main (in /home/khanh/A37/A35M/btc_predict)
 n0: 2061 in 23 places, all below massif's threshold (1.00%)
#-----------
snapshot=16
#-----------
time=8212867
mem_heap_B=192698
mem_heap_extra_B=63382
mem_stacks_B=0
heap_tree=detailed
n8: 192698 (heap allocation functions) malloc/new/new[], --alloc-fns, etc.
 n9: 105264 0x4E27844: CRYPTO_zalloc (in /usr/lib/x86_64-linux-gnu/libcrypto.so.3)
  n1: 27904 0x4E34642: ??? (in /usr/lib/x86_64-linux-gnu/libcrypto.so.3)
   n1: 27904 0x4F0A5ED: ??? (in /usr/lib/x86_64-linux-gnu/libcrypto.so.3)
    n1: 27904 0x4DFE09E: ??? (in /usr/lib/x86_64-linux-gnu/libcrypto.so.3)
     n1: 27904 0x4E2354D: ??? (in /usr/lib/x86_64-linux-gnu/libcrypto.so.3)
      n1: 27904 0x4E2323F: ??? (in /usr/lib/x86_64-linux-gnu/libcrypto.so.3)
       n1: 27904 0x4E330F6: ??? (in /usr/lib/x86_64-linux-gnu/libcrypto.so.3)
        n1: 27904 0x4E233B7: ??? (in /usr/lib/x86_64-linux-gnu/libcrypto.so.3)
         n1: 27904 0x4E23758: ??? (in /usr/lib/x86_64-linux-gnu/libcrypto.so.3)
          n1: 27904 0x4DFE804: ??? (in /usr/lib/x86_64-linux-gnu/libcrypto.so.3)
           n1: 27904 0x4DFEAE3: ??? (in /usr/lib/x86_64-linux-gnu/libcrypto.so.3)
            n1: 27904 0x4DFC591: EVP_CIPHER_fetch (in /usr/lib/x86_64-linux-gnu/libcrypto.so.3)
             n1: 27904 0x489940A: ??? (in /usr/lib/x86_64-linux-gnu/libssl.so.3)
              n1: 27904 0x488C7E2: ??? (in /usr/lib/x86_64-linux-gnu/libssl.so.3)
               n1: 27904 0x489A8C7: SSL_CTX_new_ex (in /usr/lib/x86_64-linux-gnu/libssl.so.3)
                n1: 27904 0x10A527: download_model_from_github (in /home/khanh/A37/A35M/btc_predict)
                 n0: 27904 0x10954D: main (in /home/khanh/A37/A35M/btc_predict)
  n1: 27136 0x4DFC503: ??? (in /usr/lib/x86_64-linux-gnu/libcrypto.so.3)
   n1: 27136 0x4DFD976: ??? (in /usr/lib/x86_64-linux-gnu/libcrypto.so.3)
    n1: 27136 0x4DFDF4B: ??? (in /usr/lib/x86_64-linux-gnu/libcrypto.so.3)
     n1: 27136 0x4E23528: ??? (in /usr/lib/x86_64-linux-gnu/libcrypto.so.3)
      n1: 27136 0x4E2323F: ??? (in /usr/lib/x86_64-linux-gnu/libcrypto.so.3)
       n1: 27136 0x4E330F6: ??? (in /usr/lib/x86_64-linux-gnu/libcrypto.so.3)
        n1: 27136 0x4E233B7: ??? (in /usr/lib/x86_64-linux-gnu/libcrypto.so.3)
         n1: 27136 0x4E23758: ??? (in /usr/lib/x86_64-linux-gnu/libcrypto.so.3)
          n1: 27136 0x4DFE804: ??? (in /usr/lib/x86_64-linux-gnu/libcrypto.so.3)
           n1: 27136 0x4DFEAE3: ??? (in /usr/lib/x86_64-linux-gnu/libcrypto.so.3)
            n1: 27136 0x4DFC591: EVP_CIPHER_fetch (in /usr/lib/x86_64-linux-gnu/libcrypto.so.3)
             n1: 27136 0x489940A: ??? (in /usr/lib/x86_64-linux-gnu/libssl.so.3)
              n1: 27136 0x488C7E2: ??? (in /usr/lib/x86_64-linux-gnu/libssl.so.3)
               n1: 27136 0x489A8C7: SSL_CTX_new_ex (in /usr/lib/x86_64-linux-gnu/libssl.so.3)
                n1: 27136 0x10A527: download_model_from_github (in /home/khanh/A37/A35M/btc_predict)
                 n0: 27136 0x10954D: main (in /home/khanh/A37/A35M/btc_predict)
  n2: 13952 0x4E2165B: OPENSSL_LH_new (in /usr/lib/x86_64-linux-gnu/libcrypto.so.3)
   n1: 13440 0x4F0A5D2: ??? (in /usr/lib/x86_64-linux-gnu/libcrypto.so.3)
    n1: 13440 0x4DFE09E: ??? (in /usr/lib/x86_64-linux-gnu/libcrypto.so.3)
     n1: 13440 0x4E2354D: ??? (in /usr/lib/x86_64-linux-gnu/libcrypto.so.3)
      n1: 13440 0x4E2323F: ??? (in /usr/lib/x86_64-linux-gnu/libcrypto.so.3)
       n1: 13440 0x4E330F6: ??? (in /usr/lib/x86_64-linux-gnu/libcrypto.so.3)
        n1: 13440 0x4E233B7: ??? (in /usr/lib/x86_64-linux-gnu/libcrypto.so.3)
         n1: 13440 0x4E23758: ??? (in /usr/lib/x86_64-linux-gnu/libcrypto.so.3)
          n1: 13440 0x4DFE804: ??? (in /usr/lib/x86_64-linux-gnu/libcrypto.so.3)
           n1: 13440 0x4DFEAE3: ??? (in /usr/lib/x86_64-linux-gnu/libcrypto.so.3)
            n1: 13440 0x4DFC591: EVP_CIPHER_fetch (in /usr/lib/x86_64-linux-gnu/libcrypto.so.3)
             n1: 13440 0x489940A: ??? (in /usr/lib/x86_64-linux-gnu/libssl.so.3)
              n1: 13440 0x488C7E2: ??? (in /usr/lib/x86_64-linux-gnu/libssl.so.3)
               n1: 13440 0x489A8C7: SSL_CTX_new_ex (in /usr/lib/x86_64-linux-gnu/libssl.so.3)
                n1: 13440 0x10A527: download_model_from_github (in /home/khanh/A37/A35M/btc_predict)
                 n0: 13440 0x10954D: main (in /home/khanh/A37/A35M/btc_predict)
   n0: 512 in 8 places, all below massif's threshold (1.00%)
  n2: 8176 0x4E34703: CRYPTO_THREAD_lock_new (in /usr/lib/x86_64-linux-gnu/libcrypto.so.3)
   n1: 5936 0x4DFC510: ??? (in /usr/lib/x86_64-linux-gnu/libcrypto.so.3)
    n1: 5936 0x4DFD976: ??? (in /usr/lib/x86_64-linux-gnu/libcrypto.so.3)
     n1: 5936 0x4DFDF4B: ??? (in /usr/lib/x86_64-linux-gnu/libcrypto.so.3)
      n1: 5936 0x4E23528: ??? (in /usr/lib/x86_64-linux-gnu/libcrypto.so.3)
       n1: 5936 0x4E2323F: ??? (in /usr/lib/x86_64-linux-gnu/libcrypto.so.3)
        n1: 5936 0x4E330F6: ??? (in /usr/lib/x86_64-linux-gnu/libcrypto.so.3)
         n1: 5936 0x4E233B7: ??? (in /usr/lib/x86_64-linux-gnu/libcrypto.so.3)
          n1: 5936 0x4E23758: ??? (in /usr/lib/x86_64-linux-gnu/libcrypto.so.3)
           n1: 5936 0x4DFE804: ??? (in /usr/lib/x86_64-linux-gnu/libcrypto.so.3)
            n1: 5936 0x4DFEAE3: ??? (in /usr/lib/x86_64-linux-gnu/libcrypto.so.3)
             n1: 5936 0x4DFC591: EVP_CIPHER_fetch (in /usr/lib/x86_64-linux-gnu/libcrypto.so.3)
              n1: 5936 0x489940A: ??? (in /usr/lib/x86_64-linux-gnu/libssl.so.3)
               n1: 5936 0x488C7E2: ??? (in /usr/lib/x86_64-linux-gnu/libssl.so.3)
                n1: 5936 0x489A8C7: SSL_CTX_new_ex (in /usr/lib/x86_64-linux-gnu/libssl.so.3)
                 n1: 5936 0x10A527: download_model_from_github (in /home/khanh/A37/A35M/btc_predict)
                  n0: 5936 0x10954D: main (in /home/khanh/A37/A35M/btc_predict)
   n0: 2240 in 23 places, all below massif's threshold (1.00%)
  n2: 8064 0x4E2163D: OPENSSL_LH_new (in /usr/lib/x86_64-linux-gnu/libcrypto.so.3)
   n1: 7560 0x4F0A5D2: ??? (in /usr/lib/x86_64-linux-gnu/libcrypto.so.3)
    n1: 7560 0x4DFE09E: ??? (in /usr/lib/x86_64-linux-gnu/libcrypto.so.3)
     n1: 7560 0x4E2354D: ??? (in /usr/lib/x86_64-linux-gnu/libcrypto.so.3)
      n1: 7560 0x4E2323F: ??? (in /usr/lib/x86_64-linux-gnu/libcrypto.so.3)
       n1: 7560 0x4E330F6: ??? (in /usr/lib/x86_64-linux-gnu/libcrypto.so.3)
        n1: 7560 0x4E233B7: ??? (in /usr/lib/x86_64-linux-gnu/libcrypto.so.3)
         n1: 7560 0x4E23758: ??? (in /usr/lib/x86_64-linux-gnu/libcrypto.so.3)
          n1: 7560 0x4DFE804: ??? (in /usr/lib/x86_64-linux-gnu/libcrypto.so.3)
           n1: 7560 0x4DFEAE3: ??? (in /usr/lib/x86_64-linux-gnu/libcrypto.so.3)
            n1: 7560 0x4DFC591: EVP_CIPHER_fetch (in /usr/lib/x86_64-linux-gnu/libcrypto.so.3)
             n1: 7560 0x489940A: ??? (in /usr/lib/x86_64-linux-gnu/libssl.so.3)
              n1: 7560 0x488C7E2: ??? (in /usr/lib/x86_64-linux-gnu/libssl.so.3)
               n1: 7560 0x489A8C7: SSL_CTX_new_ex (in /usr/lib/x86_64-linux-gnu/libssl.so.3)
                n1: 7560 0x10A527: download_model_from_github (in /home/khanh/A37/A35M/btc_predict)
                 n0: 7560 0x10954D: main (in /home/khanh/A37/A35M/btc_predict)
   n0: 504 in 8 places, all below massif's threshold (1.00%)
  n0: 7536 in 22 places, all below massif's threshold (1.00%)
  n2: 5200 0x4E23976: ??? (in /usr/lib/x86_64-linux-gnu/libcrypto.so.3)
   n1: 4064 0x4E24200: ??? (in /usr/lib/x86_64-linux-gnu/libcrypto.so.3)
    n0: 4064 in 7 places, all below massif's threshold (1.00%)
   n0: 1136 in 1 place, below massif's threshold (1.00%)
  n2: 3776 0x4F5184D: OPENSSL_sk_new_reserve (in /usr/lib/x86_64-linux-gnu/libcrypto.so.3)
   n1: 3360 0x4F0A5B6: ??? (in /usr/lib/x86_64-linux-gnu/libcrypto.so.3)
    n1: 3360 0x4DFE09E: ??? (in /usr/lib/x86_64-linux-gnu/libcrypto.so.3)
     n1: 3360 0x4E2354D: ??? (in /usr/lib/x86_64-linux-gnu/libcrypto.so.3)
      n1: 3360 0x4E2323F: ??? (in /usr/lib/x86_64-linux-gnu/libcrypto.so.3)
       n1: 3360 0x4E330F6: ??? (in /usr/lib/x86_64-linux-gnu/libcrypto.so.3)
        n1: 3360 0x4E233B7: ??? (in /usr/lib/x86_64-linux-gnu/libcrypto.so.3)
         n1: 3360 0x4E23758: ??? (in /usr/lib/x86_64-linux-gnu/libcrypto.so.3)
          n1: 3360 0x4DFE804: ??? (in /usr/lib/x86_64-linux-gnu/libcrypto.so.3)
           n1: 3360 0x4DFEAE3: ??? (in /usr/lib/x86_64-linux-gnu/libcrypto.so.3)
            n1: 3360 0x4DFC591: EVP_CIPHER_fetch (in /usr/lib/x86_64-linux-gnu/libcrypto.so.3)
             n1: 3360 0x489940A: ??? (in /usr/lib/x86_64-linux-gnu/libssl.so.3)
              n1: 3360 0x488C7E2: ??? (in /usr/lib/x86_64-linux-gnu/libssl.so.3)
               n1: 3360 0x489A8C7: SSL_CTX_new_ex (in /usr/lib/x86_64-linux-gnu/libssl.so.3)
                n1: 3360 0x10A527: download_model_from_github (in /home/khanh/A37/A35M/btc_predict)
                 n0: 3360 0x10954D: main (in /home/khanh/A37/A35M/btc_predict)
   n0: 416 in 15 places, all below massif's threshold (1.00%)
  n1: 3520 0x4F50E12: ??? (in /usr/lib/x86_64-linux-gnu/libcrypto.so.3)
   n2: 3520 0x4F51134: OPENSSL_sk_insert (in /usr/lib/x86_64-linux-gnu/libcrypto.so.3)
    n1: 3360 0x4F0A6AB: ??? (in /usr/lib/x86_64-linux-gnu/libcrypto.so.3)
     n1: 3360 0x4DFE09E: ??? (in /usr/lib/x86_64-linux-gnu/libcrypto.so.3)
      n1: 3360 0x4E2354D: ??? (in /usr/lib/x86_64-linux-gnu/libcrypto.so.3)
       n1: 3360 0x4E2323F: ??? (in /usr/lib/x86_64-linux-gnu/libcrypto.so.3)
        n1: 3360 0x4E330F6: ??? (in /usr/lib/x86_64-linux-gnu/libcrypto.so.3)
         n1: 3360 0x4E233B7: ??? (in /usr/lib/x86_64-linux-gnu/libcrypto.so.3)
          n1: 3360 0x4E23758: ??? (in /usr/lib/x86_64-linux-gnu/libcrypto.so.3)
           n1: 3360 0x4DFE804: ??? (in /usr/lib/x86_64-linux-gnu/libcrypto.so.3)
            n1: 3360 0x4DFEAE3: ??? (in /usr/lib/x86_64-linux-gnu/libcrypto.so.3)
             n1: 3360 0x4DFC591: EVP_CIPHER_fetch (in /usr/lib/x86_64-linux-gnu/libcrypto.so.3)
              n1: 3360 0x489940A: ??? (in /usr/lib/x86_64-linux-gnu/libssl.so.3)
               n1: 3360 0x488C7E2: ??? (in /usr/lib/x86_64-linux-gnu/libssl.so.3)
                n1: 3360 0x489A8C7: SSL_CTX_new_ex (in /usr/lib/x86_64-linux-gnu/libssl.so.3)
                 n1: 3360 0x10A527: download_model_from_github (in /home/khanh/A37/A35M/btc_predict)
                  n0: 3360 0x10954D: main (in /home/khanh/A37/A35M/btc_predict)
    n0: 160 in 10 places, all below massif's threshold (1.00%)
 n4: 55272 0x4E219A5: OPENSSL_LH_insert (in /usr/lib/x86_64-linux-gnu/libcrypto.so.3)
  n2: 41808 0x4DD9062: ??? (in /usr/lib/x86_64-linux-gnu/libcrypto.so.3)
   n5: 39840 0x4DD9320: ERR_load_strings_const (in /usr/lib/x86_64-linux-gnu/libcrypto.so.3)
    n0: 23856 in 30 places, all below massif's threshold (1.00%)
    n1: 7656 0x48905DB: ??? (in /usr/lib/x86_64-linux-gnu/libssl.so.3)
     n1: 7656 0x489061C: ??? (in /usr/lib/x86_64-linux-gnu/libssl.so.3)
      n1: 7656 0x4A91ED2: __pthread_once_slow (pthread_once.c:116)
       n1: 7656 0x4E3480C: CRYPTO_THREAD_run_once (in /usr/lib/x86_64-linux-gnu/libcrypto.so.3)
        n1: 7656 0x4890754: OPENSSL_init_ssl (in /usr/lib/x86_64-linux-gnu/libssl.so.3)
         n1: 7656 0x489A792: SSL_CTX_new_ex (in /usr/lib/x86_64-linux-gnu/libssl.so.3)
          n1: 7656 0x10A527: download_model_from_github (in /home/khanh/A37/A35M/btc_predict)
           n0: 7656 0x10954D: main (in /home/khanh/A37/A35M/btc_predict)
    n1: 2952 0x4FE569B: ??? (in /usr/lib/x86_64-linux-gnu/libcrypto.so.3)
     n1: 2952 0x4DDAB95: ??? (in /usr/lib/x86_64-linux-gnu/libcrypto.so.3)
      n1: 2952 0x4E266FC: ??? (in /usr/lib/x86_64-linux-gnu/libcrypto.so.3)
       n1: 2952 0x4A91ED2: __pthread_once_slow (pthread_once.c:116)
        n1: 2952 0x4E3480C: CRYPTO_THREAD_run_once (in /usr/lib/x86_64-linux-gnu/libcrypto.so.3)
         n1: 2952 0x4E26BEA: OPENSSL_init_crypto (in /usr/lib/x86_64-linux-gnu/libcrypto.so.3)
          n1: 2952 0x4DD997A: ??? (in /usr/lib/x86_64-linux-gnu/libcrypto.so.3)
           n1: 2952 0x4DDA75C: ERR_set_mark (in /usr/lib/x86_64-linux-gnu/libcrypto.so.3)
            n1: 2952 0x4D49DD5: CONF_modules_load_file_ex (in /usr/lib/x86_64-linux-gnu/libcrypto.so.3)
             n1: 2952 0x4D4A1F0: ??? (in /usr/lib/x86_64-linux-gnu/libcrypto.so.3)
              n1: 2952 0x4E2667E: ??? (in /usr/lib/x86_64-linux-gnu/libcrypto.so.3)
               n1: 2952 0x4A91ED2: __pthread_once_slow (pthread_once.c:116)
                n1: 2952 0x4E3480C: CRYPTO_THREAD_run_once (in /usr/lib/x86_64-linux-gnu/libcrypto.so.3)
                 n1: 2952 0x4E26E43: OPENSSL_init_crypto (in /usr/lib/x86_64-linux-gnu/libcrypto.so.3)
                  n1: 2952 0x48906EC: OPENSSL_init_ssl (in /usr/lib/x86_64-linux-gnu/libssl.so.3)
                   n1: 2952 0x10A51A: download_model_from_github (in /home/khanh/A37/A35M/btc_predict)
                    n0: 2952 0x10954D: main (in /home/khanh/A37/A35M/btc_predict)
    n1: 2760 0x4CD767B: ??? (in /usr/lib/x86_64-linux-gnu/libcrypto.so.3)
     n1: 2760 0x4DDAA6D: ??? (in /usr/lib/x86_64-linux-gnu/libcrypto.so.3)
      n1: 2760 0x4E266FC: ??? (in /usr/lib/x86_64-linux-gnu/libcrypto.so.3)
       n1: 2760 0x4A91ED2: __pthread_once_slow (pthread_once.c:116)
        n1: 2760 0x4E3480C: CRYPTO_THREAD_run_once (in /usr/lib/x86_64-linux-gnu/libcrypto.so.3)
         n1: 2760 0x4E26BEA: OPENSSL_init_crypto (in /usr/lib/x86_64-linux-gnu/libcrypto.so.3)
          n1: 2760 0x4DD997A: ??? (in /usr/lib/x86_64-linux-gnu/libcrypto.so.3)
           n1: 2760 0x4DDA75C: ERR_set_mark (in /usr/lib/x86_64-linux-gnu/libcrypto.so.3)
            n1: 2760 0x4D49DD5: CONF_modules_load_file_ex (in /usr/lib/x86_64-linux-gnu/libcrypto.so.3)
             n1: 2760 0x4D4A1F0: ??? (in /usr/lib/x86_64-linux-gnu/libcrypto.so.3)
              n1: 2760 0x4E2667E: ??? (in /usr/lib/x86_64-linux-gnu/libcrypto.so.3)
               n1: 2760 0x4A91ED2: __pthread_once_slow (pthread_once.c:116)
                n1: 2760 0x4E3480C: CRYPTO_THREAD_run_once (in /usr/lib/x86_64-linux-gnu/libcrypto.so.3)
                 n1: 2760 0x4E26E43: OPENSSL_init_crypto (in /usr/lib/x86_64-linux-gnu/libcrypto.so.3)
                  n1: 2760 0x48906EC: OPENSSL_init_ssl (in /usr/lib/x86_64-linux-gnu/libssl.so.3)
                   n1: 2760 0x10A51A: download_model_from_github (in /home/khanh/A37/A35M/btc_predict)
                    n0: 2760 0x10954D: main (in /home/khanh/A37/A35M/btc_predict)
    n1: 2616 0x4DFDEDB: ??? (in /usr/lib/x86_64-linux-gnu/libcrypto.so.3)
     n1: 2616 0x4DDAA37: ??? (in /usr/lib/x86_64-linux-gnu/libcrypto.so.3)
      n1: 2616 0x4E266FC: ??? (in /usr/lib/x86_64-linux-gnu/libcrypto.so.3)
       n1: 2616 0x4A91ED2: __pthread_once_slow (pthread_once.c:116)
        n1: 2616 0x4E3480C: CRYPTO_THREAD_run_once (in /usr/lib/x86_64-linux-gnu/libcrypto.so.3)
         n1: 2616 0x4E26BEA: OPENSSL_init_crypto (in /usr/lib/x86_64-linux-gnu/libcrypto.so.3)
          n1: 2616 0x4DD997A: ??? (in /usr/lib/x86_64-linux-gnu/libcrypto.so.3)
           n1: 2616 0x4DDA75C: ERR_set_mark (in /usr/lib/x86_64-linux-gnu/libcrypto.so.3)
            n1: 2616 0x4D49DD5: CONF_modules_load_file_ex (in /usr/lib/x86_64-linux-gnu/libcrypto.so.3)
             n1: 2616 0x4D4A1F0: ??? (in /usr/lib/x86_64-linux-gnu/libcrypto.so.3)
              n1: 2616 0x4E2667E: ??? (in /usr/lib/x86_64-linux-gnu/libcrypto.so.3)
               n1: 2616 0x4A91ED2: __pthread_once_slow (pthread_once.c:116)
                n1: 2616 0x4E3480C: CRYPTO_THREAD_run_once (in /usr/lib/x86_64-linux-gnu/libcrypto.so.3)
                 n1: 2616 0x4E26E43: OPENSSL_init_crypto (in /usr/lib/x86_64-linux-gnu/libcrypto.so.3)
                  n1: 2616 0x48906EC: OPENSSL_init_ssl (in /usr/lib/x86_64-linux-gnu/libssl.so.3)
                   n1: 2616 0x10A51A: download_model_from_github (in /home/khanh/A37/A35M/btc_predict)
                    n0: 2616 0x10954D: main (in /home/khanh/A37/A35M/btc_predict)
   n0: 1968 in 2 places, all below massif's threshold (1.00%)
  n2: 7800 0x4E239B0: ??? (in /usr/lib/x86_64-linux-gnu/libcrypto.so.3)
   n3: 6096 0x4E24200: ??? (in /usr/lib/x86_64-linux-gnu/libcrypto.so.3)
    n1: 2832 0x4E2439C: ??? (in /usr/lib/x86_64-linux-gnu/libcrypto.so.3)
     n0: 2832 in 5 places, all below massif's threshold (1.00%)
    n1: 2808 0x4E24344: ??? (in /usr/lib/x86_64-linux-gnu/libcrypto.so.3)
     n0: 2808 in 5 places, all below massif's threshold (1.00%)
    n0: 456 in 5 places, all below massif's threshold (1.00%)
   n0: 1704 in 1 place, below massif's threshold (1.00%)
  n2: 5424 0x4EEA520: OBJ_NAME_add (in /usr/lib/x86_64-linux-gnu/libcrypto.so.3)
   n1: 3264 0x4E0C17B: EVP_add_cipher (in /usr/lib/x86_64-linux-gnu/libcrypto.so.3)
    n0: 3264 in 136 places, all below massif's threshold (1.00%)
   n0: 2160 in 56 places, all below massif's threshold (1.00%)
  n0: 240 in 4 places, all below massif's threshold (1.00%)
 n2: 11264 0x4E2194F: OPENSSL_LH_insert (in /usr/lib/x86_64-linux-gnu/libcrypto.so.3)
  n2: 8192 0x4DD9062: ??? (in /usr/lib/x86_64-linux-gnu/libcrypto.so.3)
   n2: 8192 0x4DD9320: ERR_load_strings_const (in /usr/lib/x86_64-linux-gnu/libcrypto.so.3)
    n1: 8192 0x4F5D3FB: ??? (in /usr/lib/x86_64-linux-gnu/libcrypto.so.3)
     n1: 8192 0x4DDAB20: ??? (in /usr/lib/x86_64-linux-gnu/libcrypto.so.3)
      n1: 8192 0x4E266FC: ??? (in /usr/lib/x86_64-linux-gnu/libcrypto.so.3)
       n1: 8192 0x4A91ED2: __pthread_once_slow (pthread_once.c:116)
        n1: 8192 0x4E3480C: CRYPTO_THREAD_run_once (in /usr/lib/x86_64-linux-gnu/libcrypto.so.3)
         n1: 8192 0x4E26BEA: OPENSSL_init_crypto (in /usr/lib/x86_64-linux-gnu/libcrypto.so.3)
          n1: 8192 0x4DD997A: ??? (in /usr/lib/x86_64-linux-gnu/libcrypto.so.3)
           n1: 8192 0x4DDA75C: ERR_set_mark (in /usr/lib/x86_64-linux-gnu/libcrypto.so.3)
            n1: 8192 0x4D49DD5: CONF_modules_load_file_ex (in /usr/lib/x86_64-linux-gnu/libcrypto.so.3)
             n1: 8192 0x4D4A1F0: ??? (in /usr/lib/x86_64-linux-gnu/libcrypto.so.3)
              n1: 8192 0x4E2667E: ??? (in /usr/lib/x86_64-linux-gnu/libcrypto.so.3)
               n1: 8192 0x4A91ED2: __pthread_once_slow (pthread_once.c:116)
                n1: 8192 0x4E3480C: CRYPTO_THREAD_run_once (in /usr/lib/x86_64-linux-gnu/libcrypto.so.3)
                 n1: 8192 0x4E26E43: OPENSSL_init_crypto (in /usr/lib/x86_64-linux-gnu/libcrypto.so.3)
                  n1: 8192 0x48906EC: OPENSSL_init_ssl (in /usr/lib/x86_64-linux-gnu/libssl.so.3)
                   n1: 8192 0x10A51A: download_model_from_github (in /home/khanh/A37/A35M/btc_predict)
                    n0: 8192 0x10954D: main (in /home/khanh/A37/A35M/btc_predict)
    n0: 0 in 3 places, all below massif's threshold (1.00%)
   n0: 0 in 2 places, all below massif's threshold (1.00%)
  n0: 3072 in 3 places, all below massif's threshold (1.00%)
 n2: 6613 0x4E29123: CRYPTO_strndup (in /usr/lib/x86_64-linux-gnu/libcrypto.so.3)
  n2: 5072 0x4E23992: ??? (in /usr/lib/x86_64-linux-gnu/libcrypto.so.3)
   n1: 4009 0x4E24200: ??? (in /usr/lib/x86_64-linux-gnu/libcrypto.so.3)
    n0: 4009 in 7 places, all below massif's threshold (1.00%)
   n0: 1063 in 1 place, below massif's threshold (1.00%)
  n0: 1541 in 2 places, all below massif's threshold (1.00%)
 n1: 5424 0x4EEA4D8: OBJ_NAME_add (in /usr/lib/x86_64-linux-gnu/libcrypto.so.3)
  n0: 5424 in 208 places, all below massif's threshold (1.00%)
 n1: 4200 0x4F0A432: ??? (in /usr/lib/x86_64-linux-gnu/libcrypto.so.3)
  n1: 4200 0x4DFE09E: ??? (in /usr/lib/x86_64-linux-gnu/libcrypto.so.3)
   n1: 4200 0x4E2354D: ??? (in /usr/lib/x86_64-linux-gnu/libcrypto.so.3)
    n1: 4200 0x4E2323F: ??? (in /usr/lib/x86_64-linux-gnu/libcrypto.so.3)
     n1: 4200 0x4E330F6: ??? (in /usr/lib/x86_64-linux-gnu/libcrypto.so.3)
      n1: 4200 0x4E233B7: ??? (in /usr/lib/x86_64-linux-gnu/libcrypto.so.3)
       n1: 4200 0x4E23758: ??? (in /usr/lib/x86_64-linux-gnu/libcrypto.so.3)
        n1: 4200 0x4DFE804: ??? (in /usr/lib/x86_64-linux-gnu/libcrypto.so.3)
         n1: 4200 0x4DFEAE3: ??? (in /usr/lib/x86_64-linux-gnu/libcrypto.so.3)
          n1: 4200 0x4DFC591: EVP_CIPHER_fetch (in /usr/lib/x86_64-linux-gnu/libcrypto.so.3)
           n1: 4200 0x489940A: ??? (in /usr/lib/x86_64-linux-gnu/libssl.so.3)
            n1: 4200 0x488C7E2: ??? (in /usr/lib/x86_64-linux-gnu/libssl.so.3)
             n1: 4200 0x489A8C7: SSL_CTX_new_ex (in /usr/lib/x86_64-linux-gnu/libssl.so.3)
              n1: 4200 0x10A527: download_model_from_github (in /home/khanh/A37/A35M/btc_predict)
               n0: 4200 0x10954D: main (in /home/khanh/A37/A35M/btc_predict)
 n1: 2600 0x4E23B05: ??? (in /usr/lib/x86_64-linux-gnu/libcrypto.so.3)
  n1: 2600 0x4DFD99D: ??? (in /usr/lib/x86_64-linux-gnu/libcrypto.so.3)
   n1: 2600 0x4DFDF4B: ??? (in /usr/lib/x86_64-linux-gnu/libcrypto.so.3)
    n1: 2600 0x4E23528: ??? (in /usr/lib/x86_64-linux-gnu/libcrypto.so.3)
     n1: 2600 0x4E2323F: ??? (in /usr/lib/x86_64-linux-gnu/libcrypto.so.3)
      n1: 2600 0x4E330F6: ??? (in /usr/lib/x86_64-linux-gnu/libcrypto.so.3)
       n1: 2600 0x4E233B7: ??? (in /usr/lib/x86_64-linux-gnu/libcrypto.so.3)
        n1: 2600 0x4E23758: ??? (in /usr/lib/x86_64-linux-gnu/libcrypto.so.3)
         n1: 2600 0x4DFE804: ??? (in /usr/lib/x86_64-linux-gnu/libcrypto.so.3)
          n1: 2600 0x4DFEAE3: ??? (in /usr/lib/x86_64-linux-gnu/libcrypto.so.3)
           n1: 2600 0x4DFC591: EVP_CIPHER_fetch (in /usr/lib/x86_64-linux-gnu/libcrypto.so.3)
            n1: 2600 0x489940A: ??? (in /usr/lib/x86_64-linux-gnu/libssl.so.3)
             n1: 2600 0x488C7E2: ??? (in /usr/lib/x86_64-linux-gnu/libssl.so.3)
              n1: 2600 0x489A8C7: SSL_CTX_new_ex (in /usr/lib/x86_64-linux-gnu/libssl.so.3)
               n1: 2600 0x10A527: download_model_from_github (in /home/khanh/A37/A35M/btc_predict)
                n0: 2600 0x10954D: main (in /home/khanh/A37/A35M/btc_predict)
 n0: 2061 in 23 places, all below massif's threshold (1.00%)
#-----------
snapshot=17
#-----------
time=8717239
mem_heap_B=208263
mem_heap_extra_B=67441
mem_stacks_B=0
heap_tree=empty
#-----------
snapshot=18
#-----------
time=9092560
mem_heap_B=218399
mem_heap_extra_B=69025
mem_stacks_B=0
heap_tree=detailed
n7: 218399 (heap allocation functions) malloc/new/new[], --alloc-fns, etc.
 n10: 127320 0x4E27844: CRYPTO_zalloc (in /usr/lib/x86_64-linux-gnu/libcrypto.so.3)
  n1: 34560 0x4E34642: ??? (in /usr/lib/x86_64-linux-gnu/libcrypto.so.3)
   n1: 34560 0x4F0A5ED: ??? (in /usr/lib/x86_64-linux-gnu/libcrypto.so.3)
    n1: 34560 0x4DFE09E: ??? (in /usr/lib/x86_64-linux-gnu/libcrypto.so.3)
     n1: 34560 0x4E2354D: ??? (in /usr/lib/x86_64-linux-gnu/libcrypto.so.3)
      n1: 34560 0x4E2323F: ??? (in /usr/lib/x86_64-linux-gnu/libcrypto.so.3)
       n1: 34560 0x4E330F6: ??? (in /usr/lib/x86_64-linux-gnu/libcrypto.so.3)
        n1: 34560 0x4E233B7: ??? (in /usr/lib/x86_64-linux-gnu/libcrypto.so.3)
         n1: 34560 0x4E23758: ??? (in /usr/lib/x86_64-linux-gnu/libcrypto.so.3)
          n1: 34560 0x4DFE804: ??? (in /usr/lib/x86_64-linux-gnu/libcrypto.so.3)
           n2: 34560 0x4DFEAE3: ??? (in /usr/lib/x86_64-linux-gnu/libcrypto.so.3)
            n1: 32896 0x4DFC591: EVP_CIPHER_fetch (in /usr/lib/x86_64-linux-gnu/libcrypto.so.3)
             n1: 32896 0x489940A: ??? (in /usr/lib/x86_64-linux-gnu/libssl.so.3)
              n1: 32896 0x488C7E2: ??? (in /usr/lib/x86_64-linux-gnu/libssl.so.3)
               n1: 32896 0x489A8C7: SSL_CTX_new_ex (in /usr/lib/x86_64-linux-gnu/libssl.so.3)
                n1: 32896 0x10A527: download_model_from_github (in /home/khanh/A37/A35M/btc_predict)
                 n0: 32896 0x10954D: main (in /home/khanh/A37/A35M/btc_predict)
            n0: 1664 in 1 place, below massif's threshold (1.00%)
  n1: 31744 0x4DFC503: ??? (in /usr/lib/x86_64-linux-gnu/libcrypto.so.3)
   n1: 31744 0x4DFD976: ??? (in /usr/lib/x86_64-linux-gnu/libcrypto.so.3)
    n1: 31744 0x4DFDF4B: ??? (in /usr/lib/x86_64-linux-gnu/libcrypto.so.3)
     n1: 31744 0x4E23528: ??? (in /usr/lib/x86_64-linux-gnu/libcrypto.so.3)
      n1: 31744 0x4E2323F: ??? (in /usr/lib/x86_64-linux-gnu/libcrypto.so.3)
       n1: 31744 0x4E330F6: ??? (in /usr/lib/x86_64-linux-gnu/libcrypto.so.3)
        n1: 31744 0x4E233B7: ??? (in /usr/lib/x86_64-linux-gnu/libcrypto.so.3)
         n1: 31744 0x4E23758: ??? (in /usr/lib/x86_64-linux-gnu/libcrypto.so.3)
          n1: 31744 0x4DFE804: ??? (in /usr/lib/x86_64-linux-gnu/libcrypto.so.3)
           n1: 31744 0x4DFEAE3: ??? (in /usr/lib/x86_64-linux-gnu/libcrypto.so.3)
            n1: 31744 0x4DFC591: EVP_CIPHER_fetch (in /usr/lib/x86_64-linux-gnu/libcrypto.so.3)
             n1: 31744 0x489940A: ??? (in /usr/lib/x86_64-linux-gnu/libssl.so.3)
              n1: 31744 0x488C7E2: ??? (in /usr/lib/x86_64-linux-gnu/libssl.so.3)
               n1: 31744 0x489A8C7: SSL_CTX_new_ex (in /usr/lib/x86_64-linux-gnu/libssl.so.3)
                n1: 31744 0x10A527: download_model_from_github (in /home/khanh/A37/A35M/btc_predict)
                 n0: 31744 0x10954D: main (in /home/khanh/A37/A35M/btc_predict)
  n2: 17152 0x4E2165B: OPENSSL_LH_new (in /usr/lib/x86_64-linux-gnu/libcrypto.so.3)
   n1: 16640 0x4F0A5D2: ??? (in /usr/lib/x86_64-linux-gnu/libcrypto.so.3)
    n1: 16640 0x4DFE09E: ??? (in /usr/lib/x86_64-linux-gnu/libcrypto.so.3)
     n1: 16640 0x4E2354D: ??? (in /usr/lib/x86_64-linux-gnu/libcrypto.so.3)
      n1: 16640 0x4E2323F: ??? (in /usr/lib/x86_64-linux-gnu/libcrypto.so.3)
       n1: 16640 0x4E330F6: ??? (in /usr/lib/x86_64-linux-gnu/libcrypto.so.3)
        n1: 16640 0x4E233B7: ??? (in /usr/lib/x86_64-linux-gnu/libcrypto.so.3)
         n1: 16640 0x4E23758: ??? (in /usr/lib/x86_64-linux-gnu/libcrypto.so.3)
          n1: 16640 0x4DFE804: ??? (in /usr/lib/x86_64-linux-gnu/libcrypto.so.3)
           n2: 16640 0x4DFEAE3: ??? (in /usr/lib/x86_64-linux-gnu/libcrypto.so.3)
            n1: 15872 0x4DFC591: EVP_CIPHER_fetch (in /usr/lib/x86_64-linux-gnu/libcrypto.so.3)
             n1: 15872 0x489940A: ??? (in /usr/lib/x86_64-linux-gnu/libssl.so.3)
              n1: 15872 0x488C7E2: ??? (in /usr/lib/x86_64-linux-gnu/libssl.so.3)
               n1: 15872 0x489A8C7: SSL_CTX_new_ex (in /usr/lib/x86_64-linux-gnu/libssl.so.3)
                n1: 15872 0x10A527: download_model_from_github (in /home/khanh/A37/A35M/btc_predict)
                 n0: 15872 0x10954D: main (in /home/khanh/A37/A35M/btc_predict)
            n0: 768 in 1 place, below massif's threshold (1.00%)
   n0: 512 in 8 places, all below massif's threshold (1.00%)
  n2: 9864 0x4E2163D: OPENSSL_LH_new (in /usr/lib/x86_64-linux-gnu/libcrypto.so.3)
   n1: 9360 0x4F0A5D2: ??? (in /usr/lib/x86_64-linux-gnu/libcrypto.so.3)
    n1: 9360 0x4DFE09E: ??? (in /usr/lib/x86_64-linux-gnu/libcrypto.so.3)
     n1: 9360 0x4E2354D: ??? (in /usr/lib/x86_64-linux-gnu/libcrypto.so.3)
      n1: 9360 0x4E2323F: ??? (in /usr/lib/x86_64-linux-gnu/libcrypto.so.3)
       n1: 9360 0x4E330F6: ??? (in /usr/lib/x86_64-linux-gnu/libcrypto.so.3)
        n1: 9360 0x4E233B7: ??? (in /usr/lib/x86_64-linux-gnu/libcrypto.so.3)
         n1: 9360 0x4E23758: ??? (in /usr/lib/x86_64-linux-gnu/libcrypto.so.3)
          n1: 9360 0x4DFE804: ??? (in /usr/lib/x86_64-linux-gnu/libcrypto.so.3)
           n2: 9360 0x4DFEAE3: ??? (in /usr/lib/x86_64-linux-gnu/libcrypto.so.3)
            n1: 8928 0x4DFC591: EVP_CIPHER_fetch (in /usr/lib/x86_64-linux-gnu/libcrypto.so.3)
             n1: 8928 0x489940A: ??? (in /usr/lib/x86_64-linux-gnu/libssl.so.3)
              n1: 8928 0x488C7E2: ??? (in /usr/lib/x86_64-linux-gnu/libssl.so.3)
               n1: 8928 0x489A8C7: SSL_CTX_new_ex (in /usr/lib/x86_64-linux-gnu/libssl.so.3)
                n1: 8928 0x10A527: download_model_from_github (in /home/khanh/A37/A35M/btc_predict)
                 n0: 8928 0x10954D: main (in /home/khanh/A37/A35M/btc_predict)
            n0: 432 in 1 place, below massif's threshold (1.00%)
   n0: 504 in 8 places, all below massif's threshold (1.00%)
  n2: 9576 0x4E34703: CRYPTO_THREAD_lock_new (in /usr/lib/x86_64-linux-gnu/libcrypto.so.3)
   n1: 6944 0x4DFC510: ??? (in /usr/lib/x86_64-linux-gnu/libcrypto.so.3)
    n1: 6944 0x4DFD976: ??? (in /usr/lib/x86_64-linux-gnu/libcrypto.so.3)
     n1: 6944 0x4DFDF4B: ??? (in /usr/lib/x86_64-linux-gnu/libcrypto.so.3)
      n1: 6944 0x4E23528: ??? (in /usr/lib/x86_64-linux-gnu/libcrypto.so.3)
       n1: 6944 0x4E2323F: ??? (in /usr/lib/x86_64-linux-gnu/libcrypto.so.3)
        n1: 6944 0x4E330F6: ??? (in /usr/lib/x86_64-linux-gnu/libcrypto.so.3)
         n1: 6944 0x4E233B7: ??? (in /usr/lib/x86_64-linux-gnu/libcrypto.so.3)
          n1: 6944 0x4E23758: ??? (in /usr/lib/x86_64-linux-gnu/libcrypto.so.3)
           n1: 6944 0x4DFE804: ??? (in /usr/lib/x86_64-linux-gnu/libcrypto.so.3)
            n1: 6944 0x4DFEAE3: ??? (in /usr/lib/x86_64-linux-gnu/libcrypto.so.3)
             n1: 6944 0x4DFC591: EVP_CIPHER_fetch (in /usr/lib/x86_64-linux-gnu/libcrypto.so.3)
              n1: 6944 0x489940A: ??? (in /usr/lib/x86_64-linux-gnu/libssl.so.3)
               n1: 6944 0x488C7E2: ??? (in /usr/lib/x86_64-linux-gnu/libssl.so.3)
                n1: 6944 0x489A8C7: SSL_CTX_new_ex (in /usr/lib/x86_64-linux-gnu/libssl.so.3)
                 n1: 6944 0x10A527: download_model_from_github (in /home/khanh/A37/A35M/btc_predict)
                  n0: 6944 0x10954D: main (in /home/khanh/A37/A35M/btc_predict)
   n0: 2632 in 24 places, all below massif's threshold (1.00%)
  n0: 6712 in 23 places, all below massif's threshold (1.00%)
  n2: 5696 0x4E23976: ??? (in /usr/lib/x86_64-linux-gnu/libcrypto.so.3)
   n1: 4064 0x4E24200: ??? (in /usr/lib/x86_64-linux-gnu/libcrypto.so.3)
    n0: 4064 in 7 places, all below massif's threshold (1.00%)
   n0: 1632 in 1 place, below massif's threshold (1.00%)
  n2: 4576 0x4F5184D: OPENSSL_sk_new_reserve (in /usr/lib/x86_64-linux-gnu/libcrypto.so.3)
   n1: 4160 0x4F0A5B6: ??? (in /usr/lib/x86_64-linux-gnu/libcrypto.so.3)
    n1: 4160 0x4DFE09E: ??? (in /usr/lib/x86_64-linux-gnu/libcrypto.so.3)
     n1: 4160 0x4E2354D: ??? (in /usr/lib/x86_64-linux-gnu/libcrypto.so.3)
      n1: 4160 0x4E2323F: ??? (in /usr/lib/x86_64-linux-gnu/libcrypto.so.3)
       n1: 4160 0x4E330F6: ??? (in /usr/lib/x86_64-linux-gnu/libcrypto.so.3)
        n1: 4160 0x4E233B7: ??? (in /usr/lib/x86_64-linux-gnu/libcrypto.so.3)
         n1: 4160 0x4E23758: ??? (in /usr/lib/x86_64-linux-gnu/libcrypto.so.3)
          n1: 4160 0x4DFE804: ??? (in /usr/lib/x86_64-linux-gnu/libcrypto.so.3)
           n2: 4160 0x4DFEAE3: ??? (in /usr/lib/x86_64-linux-gnu/libcrypto.so.3)
            n1: 3968 0x4DFC591: EVP_CIPHER_fetch (in /usr/lib/x86_64-linux-gnu/libcrypto.so.3)
             n1: 3968 0x489940A: ??? (in /usr/lib/x86_64-linux-gnu/libssl.so.3)
              n1: 3968 0x488C7E2: ??? (in /usr/lib/x86_64-linux-gnu/libssl.so.3)
               n1: 3968 0x489A8C7: SSL_CTX_new_ex (in /usr/lib/x86_64-linux-gnu/libssl.so.3)
                n1: 3968 0x10A527: download_model_from_github (in /home/khanh/A37/A35M/btc_predict)
                 n0: 3968 0x10954D: main (in /home/khanh/A37/A35M/btc_predict)
            n0: 192 in 1 place, below massif's threshold (1.00%)
   n0: 416 in 16 places, all below massif's threshold (1.00%)
  n1: 4320 0x4F50E12: ??? (in /usr/lib/x86_64-linux-gnu/libcrypto.so.3)
   n2: 4320 0x4F51134: OPENSSL_sk_insert (in /usr/lib/x86_64-linux-gnu/libcrypto.so.3)
    n1: 4160 0x4F0A6AB: ??? (in /usr/lib/x86_64-linux-gnu/libcrypto.so.3)
     n1: 4160 0x4DFE09E: ??? (in /usr/lib/x86_64-linux-gnu/libcrypto.so.3)
      n1: 4160 0x4E2354D: ??? (in /usr/lib/x86_64-linux-gnu/libcrypto.so.3)
       n1: 4160 0x4E2323F: ??? (in /usr/lib/x86_64-linux-gnu/libcrypto.so.3)
        n1: 4160 0x4E330F6: ??? (in /usr/lib/x86_64-linux-gnu/libcrypto.so.3)
         n1: 4160 0x4E233B7: ??? (in /usr/lib/x86_64-linux-gnu/libcrypto.so.3)
          n1: 4160 0x4E23758: ??? (in /usr/lib/x86_64-linux-gnu/libcrypto.so.3)
           n1: 4160 0x4DFE804: ??? (in /usr/lib/x86_64-linux-gnu/libcrypto.so.3)
            n2: 4160 0x4DFEAE3: ??? (in /usr/lib/x86_64-linux-gnu/libcrypto.so.3)
             n1: 3968 0x4DFC591: EVP_CIPHER_fetch (in /usr/lib/x86_64-linux-gnu/libcrypto.so.3)
              n1: 3968 0x489940A: ??? (in /usr/lib/x86_64-linux-gnu/libssl.so.3)
               n1: 3968 0x488C7E2: ??? (in /usr/lib/x86_64-linux-gnu/libssl.so.3)
                n1: 3968 0x489A8C7: SSL_CTX_new_ex (in /usr/lib/x86_64-linux-gnu/libssl.so.3)
                 n1: 3968 0x10A527: download_model_from_github (in /home/khanh/A37/A35M/btc_predict)
                  n0: 3968 0x10954D: main (in /home/khanh/A37/A35M/btc_predict)
             n0: 192 in 1 place, below massif's threshold (1.00%)
    n0: 160 in 10 places, all below massif's threshold (1.00%)
  n1: 3120 0x4F0A5A5: ??? (in /usr/lib/x86_64-linux-gnu/libcrypto.so.3)
   n1: 3120 0x4DFE09E: ??? (in /usr/lib/x86_64-linux-gnu/libcrypto.so.3)
    n1: 3120 0x4E2354D: ??? (in /usr/lib/x86_64-linux-gnu/libcrypto.so.3)
     n1: 3120 0x4E2323F: ??? (in /usr/lib/x86_64-linux-gnu/libcrypto.so.3)
      n1: 3120 0x4E330F6: ??? (in /usr/lib/x86_64-linux-gnu/libcrypto.so.3)
       n1: 3120 0x4E233B7: ??? (in /usr/lib/x86_64-linux-gnu/libcrypto.so.3)
        n1: 3120 0x4E23758: ??? (in /usr/lib/x86_64-linux-gnu/libcrypto.so.3)
         n1: 3120 0x4DFE804: ??? (in /usr/lib/x86_64-linux-gnu/libcrypto.so.3)
          n2: 3120 0x4DFEAE3: ??? (in /usr/lib/x86_64-linux-gnu/libcrypto.so.3)
           n1: 2976 0x4DFC591: EVP_CIPHER_fetch (in /usr/lib/x86_64-linux-gnu/libcrypto.so.3)
            n1: 2976 0x489940A: ??? (in /usr/lib/x86_64-linux-gnu/libssl.so.3)
             n1: 2976 0x488C7E2: ??? (in /usr/lib/x86_64-linux-gnu/libssl.so.3)
              n1: 2976 0x489A8C7: SSL_CTX_new_ex (in /usr/lib/x86_64-linux-gnu/libssl.so.3)
               n1: 2976 0x10A527: download_model_from_github (in /home/khanh/A37/A35M/btc_predict)
                n0: 2976 0x10954D: main (in /home/khanh/A37/A35M/btc_predict)
           n0: 144 in 1 place, below massif's threshold (1.00%)
 n4: 56304 0x4E219A5: OPENSSL_LH_insert (in /usr/lib/x86_64-linux-gnu/libcrypto.so.3)
  n2: 41808 0x4DD9062: ??? (in /usr/lib/x86_64-linux-gnu/libcrypto.so.3)
   n3: 39840 0x4DD9320: ERR_load_strings_const (in /usr/lib/x86_64-linux-gnu/libcrypto.so.3)
    n0: 29232 in 32 places, all below massif's threshold (1.00%)
    n1: 7656 0x48905DB: ??? (in /usr/lib/x86_64-linux-gnu/libssl.so.3)
     n1: 7656 0x489061C: ??? (in /usr/lib/x86_64-linux-gnu/libssl.so.3)
      n1: 7656 0x4A91ED2: __pthread_once_slow (pthread_once.c:116)
       n1: 7656 0x4E3480C: CRYPTO_THREAD_run_once (in /usr/lib/x86_64-linux-gnu/libcrypto.so.3)
        n1: 7656 0x4890754: OPENSSL_init_ssl (in /usr/lib/x86_64-linux-gnu/libssl.so.3)
         n1: 7656 0x489A792: SSL_CTX_new_ex (in /usr/lib/x86_64-linux-gnu/libssl.so.3)
          n1: 7656 0x10A527: download_model_from_github (in /home/khanh/A37/A35M/btc_predict)
           n0: 7656 0x10954D: main (in /home/khanh/A37/A35M/btc_predict)
    n1: 2952 0x4FE569B: ??? (in /usr/lib/x86_64-linux-gnu/libcrypto.so.3)
     n1: 2952 0x4DDAB95: ??? (in /usr/lib/x86_64-linux-gnu/libcrypto.so.3)
      n1: 2952 0x4E266FC: ??? (in /usr/lib/x86_64-linux-gnu/libcrypto.so.3)
       n1: 2952 0x4A91ED2: __pthread_once_slow (pthread_once.c:116)
        n1: 2952 0x4E3480C: CRYPTO_THREAD_run_once (in /usr/lib/x86_64-linux-gnu/libcrypto.so.3)
         n1: 2952 0x4E26BEA: OPENSSL_init_crypto (in /usr/lib/x86_64-linux-gnu/libcrypto.so.3)
          n1: 2952 0x4DD997A: ??? (in /usr/lib/x86_64-linux-gnu/libcrypto.so.3)
           n1: 2952 0x4DDA75C: ERR_set_mark (in /usr/lib/x86_64-linux-gnu/libcrypto.so.3)
            n1: 2952 0x4D49DD5: CONF_modules_load_file_ex (in /usr/lib/x86_64-linux-gnu/libcrypto.so.3)
             n1: 2952 0x4D4A1F0: ??? (in /usr/lib/x86_64-linux-gnu/libcrypto.so.3)
              n1: 2952 0x4E2667E: ??? (in /usr/lib/x86_64-linux-gnu/libcrypto.so.3)
               n1: 2952 0x4A91ED2: __pthread_once_slow (pthread_once.c:116)
                n1: 2952 0x4E3480C: CRYPTO_THREAD_run_once (in /usr/lib/x86_64-linux-gnu/libcrypto.so.3)
                 n1: 2952 0x4E26E43: OPENSSL_init_crypto (in /usr/lib/x86_64-linux-gnu/libcrypto.so.3)
                  n1: 2952 0x48906EC: OPENSSL_init_ssl (in /usr/lib/x86_64-linux-gnu/libssl.so.3)
                   n1: 2952 0x10A51A: download_model_from_github (in /home/khanh/A37/A35M/btc_predict)
                    n0: 2952 0x10954D: main (in /home/khanh/A37/A35M/btc_predict)
   n0: 1968 in 2 places, all below massif's threshold (1.00%)
  n2: 8544 0x4E239B0: ??? (in /usr/lib/x86_64-linux-gnu/libcrypto.so.3)
   n1: 6096 0x4E24200: ??? (in /usr/lib/x86_64-linux-gnu/libcrypto.so.3)
    n0: 6096 in 7 places, all below massif's threshold (1.00%)
   n0: 2448 in 1 place, below massif's threshold (1.00%)
  n2: 5424 0x4EEA520: OBJ_NAME_add (in /usr/lib/x86_64-linux-gnu/libcrypto.so.3)
   n1: 3264 0x4E0C17B: EVP_add_cipher (in /usr/lib/x86_64-linux-gnu/libcrypto.so.3)
    n0: 3264 in 136 places, all below massif's threshold (1.00%)
   n0: 2160 in 56 places, all below massif's threshold (1.00%)
  n0: 528 in 5 places, all below massif's threshold (1.00%)
 n2: 11264 0x4E2194F: OPENSSL_LH_insert (in /usr/lib/x86_64-linux-gnu/libcrypto.so.3)
  n2: 8192 0x4DD9062: ??? (in /usr/lib/x86_64-linux-gnu/libcrypto.so.3)
   n2: 8192 0x4DD9320: ERR_load_strings_const (in /usr/lib/x86_64-linux-gnu/libcrypto.so.3)
    n1: 8192 0x4F5D3FB: ??? (in /usr/lib/x86_64-linux-gnu/libcrypto.so.3)
     n1: 8192 0x4DDAB20: ??? (in /usr/lib/x86_64-linux-gnu/libcrypto.so.3)
      n1: 8192 0x4E266FC: ??? (in /usr/lib/x86_64-linux-gnu/libcrypto.so.3)
       n1: 8192 0x4A91ED2: __pthread_once_slow (pthread_once.c:116)
        n1: 8192 0x4E3480C: CRYPTO_THREAD_run_once (in /usr/lib/x86_64-linux-gnu/libcrypto.so.3)
         n1: 8192 0x4E26BEA: OPENSSL_init_crypto (in /usr/lib/x86_64-linux-gnu/libcrypto.so.3)
          n1: 8192 0x4DD997A: ??? (in /usr/lib/x86_64-linux-gnu/libcrypto.so.3)
           n1: 8192 0x4DDA75C: ERR_set_mark (in /usr/lib/x86_64-linux-gnu/libcrypto.so.3)
            n1: 8192 0x4D49DD5: CONF_modules_load_file_ex (in /usr/lib/x86_64-linux-gnu/libcrypto.so.3)
             n1: 8192 0x4D4A1F0: ??? (in /usr/lib/x86_64-linux-gnu/libcrypto.so.3)
              n1: 8192 0x4E2667E: ??? (in /usr/lib/x86_64-linux-gnu/libcrypto.so.3)
               n1: 8192 0x4A91ED2: __pthread_once_slow (pthread_once.c:116)
                n1: 8192 0x4E3480C: CRYPTO_THREAD_run_once (in /usr/lib/x86_64-linux-gnu/libcrypto.so.3)
                 n1: 8192 0x4E26E43: OPENSSL_init_crypto (in /usr/lib/x86_64-linux-gnu/libcrypto.so.3)
                  n1: 8192 0x48906EC: OPENSSL_init_ssl (in /usr/lib/x86_64-linux-gnu/libssl.so.3)
                   n1: 8192 0x10A51A: download_model_from_github (in /home/khanh/A37/A35M/btc_predict)
                    n0: 8192 0x10954D: main (in /home/khanh/A37/A35M/btc_predict)
    n0: 0 in 3 places, all below massif's threshold (1.00%)
   n0: 0 in 2 places, all below massif's threshold (1.00%)
  n0: 3072 in 3 places, all below massif's threshold (1.00%)
 n2: 7215 0x4E29123: CRYPTO_strndup (in /usr/lib/x86_64-linux-gnu/libcrypto.so.3)
  n2: 5398 0x4E23992: ??? (in /usr/lib/x86_64-linux-gnu/libcrypto.so.3)
   n1: 4009 0x4E24200: ??? (in /usr/lib/x86_64-linux-gnu/libcrypto.so.3)
    n0: 4009 in 7 places, all below massif's threshold (1.00%)
   n0: 1389 in 1 place, below massif's threshold (1.00%)
  n0: 1817 in 2 places, all below massif's threshold (1.00%)
 n0: 5672 in 29 places, all below massif's threshold (1.00%)
 n1: 5424 0x4EEA4D8: OBJ_NAME_add (in /usr/lib/x86_64-linux-gnu/libcrypto.so.3)
  n0: 5424 in 208 places, all below massif's threshold (1.00%)
 n1: 5200 0x4F0A432: ??? (in /usr/lib/x86_64-linux-gnu/libcrypto.so.3)
  n1: 5200 0x4DFE09E: ??? (in /usr/lib/x86_64-linux-gnu/libcrypto.so.3)
   n1: 5200 0x4E2354D: ??? (in /usr/lib/x86_64-linux-gnu/libcrypto.so.3)
    n1: 5200 0x4E2323F: ??? (in /usr/lib/x86_64-linux-gnu/libcrypto.so.3)
     n1: 5200 0x4E330F6: ??? (in /usr/lib/x86_64-linux-gnu/libcrypto.so.3)
      n1: 5200 0x4E233B7: ??? (in /usr/lib/x86_64-linux-gnu/libcrypto.so.3)
       n1: 5200 0x4E23758: ??? (in /usr/lib/x86_64-linux-gnu/libcrypto.so.3)
        n1: 5200 0x4DFE804: ??? (in /usr/lib/x86_64-linux-gnu/libcrypto.so.3)
         n2: 5200 0x4DFEAE3: ??? (in /usr/lib/x86_64-linux-gnu/libcrypto.so.3)
          n1: 4960 0x4DFC591: EVP_CIPHER_fetch (in /usr/lib/x86_64-linux-gnu/libcrypto.so.3)
           n1: 4960 0x489940A: ??? (in /usr/lib/x86_64-linux-gnu/libssl.so.3)
            n1: 4960 0x488C7E2: ??? (in /usr/lib/x86_64-linux-gnu/libssl.so.3)
             n1: 4960 0x489A8C7: SSL_CTX_new_ex (in /usr/lib/x86_64-linux-gnu/libssl.so.3)
              n1: 4960 0x10A527: download_model_from_github (in /home/khanh/A37/A35M/btc_predict)
               n0: 4960 0x10954D: main (in /home/khanh/A37/A35M/btc_predict)
          n0: 240 in 1 place, below massif's threshold (1.00%)
#-----------
snapshot=19
#-----------
time=9737605
mem_heap_B=240376
mem_heap_extra_B=73368
mem_stacks_B=0
heap_tree=detailed
n7: 240376 (heap allocation functions) malloc/new/new[], --alloc-fns, etc.
 n11: 149688 0x4E27844: CRYPTO_zalloc (in /usr/lib/x86_64-linux-gnu/libcrypto.so.3)
  n1: 41216 0x4E34642: ??? (in /usr/lib/x86_64-linux-gnu/libcrypto.so.3)
   n1: 41216 0x4F0A5ED: ??? (in /usr/lib/x86_64-linux-gnu/libcrypto.so.3)
    n1: 41216 0x4DFE09E: ??? (in /usr/lib/x86_64-linux-gnu/libcrypto.so.3)
     n1: 41216 0x4E2354D: ??? (in /usr/lib/x86_64-linux-gnu/libcrypto.so.3)
      n1: 41216 0x4E2323F: ??? (in /usr/lib/x86_64-linux-gnu/libcrypto.so.3)
       n1: 41216 0x4E330F6: ??? (in /usr/lib/x86_64-linux-gnu/libcrypto.so.3)
        n1: 41216 0x4E233B7: ??? (in /usr/lib/x86_64-linux-gnu/libcrypto.so.3)
         n1: 41216 0x4E23758: ??? (in /usr/lib/x86_64-linux-gnu/libcrypto.so.3)
          n1: 41216 0x4DFE804: ??? (in /usr/lib/x86_64-linux-gnu/libcrypto.so.3)
           n3: 41216 0x4DFEAE3: ??? (in /usr/lib/x86_64-linux-gnu/libcrypto.so.3)
            n1: 32896 0x4DFC591: EVP_CIPHER_fetch (in /usr/lib/x86_64-linux-gnu/libcrypto.so.3)
             n1: 32896 0x489940A: ??? (in /usr/lib/x86_64-linux-gnu/libssl.so.3)
              n1: 32896 0x488C7E2: ??? (in /usr/lib/x86_64-linux-gnu/libssl.so.3)
               n1: 32896 0x489A8C7: SSL_CTX_new_ex (in /usr/lib/x86_64-linux-gnu/libssl.so.3)
                n1: 32896 0x10A527: download_model_from_github (in /home/khanh/A37/A35M/btc_predict)
                 n0: 32896 0x10954D: main (in /home/khanh/A37/A35M/btc_predict)
            n1: 5504 0x4DE77E1: EVP_MD_fetch (in /usr/lib/x86_64-linux-gnu/libcrypto.so.3)
             n1: 5504 0x489951A: ??? (in /usr/lib/x86_64-linux-gnu/libssl.so.3)
              n1: 5504 0x488C86E: ??? (in /usr/lib/x86_64-linux-gnu/libssl.so.3)
               n1: 5504 0x489A8C7: SSL_CTX_new_ex (in /usr/lib/x86_64-linux-gnu/libssl.so.3)
                n1: 5504 0x10A527: download_model_from_github (in /home/khanh/A37/A35M/btc_predict)
                 n0: 5504 0x10954D: main (in /home/khanh/A37/A35M/btc_predict)
            n0: 2816 in 2 places, all below massif's threshold (1.00%)
  n1: 31744 0x4DFC503: ??? (in /usr/lib/x86_64-linux-gnu/libcrypto.so.3)
   n1: 31744 0x4DFD976: ??? (in /usr/lib/x86_64-linux-gnu/libcrypto.so.3)
    n1: 31744 0x4DFDF4B: ??? (in /usr/lib/x86_64-linux-gnu/libcrypto.so.3)
     n1: 31744 0x4E23528: ??? (in /usr/lib/x86_64-linux-gnu/libcrypto.so.3)
      n1: 31744 0x4E2323F: ??? (in /usr/lib/x86_64-linux-gnu/libcrypto.so.3)
       n1: 31744 0x4E330F6: ??? (in /usr/lib/x86_64-linux-gnu/libcrypto.so.3)
        n1: 31744 0x4E233B7: ??? (in /usr/lib/x86_64-linux-gnu/libcrypto.so.3)
         n1: 31744 0x4E23758: ??? (in /usr/lib/x86_64-linux-gnu/libcrypto.so.3)
          n1: 31744 0x4DFE804: ??? (in /usr/lib/x86_64-linux-gnu/libcrypto.so.3)
           n1: 31744 0x4DFEAE3: ??? (in /usr/lib/x86_64-linux-gnu/libcrypto.so.3)
            n1: 31744 0x4DFC591: EVP_CIPHER_fetch (in /usr/lib/x86_64-linux-gnu/libcrypto.so.3)
             n1: 31744 0x489940A: ??? (in /usr/lib/x86_64-linux-gnu/libssl.so.3)
              n1: 31744 0x488C7E2: ??? (in /usr/lib/x86_64-linux-gnu/libssl.so.3)
               n1: 31744 0x489A8C7: SSL_CTX_new_ex (in /usr/lib/x86_64-linux-gnu/libssl.so.3)
                n1: 31744 0x10A527: download_model_from_github (in /home/khanh/A37/A35M/btc_predict)
                 n0: 31744 0x10954D: main (in /home/khanh/A37/A35M/btc_predict)
  n2: 20608 0x4E2165B: OPENSSL_LH_new (in /usr/lib/x86_64-linux-gnu/libcrypto.so.3)
   n1: 20096 0x4F0A5D2: ??? (in /usr/lib/x86_64-linux-gnu/libcrypto.so.3)
    n1: 20096 0x4DFE09E: ??? (in /usr/lib/x86_64-linux-gnu/libcrypto.so.3)
     n1: 20096 0x4E2354D: ??? (in /usr/lib/x86_64-linux-gnu/libcrypto.so.3)
      n1: 20096 0x4E2323F: ??? (in /usr/lib/x86_64-linux-gnu/libcrypto.so.3)
       n1: 20096 0x4E330F6: ??? (in /usr/lib/x86_64-linux-gnu/libcrypto.so.3)
        n1: 20096 0x4E233B7: ??? (in /usr/lib/x86_64-linux-gnu/libcrypto.so.3)
         n1: 20096 0x4E23758: ??? (in /usr/lib/x86_64-linux-gnu/libcrypto.so.3)
          n1: 20096 0x4DFE804: ??? (in /usr/lib/x86_64-linux-gnu/libcrypto.so.3)
           n2: 20096 0x4DFEAE3: ??? (in /usr/lib/x86_64-linux-gnu/libcrypto.so.3)
            n1: 15872 0x4DFC591: EVP_CIPHER_fetch (in /usr/lib/x86_64-linux-gnu/libcrypto.so.3)
             n1: 15872 0x489940A: ??? (in /usr/lib/x86_64-linux-gnu/libssl.so.3)
              n1: 15872 0x488C7E2: ??? (in /usr/lib/x86_64-linux-gnu/libssl.so.3)
               n1: 15872 0x489A8C7: SSL_CTX_new_ex (in /usr/lib/x86_64-linux-gnu/libssl.so.3)
                n1: 15872 0x10A527: download_model_from_github (in /home/khanh/A37/A35M/btc_predict)
                 n0: 15872 0x10954D: main (in /home/khanh/A37/A35M/btc_predict)
            n0: 4224 in 3 places, all below massif's threshold (1.00%)
   n0: 512 in 8 places, all below massif's threshold (1.00%)
  n2: 11808 0x4E2163D: OPENSSL_LH_new (in /usr/lib/x86_64-linux-gnu/libcrypto.so.3)
   n1: 11304 0x4F0A5D2: ??? (in /usr/lib/x86_64-linux-gnu/libcrypto.so.3)
    n1: 11304 0x4DFE09E: ??? (in /usr/lib/x86_64-linux-gnu/libcrypto.so.3)
     n1: 11304 0x4E2354D: ??? (in /usr/lib/x86_64-linux-gnu/libcrypto.so.3)
      n1: 11304 0x4E2323F: ??? (in /usr/lib/x86_64-linux-gnu/libcrypto.so.3)
       n1: 11304 0x4E330F6: ??? (in /usr/lib/x86_64-linux-gnu/libcrypto.so.3)
        n1: 11304 0x4E233B7: ??? (in /usr/lib/x86_64-linux-gnu/libcrypto.so.3)
         n1: 11304 0x4E23758: ??? (in /usr/lib/x86_64-linux-gnu/libcrypto.so.3)
          n1: 11304 0x4DFE804: ??? (in /usr/lib/x86_64-linux-gnu/libcrypto.so.3)
           n2: 11304 0x4DFEAE3: ??? (in /usr/lib/x86_64-linux-gnu/libcrypto.so.3)
            n1: 8928 0x4DFC591: EVP_CIPHER_fetch (in /usr/lib/x86_64-linux-gnu/libcrypto.so.3)
             n1: 8928 0x489940A: ??? (in /usr/lib/x86_64-linux-gnu/libssl.so.3)
              n1: 8928 0x488C7E2: ??? (in /usr/lib/x86_64-linux-gnu/libssl.so.3)
               n1: 8928 0x489A8C7: SSL_CTX_new_ex (in /usr/lib/x86_64-linux-gnu/libssl.so.3)
                n1: 8928 0x10A527: download_model_from_github (in /home/khanh/A37/A35M/btc_predict)
                 n0: 8928 0x10954D: main (in /home/khanh/A37/A35M/btc_predict)
            n0: 2376 in 3 places, all below massif's threshold (1.00%)
   n0: 504 in 8 places, all below massif's threshold (1.00%)
  n2: 11032 0x4E34703: CRYPTO_THREAD_lock_new (in /usr/lib/x86_64-linux-gnu/libcrypto.so.3)
   n1: 6944 0x4DFC510: ??? (in /usr/lib/x86_64-linux-gnu/libcrypto.so.3)
    n1: 6944 0x4DFD976: ??? (in /usr/lib/x86_64-linux-gnu/libcrypto.so.3)
     n1: 6944 0x4DFDF4B: ??? (in /usr/lib/x86_64-linux-gnu/libcrypto.so.3)
      n1: 6944 0x4E23528: ??? (in /usr/lib/x86_64-linux-gnu/libcrypto.so.3)
       n1: 6944 0x4E2323F: ??? (in /usr/lib/x86_64-linux-gnu/libcrypto.so.3)
        n1: 6944 0x4E330F6: ??? (in /usr/lib/x86_64-linux-gnu/libcrypto.so.3)
         n1: 6944 0x4E233B7: ??? (in /usr/lib/x86_64-linux-gnu/libcrypto.so.3)
          n1: 6944 0x4E23758: ??? (in /usr/lib/x86_64-linux-gnu/libcrypto.so.3)
           n1: 6944 0x4DFE804: ??? (in /usr/lib/x86_64-linux-gnu/libcrypto.so.3)
            n1: 6944 0x4DFEAE3: ??? (in /usr/lib/x86_64-linux-gnu/libcrypto.so.3)
             n1: 6944 0x4DFC591: EVP_CIPHER_fetch (in /usr/lib/x86_64-linux-gnu/libcrypto.so.3)
              n1: 6944 0x489940A: ??? (in /usr/lib/x86_64-linux-gnu/libssl.so.3)
               n1: 6944 0x488C7E2: ??? (in /usr/lib/x86_64-linux-gnu/libssl.so.3)
                n1: 6944 0x489A8C7: SSL_CTX_new_ex (in /usr/lib/x86_64-linux-gnu/libssl.so.3)
                 n1: 6944 0x10A527: download_model_from_github (in /home/khanh/A37/A35M/btc_predict)
                  n0: 6944 0x10954D: main (in /home/khanh/A37/A35M/btc_predict)
   n0: 4088 in 26 places, all below massif's threshold (1.00%)
  n0: 7640 in 24 places, all below massif's threshold (1.00%)
  n2: 5968 0x4E23976: ??? (in /usr/lib/x86_64-linux-gnu/libcrypto.so.3)
   n1: 4064 0x4E24200: ??? (in /usr/lib/x86_64-linux-gnu/libcrypto.so.3)
    n0: 4064 in 7 places, all below massif's threshold (1.00%)
   n0: 1904 in 1 place, below massif's threshold (1.00%)
  n2: 5440 0x4F5184D: OPENSSL_sk_new_reserve (in /usr/lib/x86_64-linux-gnu/libcrypto.so.3)
   n1: 5024 0x4F0A5B6: ??? (in /usr/lib/x86_64-linux-gnu/libcrypto.so.3)
    n1: 5024 0x4DFE09E: ??? (in /usr/lib/x86_64-linux-gnu/libcrypto.so.3)
     n1: 5024 0x4E2354D: ??? (in /usr/lib/x86_64-linux-gnu/libcrypto.so.3)
      n1: 5024 0x4E2323F: ??? (in /usr/lib/x86_64-linux-gnu/libcrypto.so.3)
       n1: 5024 0x4E330F6: ??? (in /usr/lib/x86_64-linux-gnu/libcrypto.so.3)
        n1: 5024 0x4E233B7: ??? (in /usr/lib/x86_64-linux-gnu/libcrypto.so.3)
         n1: 5024 0x4E23758: ??? (in /usr/lib/x86_64-linux-gnu/libcrypto.so.3)
          n1: 5024 0x4DFE804: ??? (in /usr/lib/x86_64-linux-gnu/libcrypto.so.3)
           n2: 5024 0x4DFEAE3: ??? (in /usr/lib/x86_64-linux-gnu/libcrypto.so.3)
            n1: 3968 0x4DFC591: EVP_CIPHER_fetch (in /usr/lib/x86_64-linux-gnu/libcrypto.so.3)
             n1: 3968 0x489940A: ??? (in /usr/lib/x86_64-linux-gnu/libssl.so.3)
              n1: 3968 0x488C7E2: ??? (in /usr/lib/x86_64-linux-gnu/libssl.so.3)
               n1: 3968 0x489A8C7: SSL_CTX_new_ex (in /usr/lib/x86_64-linux-gnu/libssl.so.3)
                n1: 3968 0x10A527: download_model_from_github (in /home/khanh/A37/A35M/btc_predict)
                 n0: 3968 0x10954D: main (in /home/khanh/A37/A35M/btc_predict)
            n0: 1056 in 3 places, all below massif's threshold (1.00%)
   n0: 416 in 16 places, all below massif's threshold (1.00%)
  n1: 5280 0x4DE7753: ??? (in /usr/lib/x86_64-linux-gnu/libcrypto.so.3)
   n1: 5280 0x4DE88E8: ??? (in /usr/lib/x86_64-linux-gnu/libcrypto.so.3)
    n1: 5280 0x4DFDF4B: ??? (in /usr/lib/x86_64-linux-gnu/libcrypto.so.3)
     n1: 5280 0x4E23528: ??? (in /usr/lib/x86_64-linux-gnu/libcrypto.so.3)
      n1: 5280 0x4E2323F: ??? (in /usr/lib/x86_64-linux-gnu/libcrypto.so.3)
       n1: 5280 0x4E330F6: ??? (in /usr/lib/x86_64-linux-gnu/libcrypto.so.3)
        n1: 5280 0x4E233B7: ??? (in /usr/lib/x86_64-linux-gnu/libcrypto.so.3)
         n1: 5280 0x4E23758: ??? (in /usr/lib/x86_64-linux-gnu/libcrypto.so.3)
          n1: 5280 0x4DFE804: ??? (in /usr/lib/x86_64-linux-gnu/libcrypto.so.3)
           n1: 5280 0x4DFEAE3: ??? (in /usr/lib/x86_64-linux-gnu/libcrypto.so.3)
            n1: 5280 0x4DE77E1: EVP_MD_fetch (in /usr/lib/x86_64-linux-gnu/libcrypto.so.3)
             n1: 5280 0x489951A: ??? (in /usr/lib/x86_64-linux-gnu/libssl.so.3)
              n1: 5280 0x488C86E: ??? (in /usr/lib/x86_64-linux-gnu/libssl.so.3)
               n1: 5280 0x489A8C7: SSL_CTX_new_ex (in /usr/lib/x86_64-linux-gnu/libssl.so.3)
                n1: 5280 0x10A527: download_model_from_github (in /home/khanh/A37/A35M/btc_predict)
                 n0: 5280 0x10954D: main (in /home/khanh/A37/A35M/btc_predict)
  n1: 5184 0x4F50E12: ??? (in /usr/lib/x86_64-linux-gnu/libcrypto.so.3)
   n2: 5184 0x4F51134: OPENSSL_sk_insert (in /usr/lib/x86_64-linux-gnu/libcrypto.so.3)
    n1: 5024 0x4F0A6AB: ??? (in /usr/lib/x86_64-linux-gnu/libcrypto.so.3)
     n1: 5024 0x4DFE09E: ??? (in /usr/lib/x86_64-linux-gnu/libcrypto.so.3)
      n1: 5024 0x4E2354D: ??? (in /usr/lib/x86_64-linux-gnu/libcrypto.so.3)
       n1: 5024 0x4E2323F: ??? (in /usr/lib/x86_64-linux-gnu/libcrypto.so.3)
        n1: 5024 0x4E330F6: ??? (in /usr/lib/x86_64-linux-gnu/libcrypto.so.3)
         n1: 5024 0x4E233B7: ??? (in /usr/lib/x86_64-linux-gnu/libcrypto.so.3)
          n1: 5024 0x4E23758: ??? (in /usr/lib/x86_64-linux-gnu/libcrypto.so.3)
           n1: 5024 0x4DFE804: ??? (in /usr/lib/x86_64-linux-gnu/libcrypto.so.3)
            n2: 5024 0x4DFEAE3: ??? (in /usr/lib/x86_64-linux-gnu/libcrypto.so.3)
             n1: 3968 0x4DFC591: EVP_CIPHER_fetch (in /usr/lib/x86_64-linux-gnu/libcrypto.so.3)
              n1: 3968 0x489940A: ??? (in /usr/lib/x86_64-linux-gnu/libssl.so.3)
               n1: 3968 0x488C7E2: ??? (in /usr/lib/x86_64-linux-gnu/libssl.so.3)
                n1: 3968 0x489A8C7: SSL_CTX_new_ex (in /usr/lib/x86_64-linux-gnu/libssl.so.3)
                 n1: 3968 0x10A527: download_model_from_github (in /home/khanh/A37/A35M/btc_predict)
                  n0: 3968 0x10954D: main (in /home/khanh/A37/A35M/btc_predict)
             n0: 1056 in 3 places, all below massif's threshold (1.00%)
    n0: 160 in 10 places, all below massif's threshold (1.00%)
  n1: 3768 0x4F0A5A5: ??? (in /usr/lib/x86_64-linux-gnu/libcrypto.so.3)
   n1: 3768 0x4DFE09E: ??? (in /usr/lib/x86_64-linux-gnu/libcrypto.so.3)
    n1: 3768 0x4E2354D: ??? (in /usr/lib/x86_64-linux-gnu/libcrypto.so.3)
     n1: 3768 0x4E2323F: ??? (in /usr/lib/x86_64-linux-gnu/libcrypto.so.3)
      n1: 3768 0x4E330F6: ??? (in /usr/lib/x86_64-linux-gnu/libcrypto.so.3)
       n1: 3768 0x4E233B7: ??? (in /usr/lib/x86_64-linux-gnu/libcrypto.so.3)
        n1: 3768 0x4E23758: ??? (in /usr/lib/x86_64-linux-gnu/libcrypto.so.3)
         n1: 3768 0x4DFE804: ??? (in /usr/lib/x86_64-linux-gnu/libcrypto.so.3)
          n1: 3768 0x4DFEAE3: ??? (in /usr/lib/x86_64-linux-gnu/libcrypto.so.3)
           n0: 3768 in 4 places, all below massif's threshold (1.00%)
 n4: 56904 0x4E219A5: OPENSSL_LH_insert (in /usr/lib/x86_64-linux-gnu/libcrypto.so.3)
  n2: 41808 0x4DD9062: ??? (in /usr/lib/x86_64-linux-gnu/libcrypto.so.3)
   n2: 39840 0x4DD9320: ERR_load_strings_const (in /usr/lib/x86_64-linux-gnu/libcrypto.so.3)
    n0: 32184 in 33 places, all below massif's threshold (1.00%)
    n1: 7656 0x48905DB: ??? (in /usr/lib/x86_64-linux-gnu/libssl.so.3)
     n1: 7656 0x489061C: ??? (in /usr/lib/x86_64-linux-gnu/libssl.so.3)
      n1: 7656 0x4A91ED2: __pthread_once_slow (pthread_once.c:116)
       n1: 7656 0x4E3480C: CRYPTO_THREAD_run_once (in /usr/lib/x86_64-linux-gnu/libcrypto.so.3)
        n1: 7656 0x4890754: OPENSSL_init_ssl (in /usr/lib/x86_64-linux-gnu/libssl.so.3)
         n1: 7656 0x489A792: SSL_CTX_new_ex (in /usr/lib/x86_64-linux-gnu/libssl.so.3)
          n1: 7656 0x10A527: download_model_from_github (in /home/khanh/A37/A35M/btc_predict)
           n0: 7656 0x10954D: main (in /home/khanh/A37/A35M/btc_predict)
   n0: 1968 in 2 places, all below massif's threshold (1.00%)
  n2: 8952 0x4E239B0: ??? (in /usr/lib/x86_64-linux-gnu/libcrypto.so.3)
   n1: 6096 0x4E24200: ??? (in /usr/lib/x86_64-linux-gnu/libcrypto.so.3)
    n0: 6096 in 7 places, all below massif's threshold (1.00%)
   n0: 2856 in 1 place, below massif's threshold (1.00%)
  n2: 5424 0x4EEA520: OBJ_NAME_add (in /usr/lib/x86_64-linux-gnu/libcrypto.so.3)
   n1: 3264 0x4E0C17B: EVP_add_cipher (in /usr/lib/x86_64-linux-gnu/libcrypto.so.3)
    n0: 3264 in 136 places, all below massif's threshold (1.00%)
   n0: 2160 in 56 places, all below massif's threshold (1.00%)
  n0: 720 in 5 places, all below massif's threshold (1.00%)
 n2: 11264 0x4E2194F: OPENSSL_LH_insert (in /usr/lib/x86_64-linux-gnu/libcrypto.so.3)
  n2: 8192 0x4DD9062: ??? (in /usr/lib/x86_64-linux-gnu/libcrypto.so.3)
   n2: 8192 0x4DD9320: ERR_load_strings_const (in /usr/lib/x86_64-linux-gnu/libcrypto.so.3)
    n1: 8192 0x4F5D3FB: ??? (in /usr/lib/x86_64-linux-gnu/libcrypto.so.3)
     n1: 8192 0x4DDAB20: ??? (in /usr/lib/x86_64-linux-gnu/libcrypto.so.3)
      n1: 8192 0x4E266FC: ??? (in /usr/lib/x86_64-linux-gnu/libcrypto.so.3)
       n1: 8192 0x4A91ED2: __pthread_once_slow (pthread_once.c:116)
        n1: 8192 0x4E3480C: CRYPTO_THREAD_run_once (in /usr/lib/x86_64-linux-gnu/libcrypto.so.3)
         n1: 8192 0x4E26BEA: OPENSSL_init_crypto (in /usr/lib/x86_64-linux-gnu/libcrypto.so.3)
          n1: 8192 0x4DD997A: ??? (in /usr/lib/x86_64-linux-gnu/libcrypto.so.3)
           n1: 8192 0x4DDA75C: ERR_set_mark (in /usr/lib/x86_64-linux-gnu/libcrypto.so.3)
            n1: 8192 0x4D49DD5: CONF_modules_load_file_ex (in /usr/lib/x86_64-linux-gnu/libcrypto.so.3)
             n1: 8192 0x4D4A1F0: ??? (in /usr/lib/x86_64-linux-gnu/libcrypto.so.3)
              n1: 8192 0x4E2667E: ??? (in /usr/lib/x86_64-linux-gnu/libcrypto.so.3)
               n1: 8192 0x4A91ED2: __pthread_once_slow (pthread_once.c:116)
                n1: 8192 0x4E3480C: CRYPTO_THREAD_run_once (in /usr/lib/x86_64-linux-gnu/libcrypto.so.3)
                 n1: 8192 0x4E26E43: OPENSSL_init_crypto (in /usr/lib/x86_64-linux-gnu/libcrypto.so.3)
                  n1: 8192 0x48906EC: OPENSSL_init_ssl (in /usr/lib/x86_64-linux-gnu/libssl.so.3)
                   n1: 8192 0x10A51A: download_model_from_github (in /home/khanh/A37/A35M/btc_predict)
                    n0: 8192 0x10954D: main (in /home/khanh/A37/A35M/btc_predict)
    n0: 0 in 3 places, all below massif's threshold (1.00%)
   n0: 0 in 2 places, all below massif's threshold (1.00%)
  n0: 3072 in 3 places, all below massif's threshold (1.00%)
 n2: 7613 0x4E29123: CRYPTO_strndup (in /usr/lib/x86_64-linux-gnu/libcrypto.so.3)
  n2: 5571 0x4E23992: ??? (in /usr/lib/x86_64-linux-gnu/libcrypto.so.3)
   n1: 4009 0x4E24200: ??? (in /usr/lib/x86_64-linux-gnu/libcrypto.so.3)
    n0: 4009 in 7 places, all below massif's threshold (1.00%)
   n0: 1562 in 1 place, below massif's threshold (1.00%)
  n0: 2042 in 2 places, all below massif's threshold (1.00%)
 n1: 6280 0x4F0A432: ??? (in /usr/lib/x86_64-linux-gnu/libcrypto.so.3)
  n1: 6280 0x4DFE09E: ??? (in /usr/lib/x86_64-linux-gnu/libcrypto.so.3)
   n1: 6280 0x4E2354D: ??? (in /usr/lib/x86_64-linux-gnu/libcrypto.so.3)
    n1: 6280 0x4E2323F: ??? (in /usr/lib/x86_64-linux-gnu/libcrypto.so.3)
     n1: 6280 0x4E330F6: ??? (in /usr/lib/x86_64-linux-gnu/libcrypto.so.3)
      n1: 6280 0x4E233B7: ??? (in /usr/lib/x86_64-linux-gnu/libcrypto.so.3)
       n1: 6280 0x4E23758: ??? (in /usr/lib/x86_64-linux-gnu/libcrypto.so.3)
        n1: 6280 0x4DFE804: ??? (in /usr/lib/x86_64-linux-gnu/libcrypto.so.3)
         n2: 6280 0x4DFEAE3: ??? (in /usr/lib/x86_64-linux-gnu/libcrypto.so.3)
          n1: 4960 0x4DFC591: EVP_CIPHER_fetch (in /usr/lib/x86_64-linux-gnu/libcrypto.so.3)
           n1: 4960 0x489940A: ??? (in /usr/lib/x86_64-linux-gnu/libssl.so.3)
            n1: 4960 0x488C7E2: ??? (in /usr/lib/x86_64-linux-gnu/libssl.so.3)
             n1: 4960 0x489A8C7: SSL_CTX_new_ex (in /usr/lib/x86_64-linux-gnu/libssl.so.3)
              n1: 4960 0x10A527: download_model_from_github (in /home/khanh/A37/A35M/btc_predict)
               n0: 4960 0x10954D: main (in /home/khanh/A37/A35M/btc_predict)
          n0: 1320 in 3 places, all below massif's threshold (1.00%)
 n1: 5424 0x4EEA4D8: OBJ_NAME_add (in /usr/lib/x86_64-linux-gnu/libcrypto.so.3)
  n0: 5424 in 208 places, all below massif's threshold (1.00%)
 n0: 3203 in 29 places, all below massif's threshold (1.00%)
#-----------
snapshot=20
#-----------
time=10176069
mem_heap_B=259028
mem_heap_extra_B=76676
mem_stacks_B=0
heap_tree=empty
#-----------
snapshot=21
#-----------
time=10694075
mem_heap_B=263098
mem_heap_extra_B=79174
mem_stacks_B=0
heap_tree=detailed
n7: 263098 (heap allocation functions) malloc/new/new[], --alloc-fns, etc.
 n12: 165272 0x4E27844: CRYPTO_zalloc (in /usr/lib/x86_64-linux-gnu/libcrypto.so.3)
  n1: 43648 0x4E34642: ??? (in /usr/lib/x86_64-linux-gnu/libcrypto.so.3)
   n1: 43648 0x4F0A5ED: ??? (in /usr/lib/x86_64-linux-gnu/libcrypto.so.3)
    n1: 43648 0x4DFE09E: ??? (in /usr/lib/x86_64-linux-gnu/libcrypto.so.3)
     n1: 43648 0x4E2354D: ??? (in /usr/lib/x86_64-linux-gnu/libcrypto.so.3)
      n1: 43648 0x4E2323F: ??? (in /usr/lib/x86_64-linux-gnu/libcrypto.so.3)
       n1: 43648 0x4E330F6: ??? (in /usr/lib/x86_64-linux-gnu/libcrypto.so.3)
        n1: 43648 0x4E233B7: ??? (in /usr/lib/x86_64-linux-gnu/libcrypto.so.3)
         n1: 43648 0x4E23758: ??? (in /usr/lib/x86_64-linux-gnu/libcrypto.so.3)
          n1: 43648 0x4DFE804: ??? (in /usr/lib/x86_64-linux-gnu/libcrypto.so.3)
           n3: 43648 0x4DFEAE3: ??? (in /usr/lib/x86_64-linux-gnu/libcrypto.so.3)
            n1: 32896 0x4DFC591: EVP_CIPHER_fetch (in /usr/lib/x86_64-linux-gnu/libcrypto.so.3)
             n1: 32896 0x489940A: ??? (in /usr/lib/x86_64-linux-gnu/libssl.so.3)
              n1: 32896 0x488C7E2: ??? (in /usr/lib/x86_64-linux-gnu/libssl.so.3)
               n1: 32896 0x489A8C7: SSL_CTX_new_ex (in /usr/lib/x86_64-linux-gnu/libssl.so.3)
                n1: 32896 0x10A527: download_model_from_github (in /home/khanh/A37/A35M/btc_predict)
                 n0: 32896 0x10954D: main (in /home/khanh/A37/A35M/btc_predict)
            n1: 5504 0x4DE77E1: EVP_MD_fetch (in /usr/lib/x86_64-linux-gnu/libcrypto.so.3)
             n1: 5504 0x489951A: ??? (in /usr/lib/x86_64-linux-gnu/libssl.so.3)
              n1: 5504 0x488C86E: ??? (in /usr/lib/x86_64-linux-gnu/libssl.so.3)
               n1: 5504 0x489A8C7: SSL_CTX_new_ex (in /usr/lib/x86_64-linux-gnu/libssl.so.3)
                n1: 5504 0x10A527: download_model_from_github (in /home/khanh/A37/A35M/btc_predict)
                 n0: 5504 0x10954D: main (in /home/khanh/A37/A35M/btc_predict)
            n0: 5248 in 3 places, all below massif's threshold (1.00%)
  n1: 31744 0x4DFC503: ??? (in /usr/lib/x86_64-linux-gnu/libcrypto.so.3)
   n1: 31744 0x4DFD976: ??? (in /usr/lib/x86_64-linux-gnu/libcrypto.so.3)
    n1: 31744 0x4DFDF4B: ??? (in /usr/lib/x86_64-linux-gnu/libcrypto.so.3)
     n1: 31744 0x4E23528: ??? (in /usr/lib/x86_64-linux-gnu/libcrypto.so.3)
      n1: 31744 0x4E2323F: ??? (in /usr/lib/x86_64-linux-gnu/libcrypto.so.3)
       n1: 31744 0x4E330F6: ??? (in /usr/lib/x86_64-linux-gnu/libcrypto.so.3)
        n1: 31744 0x4E233B7: ??? (in /usr/lib/x86_64-linux-gnu/libcrypto.so.3)
         n1: 31744 0x4E23758: ??? (in /usr/lib/x86_64-linux-gnu/libcrypto.so.3)
          n1: 31744 0x4DFE804: ??? (in /usr/lib/x86_64-linux-gnu/libcrypto.so.3)
           n1: 31744 0x4DFEAE3: ??? (in /usr/lib/x86_64-linux-gnu/libcrypto.so.3)
            n1: 31744 0x4DFC591: EVP_CIPHER_fetch (in /usr/lib/x86_64-linux-gnu/libcrypto.so.3)
             n1: 31744 0x489940A: ??? (in /usr/lib/x86_64-linux-gnu/libssl.so.3)
              n1: 31744 0x488C7E2: ??? (in /usr/lib/x86_64-linux-gnu/libssl.so.3)
               n1: 31744 0x489A8C7: SSL_CTX_new_ex (in /usr/lib/x86_64-linux-gnu/libssl.so.3)
                n1: 31744 0x10A527: download_model_from_github (in /home/khanh/A37/A35M/btc_predict)
                 n0: 31744 0x10954D: main (in /home/khanh/A37/A35M/btc_predict)
  n2: 23680 0x4E2165B: OPENSSL_LH_new (in /usr/lib/x86_64-linux-gnu/libcrypto.so.3)
   n1: 23168 0x4F0A5D2: ??? (in /usr/lib/x86_64-linux-gnu/libcrypto.so.3)
    n1: 23168 0x4DFE09E: ??? (in /usr/lib/x86_64-linux-gnu/libcrypto.so.3)
     n1: 23168 0x4E2354D: ??? (in /usr/lib/x86_64-linux-gnu/libcrypto.so.3)
      n1: 23168 0x4E2323F: ??? (in /usr/lib/x86_64-linux-gnu/libcrypto.so.3)
       n1: 23168 0x4E330F6: ??? (in /usr/lib/x86_64-linux-gnu/libcrypto.so.3)
        n1: 23168 0x4E233B7: ??? (in /usr/lib/x86_64-linux-gnu/libcrypto.so.3)
         n1: 23168 0x4E23758: ??? (in /usr/lib/x86_64-linux-gnu/libcrypto.so.3)
          n1: 23168 0x4DFE804: ??? (in /usr/lib/x86_64-linux-gnu/libcrypto.so.3)
           n2: 23168 0x4DFEAE3: ??? (in /usr/lib/x86_64-linux-gnu/libcrypto.so.3)
            n1: 15872 0x4DFC591: EVP_CIPHER_fetch (in /usr/lib/x86_64-linux-gnu/libcrypto.so.3)
             n1: 15872 0x489940A: ??? (in /usr/lib/x86_64-linux-gnu/libssl.so.3)
              n1: 15872 0x488C7E2: ??? (in /usr/lib/x86_64-linux-gnu/libssl.so.3)
               n1: 15872 0x489A8C7: SSL_CTX_new_ex (in /usr/lib/x86_64-linux-gnu/libssl.so.3)
                n1: 15872 0x10A527: download_model_from_github (in /home/khanh/A37/A35M/btc_predict)
                 n0: 15872 0x10954D: main (in /home/khanh/A37/A35M/btc_predict)
            n0: 7296 in 4 places, all below massif's threshold (1.00%)
   n0: 512 in 8 places, all below massif's threshold (1.00%)
  n2: 13536 0x4E2163D: OPENSSL_LH_new (in /usr/lib/x86_64-linux-gnu/libcrypto.so.3)
   n1: 13032 0x4F0A5D2: ??? (in /usr/lib/x86_64-linux-gnu/libcrypto.so.3)
    n1: 13032 0x4DFE09E: ??? (in /usr/lib/x86_64-linux-gnu/libcrypto.so.3)
     n1: 13032 0x4E2354D: ??? (in /usr/lib/x86_64-linux-gnu/libcrypto.so.3)
      n1: 13032 0x4E2323F: ??? (in /usr/lib/x86_64-linux-gnu/libcrypto.so.3)
       n1: 13032 0x4E330F6: ??? (in /usr/lib/x86_64-linux-gnu/libcrypto.so.3)
        n1: 13032 0x4E233B7: ??? (in /usr/lib/x86_64-linux-gnu/libcrypto.so.3)
         n1: 13032 0x4E23758: ??? (in /usr/lib/x86_64-linux-gnu/libcrypto.so.3)
          n1: 13032 0x4DFE804: ??? (in /usr/lib/x86_64-linux-gnu/libcrypto.so.3)
           n2: 13032 0x4DFEAE3: ??? (in /usr/lib/x86_64-linux-gnu/libcrypto.so.3)
            n1: 8928 0x4DFC591: EVP_CIPHER_fetch (in /usr/lib/x86_64-linux-gnu/libcrypto.so.3)
             n1: 8928 0x489940A: ??? (in /usr/lib/x86_64-linux-gnu/libssl.so.3)
              n1: 8928 0x488C7E2: ??? (in /usr/lib/x86_64-linux-gnu/libssl.so.3)
               n1: 8928 0x489A8C7: SSL_CTX_new_ex (in /usr/lib/x86_64-linux-gnu/libssl.so.3)
                n1: 8928 0x10A527: download_model_from_github (in /home/khanh/A37/A35M/btc_predict)
                 n0: 8928 0x10954D: main (in /home/khanh/A37/A35M/btc_predict)
            n0: 4104 in 4 places, all below massif's threshold (1.00%)
   n0: 504 in 8 places, all below massif's threshold (1.00%)
  n2: 12376 0x4E34703: CRYPTO_THREAD_lock_new (in /usr/lib/x86_64-linux-gnu/libcrypto.so.3)
   n1: 6944 0x4DFC510: ??? (in /usr/lib/x86_64-linux-gnu/libcrypto.so.3)
    n1: 6944 0x4DFD976: ??? (in /usr/lib/x86_64-linux-gnu/libcrypto.so.3)
     n1: 6944 0x4DFDF4B: ??? (in /usr/lib/x86_64-linux-gnu/libcrypto.so.3)
      n1: 6944 0x4E23528: ??? (in /usr/lib/x86_64-linux-gnu/libcrypto.so.3)
       n1: 6944 0x4E2323F: ??? (in /usr/lib/x86_64-linux-gnu/libcrypto.so.3)
        n1: 6944 0x4E330F6: ??? (in /usr/lib/x86_64-linux-gnu/libcrypto.so.3)
         n1: 6944 0x4E233B7: ??? (in /usr/lib/x86_64-linux-gnu/libcrypto.so.3)
          n1: 6944 0x4E23758: ??? (in /usr/lib/x86_64-linux-gnu/libcrypto.so.3)
           n1: 6944 0x4DFE804: ??? (in /usr/lib/x86_64-linux-gnu/libcrypto.so.3)
            n1: 6944 0x4DFEAE3: ??? (in /usr/lib/x86_64-linux-gnu/libcrypto.so.3)
             n1: 6944 0x4DFC591: EVP_CIPHER_fetch (in /usr/lib/x86_64-linux-gnu/libcrypto.so.3)
              n1: 6944 0x489940A: ??? (in /usr/lib/x86_64-linux-gnu/libssl.so.3)
               n1: 6944 0x488C7E2: ??? (in /usr/lib/x86_64-linux-gnu/libssl.so.3)
                n1: 6944 0x489A8C7: SSL_CTX_new_ex (in /usr/lib/x86_64-linux-gnu/libssl.so.3)
                 n1: 6944 0x10A527: download_model_from_github (in /home/khanh/A37/A35M/btc_predict)
                  n0: 6944 0x10954D: main (in /home/khanh/A37/A35M/btc_predict)
   n0: 5432 in 28 places, all below massif's threshold (1.00%)
  n0: 8408 in 26 places, all below massif's threshold (1.00%)
  n2: 6208 0x4F5184D: OPENSSL_sk_new_reserve (in /usr/lib/x86_64-linux-gnu/libcrypto.so.3)
   n1: 5792 0x4F0A5B6: ??? (in /usr/lib/x86_64-linux-gnu/libcrypto.so.3)
    n1: 5792 0x4DFE09E: ??? (in /usr/lib/x86_64-linux-gnu/libcrypto.so.3)
     n1: 5792 0x4E2354D: ??? (in /usr/lib/x86_64-linux-gnu/libcrypto.so.3)
      n1: 5792 0x4E2323F: ??? (in /usr/lib/x86_64-linux-gnu/libcrypto.so.3)
       n1: 5792 0x4E330F6: ??? (in /usr/lib/x86_64-linux-gnu/libcrypto.so.3)
        n1: 5792 0x4E233B7: ??? (in /usr/lib/x86_64-linux-gnu/libcrypto.so.3)
         n1: 5792 0x4E23758: ??? (in /usr/lib/x86_64-linux-gnu/libcrypto.so.3)
          n1: 5792 0x4DFE804: ??? (in /usr/lib/x86_64-linux-gnu/libcrypto.so.3)
           n2: 5792 0x4DFEAE3: ??? (in /usr/lib/x86_64-linux-gnu/libcrypto.so.3)
            n1: 3968 0x4DFC591: EVP_CIPHER_fetch (in /usr/lib/x86_64-linux-gnu/libcrypto.so.3)
             n1: 3968 0x489940A: ??? (in /usr/lib/x86_64-linux-gnu/libssl.so.3)
              n1: 3968 0x488C7E2: ??? (in /usr/lib/x86_64-linux-gnu/libssl.so.3)
               n1: 3968 0x489A8C7: SSL_CTX_new_ex (in /usr/lib/x86_64-linux-gnu/libssl.so.3)
                n1: 3968 0x10A527: download_model_from_github (in /home/khanh/A37/A35M/btc_predict)
                 n0: 3968 0x10954D: main (in /home/khanh/A37/A35M/btc_predict)
            n0: 1824 in 4 places, all below massif's threshold (1.00%)
   n0: 416 in 16 places, all below massif's threshold (1.00%)
  n2: 6064 0x4E23976: ??? (in /usr/lib/x86_64-linux-gnu/libcrypto.so.3)
   n1: 4064 0x4E24200: ??? (in /usr/lib/x86_64-linux-gnu/libcrypto.so.3)
    n0: 4064 in 7 places, all below massif's threshold (1.00%)
   n0: 2000 in 1 place, below massif's threshold (1.00%)
  n1: 5952 0x4F50E12: ??? (in /usr/lib/x86_64-linux-gnu/libcrypto.so.3)
   n2: 5952 0x4F51134: OPENSSL_sk_insert (in /usr/lib/x86_64-linux-gnu/libcrypto.so.3)
    n1: 5792 0x4F0A6AB: ??? (in /usr/lib/x86_64-linux-gnu/libcrypto.so.3)
     n1: 5792 0x4DFE09E: ??? (in /usr/lib/x86_64-linux-gnu/libcrypto.so.3)
      n1: 5792 0x4E2354D: ??? (in /usr/lib/x86_64-linux-gnu/libcrypto.so.3)
       n1: 5792 0x4E2323F: ??? (in /usr/lib/x86_64-linux-gnu/libcrypto.so.3)
        n1: 5792 0x4E330F6: ??? (in /usr/lib/x86_64-linux-gnu/libcrypto.so.3)
         n1: 5792 0x4E233B7: ??? (in /usr/lib/x86_64-linux-gnu/libcrypto.so.3)
          n1: 5792 0x4E23758: ??? (in /usr/lib/x86_64-linux-gnu/libcrypto.so.3)
           n1: 5792 0x4DFE804: ??? (in /usr/lib/x86_64-linux-gnu/libcrypto.so.3)
            n2: 5792 0x4DFEAE3: ??? (in /usr/lib/x86_64-linux-gnu/libcrypto.so.3)
             n1: 3968 0x4DFC591: EVP_CIPHER_fetch (in /usr/lib/x86_64-linux-gnu/libcrypto.so.3)
              n1: 3968 0x489940A: ??? (in /usr/lib/x86_64-linux-gnu/libssl.so.3)
               n1: 3968 0x488C7E2: ??? (in /usr/lib/x86_64-linux-gnu/libssl.so.3)
                n1: 3968 0x489A8C7: SSL_CTX_new_ex (in /usr/lib/x86_64-linux-gnu/libssl.so.3)
                 n1: 3968 0x10A527: download_model_from_github (in /home/khanh/A37/A35M/btc_predict)
                  n0: 3968 0x10954D: main (in /home/khanh/A37/A35M/btc_predict)
             n0: 1824 in 4 places, all below massif's threshold (1.00%)
    n0: 160 in 10 places, all below massif's threshold (1.00%)
  n1: 5280 0x4DE7753: ??? (in /usr/lib/x86_64-linux-gnu/libcrypto.so.3)
   n1: 5280 0x4DE88E8: ??? (in /usr/lib/x86_64-linux-gnu/libcrypto.so.3)
    n1: 5280 0x4DFDF4B: ??? (in /usr/lib/x86_64-linux-gnu/libcrypto.so.3)
     n1: 5280 0x4E23528: ??? (in /usr/lib/x86_64-linux-gnu/libcrypto.so.3)
      n1: 5280 0x4E2323F: ??? (in /usr/lib/x86_64-linux-gnu/libcrypto.so.3)
       n1: 5280 0x4E330F6: ??? (in /usr/lib/x86_64-linux-gnu/libcrypto.so.3)
        n1: 5280 0x4E233B7: ??? (in /usr/lib/x86_64-linux-gnu/libcrypto.so.3)
         n1: 5280 0x4E23758: ??? (in /usr/lib/x86_64-linux-gnu/libcrypto.so.3)
          n1: 5280 0x4DFE804: ??? (in /usr/lib/x86_64-linux-gnu/libcrypto.so.3)
           n1: 5280 0x4DFEAE3: ??? (in /usr/lib/x86_64-linux-gnu/libcrypto.so.3)
            n1: 5280 0x4DE77E1: EVP_MD_fetch (in /usr/lib/x86_64-linux-gnu/libcrypto.so.3)
             n1: 5280 0x489951A: ??? (in /usr/lib/x86_64-linux-gnu/libssl.so.3)
              n1: 5280 0x488C86E: ??? (in /usr/lib/x86_64-linux-gnu/libssl.so.3)
               n1: 5280 0x489A8C7: SSL_CTX_new_ex (in /usr/lib/x86_64-linux-gnu/libssl.so.3)
                n1: 5280 0x10A527: download_model_from_github (in /home/khanh/A37/A35M/btc_predict)
                 n0: 5280 0x10954D: main (in /home/khanh/A37/A35M/btc_predict)
  n1: 4344 0x4F0A5A5: ??? (in /usr/lib/x86_64-linux-gnu/libcrypto.so.3)
   n1: 4344 0x4DFE09E: ??? (in /usr/lib/x86_64-linux-gnu/libcrypto.so.3)
    n1: 4344 0x4E2354D: ??? (in /usr/lib/x86_64-linux-gnu/libcrypto.so.3)
     n1: 4344 0x4E2323F: ??? (in /usr/lib/x86_64-linux-gnu/libcrypto.so.3)
      n1: 4344 0x4E330F6: ??? (in /usr/lib/x86_64-linux-gnu/libcrypto.so.3)
       n1: 4344 0x4E233B7: ??? (in /usr/lib/x86_64-linux-gnu/libcrypto.so.3)
        n1: 4344 0x4E23758: ??? (in /usr/lib/x86_64-linux-gnu/libcrypto.so.3)
         n1: 4344 0x4DFE804: ??? (in /usr/lib/x86_64-linux-gnu/libcrypto.so.3)
          n1: 4344 0x4DFEAE3: ??? (in /usr/lib/x86_64-linux-gnu/libcrypto.so.3)
           n0: 4344 in 5 places, all below massif's threshold (1.00%)
  n1: 4032 0x4E0829B: ??? (in /usr/lib/x86_64-linux-gnu/libcrypto.so.3)
   n1: 4032 0x4DFDF4B: ??? (in /usr/lib/x86_64-linux-gnu/libcrypto.so.3)
    n1: 4032 0x4E23528: ??? (in /usr/lib/x86_64-linux-gnu/libcrypto.so.3)
     n1: 4032 0x4E2323F: ??? (in /usr/lib/x86_64-linux-gnu/libcrypto.so.3)
      n1: 4032 0x4E330F6: ??? (in /usr/lib/x86_64-linux-gnu/libcrypto.so.3)
       n1: 4032 0x4E233B7: ??? (in /usr/lib/x86_64-linux-gnu/libcrypto.so.3)
        n1: 4032 0x4E23758: ??? (in /usr/lib/x86_64-linux-gnu/libcrypto.so.3)
         n1: 4032 0x4DFE804: ??? (in /usr/lib/x86_64-linux-gnu/libcrypto.so.3)
          n1: 4032 0x4DFEAE3: ??? (in /usr/lib/x86_64-linux-gnu/libcrypto.so.3)
           n1: 4032 0x4E0880F: EVP_KEYMGMT_fetch (in /usr/lib/x86_64-linux-gnu/libcrypto.so.3)
            n1: 4032 0x4E14A7F: ??? (in /usr/lib/x86_64-linux-gnu/libcrypto.so.3)
             n1: 4032 0x48A4DC9: ??? (in /usr/lib/x86_64-linux-gnu/libssl.so.3)
              n1: 4032 0x489A8D7: SSL_CTX_new_ex (in /usr/lib/x86_64-linux-gnu/libssl.so.3)
               n1: 4032 0x10A527: download_model_from_github (in /home/khanh/A37/A35M/btc_predict)
                n0: 4032 0x10954D: main (in /home/khanh/A37/A35M/btc_predict)
 n4: 57336 0x4E219A5: OPENSSL_LH_insert (in /usr/lib/x86_64-linux-gnu/libcrypto.so.3)
  n2: 41808 0x4DD9062: ??? (in /usr/lib/x86_64-linux-gnu/libcrypto.so.3)
   n2: 39840 0x4DD9320: ERR_load_strings_const (in /usr/lib/x86_64-linux-gnu/libcrypto.so.3)
    n0: 32184 in 33 places, all below massif's threshold (1.00%)
    n1: 7656 0x48905DB: ??? (in /usr/lib/x86_64-linux-gnu/libssl.so.3)
     n1: 7656 0x489061C: ??? (in /usr/lib/x86_64-linux-gnu/libssl.so.3)
      n1: 7656 0x4A91ED2: __pthread_once_slow (pthread_once.c:116)
       n1: 7656 0x4E3480C: CRYPTO_THREAD_run_once (in /usr/lib/x86_64-linux-gnu/libcrypto.so.3)
        n1: 7656 0x4890754: OPENSSL_init_ssl (in /usr/lib/x86_64-linux-gnu/libssl.so.3)
         n1: 7656 0x489A792: SSL_CTX_new_ex (in /usr/lib/x86_64-linux-gnu/libssl.so.3)
          n1: 7656 0x10A527: download_model_from_github (in /home/khanh/A37/A35M/btc_predict)
           n0: 7656 0x10954D: main (in /home/khanh/A37/A35M/btc_predict)
   n0: 1968 in 2 places, all below massif's threshold (1.00%)
  n2: 9096 0x4E239B0: ??? (in /usr/lib/x86_64-linux-gnu/libcrypto.so.3)
   n1: 6096 0x4E24200: ??? (in /usr/lib/x86_64-linux-gnu/libcrypto.so.3)
    n0: 6096 in 7 places, all below massif's threshold (1.00%)
   n0: 3000 in 1 place, below massif's threshold (1.00%)
  n1: 5424 0x4EEA520: OBJ_NAME_add (in /usr/lib/x86_64-linux-gnu/libcrypto.so.3)
   n0: 5424 in 57 places, all below massif's threshold (1.00%)
  n0: 1008 in 5 places, all below massif's threshold (1.00%)
 n2: 11264 0x4E2194F: OPENSSL_LH_insert (in /usr/lib/x86_64-linux-gnu/libcrypto.so.3)
  n2: 8192 0x4DD9062: ??? (in /usr/lib/x86_64-linux-gnu/libcrypto.so.3)
   n2: 8192 0x4DD9320: ERR_load_strings_const (in /usr/lib/x86_64-linux-gnu/libcrypto.so.3)
    n1: 8192 0x4F5D3FB: ??? (in /usr/lib/x86_64-linux-gnu/libcrypto.so.3)
     n1: 8192 0x4DDAB20: ??? (in /usr/lib/x86_64-linux-gnu/libcrypto.so.3)
      n1: 8192 0x4E266FC: ??? (in /usr/lib/x86_64-linux-gnu/libcrypto.so.3)
       n1: 8192 0x4A91ED2: __pthread_once_slow (pthread_once.c:116)
        n1: 8192 0x4E3480C: CRYPTO_THREAD_run_once (in /usr/lib/x86_64-linux-gnu/libcrypto.so.3)
         n1: 8192 0x4E26BEA: OPENSSL_init_crypto (in /usr/lib/x86_64-linux-gnu/libcrypto.so.3)
          n1: 8192 0x4DD997A: ??? (in /usr/lib/x86_64-linux-gnu/libcrypto.so.3)
           n1: 8192 0x4DDA75C: ERR_set_mark (in /usr/lib/x86_64-linux-gnu/libcrypto.so.3)
            n1: 8192 0x4D49DD5: CONF_modules_load_file_ex (in /usr/lib/x86_64-linux-gnu/libcrypto.so.3)
             n1: 8192 0x4D4A1F0: ??? (in /usr/lib/x86_64-linux-gnu/libcrypto.so.3)
              n1: 8192 0x4E2667E: ??? (in /usr/lib/x86_64-linux-gnu/libcrypto.so.3)
               n1: 8192 0x4A91ED2: __pthread_once_slow (pthread_once.c:116)
                n1: 8192 0x4E3480C: CRYPTO_THREAD_run_once (in /usr/lib/x86_64-linux-gnu/libcrypto.so.3)
                 n1: 8192 0x4E26E43: OPENSSL_init_crypto (in /usr/lib/x86_64-linux-gnu/libcrypto.so.3)
                  n1: 8192 0x48906EC: OPENSSL_init_ssl (in /usr/lib/x86_64-linux-gnu/libssl.so.3)
                   n1: 8192 0x10A51A: download_model_from_github (in /home/khanh/A37/A35M/btc_predict)
                    n0: 8192 0x10954D: main (in /home/khanh/A37/A35M/btc_predict)
    n0: 0 in 3 places, all below massif's threshold (1.00%)
   n0: 0 in 2 places, all below massif's threshold (1.00%)
  n0: 3072 in 3 places, all below massif's threshold (1.00%)
 n0: 8750 in 32 places, all below massif's threshold (1.00%)
 n2: 7812 0x4E29123: CRYPTO_strndup (in /usr/lib/x86_64-linux-gnu/libcrypto.so.3)
  n2: 5630 0x4E23992: ??? (in /usr/lib/x86_64-linux-gnu/libcrypto.so.3)
   n1: 4009 0x4E24200: ??? (in /usr/lib/x86_64-linux-gnu/libcrypto.so.3)
    n0: 4009 in 7 places, all below massif's threshold (1.00%)
   n0: 1621 in 1 place, below massif's threshold (1.00%)
  n0: 2182 in 2 places, all below massif's threshold (1.00%)
 n1: 7240 0x4F0A432: ??? (in /usr/lib/x86_64-linux-gnu/libcrypto.so.3)
  n1: 7240 0x4DFE09E: ??? (in /usr/lib/x86_64-linux-gnu/libcrypto.so.3)
   n1: 7240 0x4E2354D: ??? (in /usr/lib/x86_64-linux-gnu/libcrypto.so.3)
    n1: 7240 0x4E2323F: ??? (in /usr/lib/x86_64-linux-gnu/libcrypto.so.3)
     n1: 7240 0x4E330F6: ??? (in /usr/lib/x86_64-linux-gnu/libcrypto.so.3)
      n1: 7240 0x4E233B7: ??? (in /usr/lib/x86_64-linux-gnu/libcrypto.so.3)
       n1: 7240 0x4E23758: ??? (in /usr/lib/x86_64-linux-gnu/libcrypto.so.3)
        n1: 7240 0x4DFE804: ??? (in /usr/lib/x86_64-linux-gnu/libcrypto.so.3)
         n2: 7240 0x4DFEAE3: ??? (in /usr/lib/x86_64-linux-gnu/libcrypto.so.3)
          n1: 4960 0x4DFC591: EVP_CIPHER_fetch (in /usr/lib/x86_64-linux-gnu/libcrypto.so.3)
           n1: 4960 0x489940A: ??? (in /usr/lib/x86_64-linux-gnu/libssl.so.3)
            n1: 4960 0x488C7E2: ??? (in /usr/lib/x86_64-linux-gnu/libssl.so.3)
             n1: 4960 0x489A8C7: SSL_CTX_new_ex (in /usr/lib/x86_64-linux-gnu/libssl.so.3)
              n1: 4960 0x10A527: download_model_from_github (in /home/khanh/A37/A35M/btc_predict)
               n0: 4960 0x10954D: main (in /home/khanh/A37/A35M/btc_predict)
          n0: 2280 in 4 places, all below massif's threshold (1.00%)
 n1: 5424 0x4EEA4D8: OBJ_NAME_add (in /usr/lib/x86_64-linux-gnu/libcrypto.so.3)
  n0: 5424 in 208 places, all below massif's threshold (1.00%)
#-----------
snapshot=22
#-----------
time=11256163
mem_heap_B=355839
mem_heap_extra_B=81409
mem_stacks_B=0
heap_tree=detailed
n10: 355839 (heap allocation functions) malloc/new/new[], --alloc-fns, etc.
 n12: 187656 0x4E27844: CRYPTO_zalloc (in /usr/lib/x86_64-linux-gnu/libcrypto.so.3)
  n1: 44928 0x4E34642: ??? (in /usr/lib/x86_64-linux-gnu/libcrypto.so.3)
   n1: 44928 0x4F0A5ED: ??? (in /usr/lib/x86_64-linux-gnu/libcrypto.so.3)
    n1: 44928 0x4DFE09E: ??? (in /usr/lib/x86_64-linux-gnu/libcrypto.so.3)
     n1: 44928 0x4E2354D: ??? (in /usr/lib/x86_64-linux-gnu/libcrypto.so.3)
      n1: 44928 0x4E2323F: ??? (in /usr/lib/x86_64-linux-gnu/libcrypto.so.3)
       n1: 44928 0x4E330F6: ??? (in /usr/lib/x86_64-linux-gnu/libcrypto.so.3)
        n1: 44928 0x4E233B7: ??? (in /usr/lib/x86_64-linux-gnu/libcrypto.so.3)
         n2: 44928 0x4E23758: ??? (in /usr/lib/x86_64-linux-gnu/libcrypto.so.3)
          n1: 43648 0x4DFE804: ??? (in /usr/lib/x86_64-linux-gnu/libcrypto.so.3)
           n3: 43648 0x4DFEAE3: ??? (in /usr/lib/x86_64-linux-gnu/libcrypto.so.3)
            n1: 32896 0x4DFC591: EVP_CIPHER_fetch (in /usr/lib/x86_64-linux-gnu/libcrypto.so.3)
             n1: 32896 0x489940A: ??? (in /usr/lib/x86_64-linux-gnu/libssl.so.3)
              n1: 32896 0x488C7E2: ??? (in /usr/lib/x86_64-linux-gnu/libssl.so.3)
               n1: 32896 0x489A8C7: SSL_CTX_new_ex (in /usr/lib/x86_64-linux-gnu/libssl.so.3)
                n1: 32896 0x10A527: download_model_from_github (in /home/khanh/A37/A35M/btc_predict)
                 n0: 32896 0x10954D: main (in /home/khanh/A37/A35M/btc_predict)
            n1: 5504 0x4DE77E1: EVP_MD_fetch (in /usr/lib/x86_64-linux-gnu/libcrypto.so.3)
             n1: 5504 0x489951A: ??? (in /usr/lib/x86_64-linux-gnu/libssl.so.3)
              n1: 5504 0x488C86E: ??? (in /usr/lib/x86_64-linux-gnu/libssl.so.3)
               n1: 5504 0x489A8C7: SSL_CTX_new_ex (in /usr/lib/x86_64-linux-gnu/libssl.so.3)
                n1: 5504 0x10A527: download_model_from_github (in /home/khanh/A37/A35M/btc_predict)
                 n0: 5504 0x10954D: main (in /home/khanh/A37/A35M/btc_predict)
            n0: 5248 in 3 places, all below massif's threshold (1.00%)
          n0: 1280 in 1 place, below massif's threshold (1.00%)
  n1: 31744 0x4DFC503: ??? (in /usr/lib/x86_64-linux-gnu/libcrypto.so.3)
   n1: 31744 0x4DFD976: ??? (in /usr/lib/x86_64-linux-gnu/libcrypto.so.3)
    n1: 31744 0x4DFDF4B: ??? (in /usr/lib/x86_64-linux-gnu/libcrypto.so.3)
     n1: 31744 0x4E23528: ??? (in /usr/lib/x86_64-linux-gnu/libcrypto.so.3)
      n1: 31744 0x4E2323F: ??? (in /usr/lib/x86_64-linux-gnu/libcrypto.so.3)
       n1: 31744 0x4E330F6: ??? (in /usr/lib/x86_64-linux-gnu/libcrypto.so.3)
        n1: 31744 0x4E233B7: ??? (in /usr/lib/x86_64-linux-gnu/libcrypto.so.3)
         n1: 31744 0x4E23758: ??? (in /usr/lib/x86_64-linux-gnu/libcrypto.so.3)
          n1: 31744 0x4DFE804: ??? (in /usr/lib/x86_64-linux-gnu/libcrypto.so.3)
           n1: 31744 0x4DFEAE3: ??? (in /usr/lib/x86_64-linux-gnu/libcrypto.so.3)
            n1: 31744 0x4DFC591: EVP_CIPHER_fetch (in /usr/lib/x86_64-linux-gnu/libcrypto.so.3)
             n1: 31744 0x489940A: ??? (in /usr/lib/x86_64-linux-gnu/libssl.so.3)
              n1: 31744 0x488C7E2: ??? (in /usr/lib/x86_64-linux-gnu/libssl.so.3)
               n1: 31744 0x489A8C7: SSL_CTX_new_ex (in /usr/lib/x86_64-linux-gnu/libssl.so.3)
                n1: 31744 0x10A527: download_model_from_github (in /home/khanh/A37/A35M/btc_predict)
                 n0: 31744 0x10954D: main (in /home/khanh/A37/A35M/btc_predict)
  n2: 24320 0x4E2165B: OPENSSL_LH_new (in /usr/lib/x86_64-linux-gnu/libcrypto.so.3)
   n1: 23808 0x4F0A5D2: ??? (in /usr/lib/x86_64-linux-gnu/libcrypto.so.3)
    n1: 23808 0x4DFE09E: ??? (in /usr/lib/x86_64-linux-gnu/libcrypto.so.3)
     n1: 23808 0x4E2354D: ??? (in /usr/lib/x86_64-linux-gnu/libcrypto.so.3)
      n1: 23808 0x4E2323F: ??? (in /usr/lib/x86_64-linux-gnu/libcrypto.so.3)
       n1: 23808 0x4E330F6: ??? (in /usr/lib/x86_64-linux-gnu/libcrypto.so.3)
        n1: 23808 0x4E233B7: ??? (in /usr/lib/x86_64-linux-gnu/libcrypto.so.3)
         n2: 23808 0x4E23758: ??? (in /usr/lib/x86_64-linux-gnu/libcrypto.so.3)
          n1: 23168 0x4DFE804: ??? (in /usr/lib/x86_64-linux-gnu/libcrypto.so.3)
           n2: 23168 0x4DFEAE3: ??? (in /usr/lib/x86_64-linux-gnu/libcrypto.so.3)
            n1: 15872 0x4DFC591: EVP_CIPHER_fetch (in /usr/lib/x86_64-linux-gnu/libcrypto.so.3)
             n1: 15872 0x489940A: ??? (in /usr/lib/x86_64-linux-gnu/libssl.so.3)
              n1: 15872 0x488C7E2: ??? (in /usr/lib/x86_64-linux-gnu/libssl.so.3)
               n1: 15872 0x489A8C7: SSL_CTX_new_ex (in /usr/lib/x86_64-linux-gnu/libssl.so.3)
                n1: 15872 0x10A527: download_model_from_github (in /home/khanh/A37/A35M/btc_predict)
                 n0: 15872 0x10954D: main (in /home/khanh/A37/A35M/btc_predict)
            n0: 7296 in 4 places, all below massif's threshold (1.00%)
          n0: 640 in 1 place, below massif's threshold (1.00%)
   n0: 512 in 8 places, all below massif's threshold (1.00%)
  n0: 23192 in 49 places, all below massif's threshold (1.00%)
  n2: 13896 0x4E2163D: OPENSSL_LH_new (in /usr/lib/x86_64-linux-gnu/libcrypto.so.3)
   n1: 13392 0x4F0A5D2: ??? (in /usr/lib/x86_64-linux-gnu/libcrypto.so.3)
    n1: 13392 0x4DFE09E: ??? (in /usr/lib/x86_64-linux-gnu/libcrypto.so.3)
     n1: 13392 0x4E2354D: ??? (in /usr/lib/x86_64-linux-gnu/libcrypto.so.3)
      n1: 13392 0x4E2323F: ??? (in /usr/lib/x86_64-linux-gnu/libcrypto.so.3)
       n1: 13392 0x4E330F6: ??? (in /usr/lib/x86_64-linux-gnu/libcrypto.so.3)
        n1: 13392 0x4E233B7: ??? (in /usr/lib/x86_64-linux-gnu/libcrypto.so.3)
         n2: 13392 0x4E23758: ??? (in /usr/lib/x86_64-linux-gnu/libcrypto.so.3)
          n1: 13032 0x4DFE804: ??? (in /usr/lib/x86_64-linux-gnu/libcrypto.so.3)
           n2: 13032 0x4DFEAE3: ??? (in /usr/lib/x86_64-linux-gnu/libcrypto.so.3)
            n1: 8928 0x4DFC591: EVP_CIPHER_fetch (in /usr/lib/x86_64-linux-gnu/libcrypto.so.3)
             n1: 8928 0x489940A: ??? (in /usr/lib/x86_64-linux-gnu/libssl.so.3)
              n1: 8928 0x488C7E2: ??? (in /usr/lib/x86_64-linux-gnu/libssl.so.3)
               n1: 8928 0x489A8C7: SSL_CTX_new_ex (in /usr/lib/x86_64-linux-gnu/libssl.so.3)
                n1: 8928 0x10A527: download_model_from_github (in /home/khanh/A37/A35M/btc_predict)
                 n0: 8928 0x10954D: main (in /home/khanh/A37/A35M/btc_predict)
            n0: 4104 in 4 places, all below massif's threshold (1.00%)
          n0: 360 in 1 place, below massif's threshold (1.00%)
   n0: 504 in 8 places, all below massif's threshold (1.00%)
  n2: 13440 0x4E34703: CRYPTO_THREAD_lock_new (in /usr/lib/x86_64-linux-gnu/libcrypto.so.3)
   n1: 6944 0x4DFC510: ??? (in /usr/lib/x86_64-linux-gnu/libcrypto.so.3)
    n1: 6944 0x4DFD976: ??? (in /usr/lib/x86_64-linux-gnu/libcrypto.so.3)
     n1: 6944 0x4DFDF4B: ??? (in /usr/lib/x86_64-linux-gnu/libcrypto.so.3)
      n1: 6944 0x4E23528: ??? (in /usr/lib/x86_64-linux-gnu/libcrypto.so.3)
       n1: 6944 0x4E2323F: ??? (in /usr/lib/x86_64-linux-gnu/libcrypto.so.3)
        n1: 6944 0x4E330F6: ??? (in /usr/lib/x86_64-linux-gnu/libcrypto.so.3)
         n1: 6944 0x4E233B7: ??? (in /usr/lib/x86_64-linux-gnu/libcrypto.so.3)
          n1: 6944 0x4E23758: ??? (in /usr/lib/x86_64-linux-gnu/libcrypto.so.3)
           n1: 6944 0x4DFE804: ??? (in /usr/lib/x86_64-linux-gnu/libcrypto.so.3)
            n1: 6944 0x4DFEAE3: ??? (in /usr/lib/x86_64-linux-gnu/libcrypto.so.3)
             n1: 6944 0x4DFC591: EVP_CIPHER_fetch (in /usr/lib/x86_64-linux-gnu/libcrypto.so.3)
              n1: 6944 0x489940A: ??? (in /usr/lib/x86_64-linux-gnu/libssl.so.3)
               n1: 6944 0x488C7E2: ??? (in /usr/lib/x86_64-linux-gnu/libssl.so.3)
                n1: 6944 0x489A8C7: SSL_CTX_new_ex (in /usr/lib/x86_64-linux-gnu/libssl.so.3)
                 n1: 6944 0x10A527: download_model_from_github (in /home/khanh/A37/A35M/btc_predict)
                  n0: 6944 0x10954D: main (in /home/khanh/A37/A35M/btc_predict)
   n0: 6496 in 37 places, all below massif's threshold (1.00%)
  n1: 7608 0x4899D20: SSL_new (in /usr/lib/x86_64-linux-gnu/libssl.so.3)
   n1: 7608 0x10A5B5: download_model_from_github (in /home/khanh/A37/A35M/btc_predict)
    n0: 7608 0x10954D: main (in /home/khanh/A37/A35M/btc_predict)
  n2: 6496 0x4F5184D: OPENSSL_sk_new_reserve (in /usr/lib/x86_64-linux-gnu/libcrypto.so.3)
   n1: 5952 0x4F0A5B6: ??? (in /usr/lib/x86_64-linux-gnu/libcrypto.so.3)
    n1: 5952 0x4DFE09E: ??? (in /usr/lib/x86_64-linux-gnu/libcrypto.so.3)
     n1: 5952 0x4E2354D: ??? (in /usr/lib/x86_64-linux-gnu/libcrypto.so.3)
      n1: 5952 0x4E2323F: ??? (in /usr/lib/x86_64-linux-gnu/libcrypto.so.3)
       n1: 5952 0x4E330F6: ??? (in /usr/lib/x86_64-linux-gnu/libcrypto.so.3)
        n1: 5952 0x4E233B7: ??? (in /usr/lib/x86_64-linux-gnu/libcrypto.so.3)
         n2: 5952 0x4E23758: ??? (in /usr/lib/x86_64-linux-gnu/libcrypto.so.3)
          n1: 5792 0x4DFE804: ??? (in /usr/lib/x86_64-linux-gnu/libcrypto.so.3)
           n1: 5792 0x4DFEAE3: ??? (in /usr/lib/x86_64-linux-gnu/libcrypto.so.3)
            n0: 5792 in 5 places, all below massif's threshold (1.00%)
          n0: 160 in 1 place, below massif's threshold (1.00%)
   n0: 544 in 20 places, all below massif's threshold (1.00%)
  n1: 6144 0x4E23976: ??? (in /usr/lib/x86_64-linux-gnu/libcrypto.so.3)
   n0: 6144 in 2 places, all below massif's threshold (1.00%)
  n1: 6144 0x4F50E12: ??? (in /usr/lib/x86_64-linux-gnu/libcrypto.so.3)
   n2: 6144 0x4F51134: OPENSSL_sk_insert (in /usr/lib/x86_64-linux-gnu/libcrypto.so.3)
    n1: 5952 0x4F0A6AB: ??? (in /usr/lib/x86_64-linux-gnu/libcrypto.so.3)
     n1: 5952 0x4DFE09E: ??? (in /usr/lib/x86_64-linux-gnu/libcrypto.so.3)
      n1: 5952 0x4E2354D: ??? (in /usr/lib/x86_64-linux-gnu/libcrypto.so.3)
       n1: 5952 0x4E2323F: ??? (in /usr/lib/x86_64-linux-gnu/libcrypto.so.3)
        n1: 5952 0x4E330F6: ??? (in /usr/lib/x86_64-linux-gnu/libcrypto.so.3)
         n1: 5952 0x4E233B7: ??? (in /usr/lib/x86_64-linux-gnu/libcrypto.so.3)
          n2: 5952 0x4E23758: ??? (in /usr/lib/x86_64-linux-gnu/libcrypto.so.3)
           n1: 5792 0x4DFE804: ??? (in /usr/lib/x86_64-linux-gnu/libcrypto.so.3)
            n1: 5792 0x4DFEAE3: ??? (in /usr/lib/x86_64-linux-gnu/libcrypto.so.3)
             n0: 5792 in 5 places, all below massif's threshold (1.00%)
           n0: 160 in 1 place, below massif's threshold (1.00%)
    n0: 192 in 12 places, all below massif's threshold (1.00%)
  n1: 5280 0x4DE7753: ??? (in /usr/lib/x86_64-linux-gnu/libcrypto.so.3)
   n1: 5280 0x4DE88E8: ??? (in /usr/lib/x86_64-linux-gnu/libcrypto.so.3)
    n1: 5280 0x4DFDF4B: ??? (in /usr/lib/x86_64-linux-gnu/libcrypto.so.3)
     n1: 5280 0x4E23528: ??? (in /usr/lib/x86_64-linux-gnu/libcrypto.so.3)
      n1: 5280 0x4E2323F: ??? (in /usr/lib/x86_64-linux-gnu/libcrypto.so.3)
       n1: 5280 0x4E330F6: ??? (in /usr/lib/x86_64-linux-gnu/libcrypto.so.3)
        n1: 5280 0x4E233B7: ??? (in /usr/lib/x86_64-linux-gnu/libcrypto.so.3)
         n1: 5280 0x4E23758: ??? (in /usr/lib/x86_64-linux-gnu/libcrypto.so.3)
          n1: 5280 0x4DFE804: ??? (in /usr/lib/x86_64-linux-gnu/libcrypto.so.3)
           n1: 5280 0x4DFEAE3: ??? (in /usr/lib/x86_64-linux-gnu/libcrypto.so.3)
            n1: 5280 0x4DE77E1: EVP_MD_fetch (in /usr/lib/x86_64-linux-gnu/libcrypto.so.3)
             n1: 5280 0x489951A: ??? (in /usr/lib/x86_64-linux-gnu/libssl.so.3)
              n1: 5280 0x488C86E: ??? (in /usr/lib/x86_64-linux-gnu/libssl.so.3)
               n1: 5280 0x489A8C7: SSL_CTX_new_ex (in /usr/lib/x86_64-linux-gnu/libssl.so.3)
                n1: 5280 0x10A527: download_model_from_github (in /home/khanh/A37/A35M/btc_predict)
                 n0: 5280 0x10954D: main (in /home/khanh/A37/A35M/btc_predict)
  n1: 4464 0x4F0A5A5: ??? (in /usr/lib/x86_64-linux-gnu/libcrypto.so.3)
   n1: 4464 0x4DFE09E: ??? (in /usr/lib/x86_64-linux-gnu/libcrypto.so.3)
    n1: 4464 0x4E2354D: ??? (in /usr/lib/x86_64-linux-gnu/libcrypto.so.3)
     n1: 4464 0x4E2323F: ??? (in /usr/lib/x86_64-linux-gnu/libcrypto.so.3)
      n1: 4464 0x4E330F6: ??? (in /usr/lib/x86_64-linux-gnu/libcrypto.so.3)
       n1: 4464 0x4E233B7: ??? (in /usr/lib/x86_64-linux-gnu/libcrypto.so.3)
        n1: 4464 0x4E23758: ??? (in /usr/lib/x86_64-linux-gnu/libcrypto.so.3)
         n0: 4464 in 2 places, all below massif's threshold (1.00%)
 n4: 57552 0x4E219A5: OPENSSL_LH_insert (in /usr/lib/x86_64-linux-gnu/libcrypto.so.3)
  n2: 41808 0x4DD9062: ??? (in /usr/lib/x86_64-linux-gnu/libcrypto.so.3)
   n2: 39840 0x4DD9320: ERR_load_strings_const (in /usr/lib/x86_64-linux-gnu/libcrypto.so.3)
    n0: 32184 in 33 places, all below massif's threshold (1.00%)
    n1: 7656 0x48905DB: ??? (in /usr/lib/x86_64-linux-gnu/libssl.so.3)
     n1: 7656 0x489061C: ??? (in /usr/lib/x86_64-linux-gnu/libssl.so.3)
      n1: 7656 0x4A91ED2: __pthread_once_slow (pthread_once.c:116)
       n1: 7656 0x4E3480C: CRYPTO_THREAD_run_once (in /usr/lib/x86_64-linux-gnu/libcrypto.so.3)
        n1: 7656 0x4890754: OPENSSL_init_ssl (in /usr/lib/x86_64-linux-gnu/libssl.so.3)
         n1: 7656 0x489A792: SSL_CTX_new_ex (in /usr/lib/x86_64-linux-gnu/libssl.so.3)
          n1: 7656 0x10A527: download_model_from_github (in /home/khanh/A37/A35M/btc_predict)
           n0: 7656 0x10954D: main (in /home/khanh/A37/A35M/btc_predict)
   n0: 1968 in 2 places, all below massif's threshold (1.00%)
  n2: 9216 0x4E239B0: ??? (in /usr/lib/x86_64-linux-gnu/libcrypto.so.3)
   n1: 6096 0x4E24200: ??? (in /usr/lib/x86_64-linux-gnu/libcrypto.so.3)
    n0: 6096 in 7 places, all below massif's threshold (1.00%)
   n0: 3120 in 1 place, below massif's threshold (1.00%)
  n1: 5424 0x4EEA520: OBJ_NAME_add (in /usr/lib/x86_64-linux-gnu/libcrypto.so.3)
   n0: 5424 in 57 places, all below massif's threshold (1.00%)
  n0: 1104 in 5 places, all below massif's threshold (1.00%)
 n0: 23454 in 50 places, all below massif's threshold (1.00%)
 n2: 21848 0x4D1F203: BUF_MEM_grow (in /usr/lib/x86_64-linux-gnu/libcrypto.so.3)
  n1: 21848 0x48C68F1: ??? (in /usr/lib/x86_64-linux-gnu/libssl.so.3)
   n1: 21848 0x10A5E0: download_model_from_github (in /home/khanh/A37/A35M/btc_predict)
    n0: 21848 0x10954D: main (in /home/khanh/A37/A35M/btc_predict)
  n0: 0 in 2 places, all below massif's threshold (1.00%)
 n1: 16712 0x48B4A4D: ??? (in /usr/lib/x86_64-linux-gnu/libssl.so.3)
  n1: 16712 0x48B4C74: ??? (in /usr/lib/x86_64-linux-gnu/libssl.so.3)
   n1: 16712 0x48C5E95: ??? (in /usr/lib/x86_64-linux-gnu/libssl.so.3)
    n1: 16712 0x10A5E0: download_model_from_github (in /home/khanh/A37/A35M/btc_predict)
     n0: 16712 0x10954D: main (in /home/khanh/A37/A35M/btc_predict)
 n1: 16584 0x48B4BFF: ??? (in /usr/lib/x86_64-linux-gnu/libssl.so.3)
  n1: 16584 0x48B4C87: ??? (in /usr/lib/x86_64-linux-gnu/libssl.so.3)
   n1: 16584 0x48C5E95: ??? (in /usr/lib/x86_64-linux-gnu/libssl.so.3)
    n1: 16584 0x10A5E0: download_model_from_github (in /home/khanh/A37/A35M/btc_predict)
     n0: 16584 0x10954D: main (in /home/khanh/A37/A35M/btc_predict)
 n2: 11264 0x4E2194F: OPENSSL_LH_insert (in /usr/lib/x86_64-linux-gnu/libcrypto.so.3)
  n2: 8192 0x4DD9062: ??? (in /usr/lib/x86_64-linux-gnu/libcrypto.so.3)
   n2: 8192 0x4DD9320: ERR_load_strings_const (in /usr/lib/x86_64-linux-gnu/libcrypto.so.3)
    n1: 8192 0x4F5D3FB: ??? (in /usr/lib/x86_64-linux-gnu/libcrypto.so.3)
     n1: 8192 0x4DDAB20: ??? (in /usr/lib/x86_64-linux-gnu/libcrypto.so.3)
      n1: 8192 0x4E266FC: ??? (in /usr/lib/x86_64-linux-gnu/libcrypto.so.3)
       n1: 8192 0x4A91ED2: __pthread_once_slow (pthread_once.c:116)
        n1: 8192 0x4E3480C: CRYPTO_THREAD_run_once (in /usr/lib/x86_64-linux-gnu/libcrypto.so.3)
         n1: 8192 0x4E26BEA: OPENSSL_init_crypto (in /usr/lib/x86_64-linux-gnu/libcrypto.so.3)
          n1: 8192 0x4DD997A: ??? (in /usr/lib/x86_64-linux-gnu/libcrypto.so.3)
           n1: 8192 0x4DDA75C: ERR_set_mark (in /usr/lib/x86_64-linux-gnu/libcrypto.so.3)
            n1: 8192 0x4D49DD5: CONF_modules_load_file_ex (in /usr/lib/x86_64-linux-gnu/libcrypto.so.3)
             n1: 8192 0x4D4A1F0: ??? (in /usr/lib/x86_64-linux-gnu/libcrypto.so.3)
              n1: 8192 0x4E2667E: ??? (in /usr/lib/x86_64-linux-gnu/libcrypto.so.3)
               n1: 8192 0x4A91ED2: __pthread_once_slow (pthread_once.c:116)
                n1: 8192 0x4E3480C: CRYPTO_THREAD_run_once (in /usr/lib/x86_64-linux-gnu/libcrypto.so.3)
                 n1: 8192 0x4E26E43: OPENSSL_init_crypto (in /usr/lib/x86_64-linux-gnu/libcrypto.so.3)
                  n1: 8192 0x48906EC: OPENSSL_init_ssl (in /usr/lib/x86_64-linux-gnu/libssl.so.3)
                   n1: 8192 0x10A51A: download_model_from_github (in /home/khanh/A37/A35M/btc_predict)
                    n0: 8192 0x10954D: main (in /home/khanh/A37/A35M/btc_predict)
    n0: 0 in 3 places, all below massif's threshold (1.00%)
   n0: 0 in 2 places, all below massif's threshold (1.00%)
  n0: 3072 in 3 places, all below massif's threshold (1.00%)
 n2: 7905 0x4E29123: CRYPTO_strndup (in /usr/lib/x86_64-linux-gnu/libcrypto.so.3)
  n1: 5678 0x4E23992: ??? (in /usr/lib/x86_64-linux-gnu/libcrypto.so.3)
   n0: 5678 in 2 places, all below massif's threshold (1.00%)
  n0: 2227 in 3 places, all below massif's threshold (1.00%)
 n1: 7440 0x4F0A432: ??? (in /usr/lib/x86_64-linux-gnu/libcrypto.so.3)
  n1: 7440 0x4DFE09E: ??? (in /usr/lib/x86_64-linux-gnu/libcrypto.so.3)
   n1: 7440 0x4E2354D: ??? (in /usr/lib/x86_64-linux-gnu/libcrypto.so.3)
    n1: 7440 0x4E2323F: ??? (in /usr/lib/x86_64-linux-gnu/libcrypto.so.3)
     n1: 7440 0x4E330F6: ??? (in /usr/lib/x86_64-linux-gnu/libcrypto.so.3)
      n1: 7440 0x4E233B7: ??? (in /usr/lib/x86_64-linux-gnu/libcrypto.so.3)
       n2: 7440 0x4E23758: ??? (in /usr/lib/x86_64-linux-gnu/libcrypto.so.3)
        n1: 7240 0x4DFE804: ??? (in /usr/lib/x86_64-linux-gnu/libcrypto.so.3)
         n2: 7240 0x4DFEAE3: ??? (in /usr/lib/x86_64-linux-gnu/libcrypto.so.3)
          n1: 4960 0x4DFC591: EVP_CIPHER_fetch (in /usr/lib/x86_64-linux-gnu/libcrypto.so.3)
           n1: 4960 0x489940A: ??? (in /usr/lib/x86_64-linux-gnu/libssl.so.3)
            n1: 4960 0x488C7E2: ??? (in /usr/lib/x86_64-linux-gnu/libssl.so.3)
             n1: 4960 0x489A8C7: SSL_CTX_new_ex (in /usr/lib/x86_64-linux-gnu/libssl.so.3)
              n1: 4960 0x10A527: download_model_from_github (in /home/khanh/A37/A35M/btc_predict)
               n0: 4960 0x10954D: main (in /home/khanh/A37/A35M/btc_predict)
          n0: 2280 in 4 places, all below massif's threshold (1.00%)
        n0: 200 in 1 place, below massif's threshold (1.00%)
 n1: 5424 0x4EEA4D8: OBJ_NAME_add (in /usr/lib/x86_64-linux-gnu/libcrypto.so.3)
  n0: 5424 in 208 places, all below massif's threshold (1.00%)
#-----------
snapshot=23
#-----------
time=11948193
mem_heap_B=359599
mem_heap_extra_B=81537
mem_stacks_B=0
heap_tree=empty
#-----------
snapshot=24
#-----------
time=12563979
mem_heap_B=358453
mem_heap_extra_B=81579
mem_stacks_B=0
heap_tree=empty
#-----------
snapshot=25
#-----------
time=13066873
mem_heap_B=374815
mem_heap_extra_B=85289
mem_stacks_B=0
heap_tree=empty
#-----------
snapshot=26
#-----------
time=13376395
mem_heap_B=379045
mem_heap_extra_B=86443
mem_stacks_B=0
heap_tree=empty
#-----------
snapshot=27
#-----------
time=13794280
mem_heap_B=387317
mem_heap_extra_B=88627
mem_stacks_B=0
heap_tree=detailed
n10: 387317 (heap allocation functions) malloc/new/new[], --alloc-fns, etc.
 n12: 210488 0x4E27844: CRYPTO_zalloc (in /usr/lib/x86_64-linux-gnu/libcrypto.so.3)
  n1: 48768 0x4E34642: ??? (in /usr/lib/x86_64-linux-gnu/libcrypto.so.3)
   n2: 48768 0x4F0A5ED: ??? (in /usr/lib/x86_64-linux-gnu/libcrypto.so.3)
    n1: 48640 0x4DFE09E: ??? (in /usr/lib/x86_64-linux-gnu/libcrypto.so.3)
     n1: 48640 0x4E2354D: ??? (in /usr/lib/x86_64-linux-gnu/libcrypto.so.3)
      n1: 48640 0x4E2323F: ??? (in /usr/lib/x86_64-linux-gnu/libcrypto.so.3)
       n1: 48640 0x4E330F6: ??? (in /usr/lib/x86_64-linux-gnu/libcrypto.so.3)
        n1: 48640 0x4E233B7: ??? (in /usr/lib/x86_64-linux-gnu/libcrypto.so.3)
         n2: 48640 0x4E23758: ??? (in /usr/lib/x86_64-linux-gnu/libcrypto.so.3)
          n1: 44928 0x4DFE804: ??? (in /usr/lib/x86_64-linux-gnu/libcrypto.so.3)
           n3: 44928 0x4DFEAE3: ??? (in /usr/lib/x86_64-linux-gnu/libcrypto.so.3)
            n1: 32896 0x4DFC591: EVP_CIPHER_fetch (in /usr/lib/x86_64-linux-gnu/libcrypto.so.3)
             n1: 32896 0x489940A: ??? (in /usr/lib/x86_64-linux-gnu/libssl.so.3)
              n1: 32896 0x488C7E2: ??? (in /usr/lib/x86_64-linux-gnu/libssl.so.3)
               n1: 32896 0x489A8C7: SSL_CTX_new_ex (in /usr/lib/x86_64-linux-gnu/libssl.so.3)
                n1: 32896 0x10A527: download_model_from_github (in /home/khanh/A37/A35M/btc_predict)
                 n0: 32896 0x10954D: main (in /home/khanh/A37/A35M/btc_predict)
            n0: 6528 in 4 places, all below massif's threshold (1.00%)
            n1: 5504 0x4DE77E1: EVP_MD_fetch (in /usr/lib/x86_64-linux-gnu/libcrypto.so.3)
             n1: 5504 0x489951A: ??? (in /usr/lib/x86_64-linux-gnu/libssl.so.3)
              n1: 5504 0x488C86E: ??? (in /usr/lib/x86_64-linux-gnu/libssl.so.3)
               n1: 5504 0x489A8C7: SSL_CTX_new_ex (in /usr/lib/x86_64-linux-gnu/libssl.so.3)
                n1: 5504 0x10A527: download_model_from_github (in /home/khanh/A37/A35M/btc_predict)
                 n0: 5504 0x10954D: main (in /home/khanh/A37/A35M/btc_predict)
          n0: 3712 in 1 place, below massif's threshold (1.00%)
    n0: 128 in 1 place, below massif's threshold (1.00%)
  n1: 31744 0x4DFC503: ??? (in /usr/lib/x86_64-linux-gnu/libcrypto.so.3)
   n1: 31744 0x4DFD976: ??? (in /usr/lib/x86_64-linux-gnu/libcrypto.so.3)
    n1: 31744 0x4DFDF4B: ??? (in /usr/lib/x86_64-linux-gnu/libcrypto.so.3)
     n1: 31744 0x4E23528: ??? (in /usr/lib/x86_64-linux-gnu/libcrypto.so.3)
      n1: 31744 0x4E2323F: ??? (in /usr/lib/x86_64-linux-gnu/libcrypto.so.3)
       n1: 31744 0x4E330F6: ??? (in /usr/lib/x86_64-linux-gnu/libcrypto.so.3)
        n1: 31744 0x4E233B7: ??? (in /usr/lib/x86_64-linux-gnu/libcrypto.so.3)
         n1: 31744 0x4E23758: ??? (in /usr/lib/x86_64-linux-gnu/libcrypto.so.3)
          n1: 31744 0x4DFE804: ??? (in /usr/lib/x86_64-linux-gnu/libcrypto.so.3)
           n1: 31744 0x4DFEAE3: ??? (in /usr/lib/x86_64-linux-gnu/libcrypto.so.3)
            n1: 31744 0x4DFC591: EVP_CIPHER_fetch (in /usr/lib/x86_64-linux-gnu/libcrypto.so.3)
             n1: 31744 0x489940A: ??? (in /usr/lib/x86_64-linux-gnu/libssl.so.3)
              n1: 31744 0x488C7E2: ??? (in /usr/lib/x86_64-linux-gnu/libssl.so.3)
               n1: 31744 0x489A8C7: SSL_CTX_new_ex (in /usr/lib/x86_64-linux-gnu/libssl.so.3)
                n1: 31744 0x10A527: download_model_from_github (in /home/khanh/A37/A35M/btc_predict)
                 n0: 31744 0x10954D: main (in /home/khanh/A37/A35M/btc_predict)
  n0: 31680 in 80 places, all below massif's threshold (1.00%)
  n2: 27520 0x4E2165B: OPENSSL_LH_new (in /usr/lib/x86_64-linux-gnu/libcrypto.so.3)
   n2: 27008 0x4F0A5D2: ??? (in /usr/lib/x86_64-linux-gnu/libcrypto.so.3)
    n1: 26496 0x4DFE09E: ??? (in /usr/lib/x86_64-linux-gnu/libcrypto.so.3)
     n1: 26496 0x4E2354D: ??? (in /usr/lib/x86_64-linux-gnu/libcrypto.so.3)
      n1: 26496 0x4E2323F: ??? (in /usr/lib/x86_64-linux-gnu/libcrypto.so.3)
       n1: 26496 0x4E330F6: ??? (in /usr/lib/x86_64-linux-gnu/libcrypto.so.3)
        n1: 26496 0x4E233B7: ??? (in /usr/lib/x86_64-linux-gnu/libcrypto.so.3)
         n2: 26496 0x4E23758: ??? (in /usr/lib/x86_64-linux-gnu/libcrypto.so.3)
          n1: 24320 0x4DFE804: ??? (in /usr/lib/x86_64-linux-gnu/libcrypto.so.3)
           n2: 24320 0x4DFEAE3: ??? (in /usr/lib/x86_64-linux-gnu/libcrypto.so.3)
            n1: 15872 0x4DFC591: EVP_CIPHER_fetch (in /usr/lib/x86_64-linux-gnu/libcrypto.so.3)
             n1: 15872 0x489940A: ??? (in /usr/lib/x86_64-linux-gnu/libssl.so.3)
              n1: 15872 0x488C7E2: ??? (in /usr/lib/x86_64-linux-gnu/libssl.so.3)
               n1: 15872 0x489A8C7: SSL_CTX_new_ex (in /usr/lib/x86_64-linux-gnu/libssl.so.3)
                n1: 15872 0x10A527: download_model_from_github (in /home/khanh/A37/A35M/btc_predict)
                 n0: 15872 0x10954D: main (in /home/khanh/A37/A35M/btc_predict)
            n0: 8448 in 5 places, all below massif's threshold (1.00%)
          n0: 2176 in 1 place, below massif's threshold (1.00%)
    n0: 512 in 1 place, below massif's threshold (1.00%)
   n0: 512 in 8 places, all below massif's threshold (1.00%)
  n2: 16072 0x4E34703: CRYPTO_THREAD_lock_new (in /usr/lib/x86_64-linux-gnu/libcrypto.so.3)
   n0: 9128 in 43 places, all below massif's threshold (1.00%)
   n1: 6944 0x4DFC510: ??? (in /usr/lib/x86_64-linux-gnu/libcrypto.so.3)
    n1: 6944 0x4DFD976: ??? (in /usr/lib/x86_64-linux-gnu/libcrypto.so.3)
     n1: 6944 0x4DFDF4B: ??? (in /usr/lib/x86_64-linux-gnu/libcrypto.so.3)
      n1: 6944 0x4E23528: ??? (in /usr/lib/x86_64-linux-gnu/libcrypto.so.3)
       n1: 6944 0x4E2323F: ??? (in /usr/lib/x86_64-linux-gnu/libcrypto.so.3)
        n1: 6944 0x4E330F6: ??? (in /usr/lib/x86_64-linux-gnu/libcrypto.so.3)
         n1: 6944 0x4E233B7: ??? (in /usr/lib/x86_64-linux-gnu/libcrypto.so.3)
          n1: 6944 0x4E23758: ??? (in /usr/lib/x86_64-linux-gnu/libcrypto.so.3)
           n1: 6944 0x4DFE804: ??? (in /usr/lib/x86_64-linux-gnu/libcrypto.so.3)
            n1: 6944 0x4DFEAE3: ??? (in /usr/lib/x86_64-linux-gnu/libcrypto.so.3)
             n1: 6944 0x4DFC591: EVP_CIPHER_fetch (in /usr/lib/x86_64-linux-gnu/libcrypto.so.3)
              n1: 6944 0x489940A: ??? (in /usr/lib/x86_64-linux-gnu/libssl.so.3)
               n1: 6944 0x488C7E2: ??? (in /usr/lib/x86_64-linux-gnu/libssl.so.3)
                n1: 6944 0x489A8C7: SSL_CTX_new_ex (in /usr/lib/x86_64-linux-gnu/libssl.so.3)
                 n1: 6944 0x10A527: download_model_from_github (in /home/khanh/A37/A35M/btc_predict)
                  n0: 6944 0x10954D: main (in /home/khanh/A37/A35M/btc_predict)
  n2: 15696 0x4E2163D: OPENSSL_LH_new (in /usr/lib/x86_64-linux-gnu/libcrypto.so.3)
   n2: 15192 0x4F0A5D2: ??? (in /usr/lib/x86_64-linux-gnu/libcrypto.so.3)
    n1: 14904 0x4DFE09E: ??? (in /usr/lib/x86_64-linux-gnu/libcrypto.so.3)
     n1: 14904 0x4E2354D: ??? (in /usr/lib/x86_64-linux-gnu/libcrypto.so.3)
      n1: 14904 0x4E2323F: ??? (in /usr/lib/x86_64-linux-gnu/libcrypto.so.3)
       n1: 14904 0x4E330F6: ??? (in /usr/lib/x86_64-linux-gnu/libcrypto.so.3)
        n1: 14904 0x4E233B7: ??? (in /usr/lib/x86_64-linux-gnu/libcrypto.so.3)
         n2: 14904 0x4E23758: ??? (in /usr/lib/x86_64-linux-gnu/libcrypto.so.3)
          n1: 13680 0x4DFE804: ??? (in /usr/lib/x86_64-linux-gnu/libcrypto.so.3)
           n2: 13680 0x4DFEAE3: ??? (in /usr/lib/x86_64-linux-gnu/libcrypto.so.3)
            n1: 8928 0x4DFC591: EVP_CIPHER_fetch (in /usr/lib/x86_64-linux-gnu/libcrypto.so.3)
             n1: 8928 0x489940A: ??? (in /usr/lib/x86_64-linux-gnu/libssl.so.3)
              n1: 8928 0x488C7E2: ??? (in /usr/lib/x86_64-linux-gnu/libssl.so.3)
               n1: 8928 0x489A8C7: SSL_CTX_new_ex (in /usr/lib/x86_64-linux-gnu/libssl.so.3)
                n1: 8928 0x10A527: download_model_from_github (in /home/khanh/A37/A35M/btc_predict)
                 n0: 8928 0x10954D: main (in /home/khanh/A37/A35M/btc_predict)
            n0: 4752 in 5 places, all below massif's threshold (1.00%)
          n0: 1224 in 1 place, below massif's threshold (1.00%)
    n0: 288 in 1 place, below massif's threshold (1.00%)
   n0: 504 in 8 places, all below massif's threshold (1.00%)
  n1: 7608 0x4899D20: SSL_new (in /usr/lib/x86_64-linux-gnu/libssl.so.3)
   n1: 7608 0x10A5B5: download_model_from_github (in /home/khanh/A37/A35M/btc_predict)
    n0: 7608 0x10954D: main (in /home/khanh/A37/A35M/btc_predict)
  n2: 7488 0x4F5184D: OPENSSL_sk_new_reserve (in /usr/lib/x86_64-linux-gnu/libcrypto.so.3)
   n2: 6752 0x4F0A5B6: ??? (in /usr/lib/x86_64-linux-gnu/libcrypto.so.3)
    n1: 6624 0x4DFE09E: ??? (in /usr/lib/x86_64-linux-gnu/libcrypto.so.3)
     n1: 6624 0x4E2354D: ??? (in /usr/lib/x86_64-linux-gnu/libcrypto.so.3)
      n1: 6624 0x4E2323F: ??? (in /usr/lib/x86_64-linux-gnu/libcrypto.so.3)
       n1: 6624 0x4E330F6: ??? (in /usr/lib/x86_64-linux-gnu/libcrypto.so.3)
        n1: 6624 0x4E233B7: ??? (in /usr/lib/x86_64-linux-gnu/libcrypto.so.3)
         n2: 6624 0x4E23758: ??? (in /usr/lib/x86_64-linux-gnu/libcrypto.so.3)
          n1: 6080 0x4DFE804: ??? (in /usr/lib/x86_64-linux-gnu/libcrypto.so.3)
           n1: 6080 0x4DFEAE3: ??? (in /usr/lib/x86_64-linux-gnu/libcrypto.so.3)
            n0: 6080 in 6 places, all below massif's threshold (1.00%)
          n0: 544 in 1 place, below massif's threshold (1.00%)
    n0: 128 in 1 place, below massif's threshold (1.00%)
   n0: 736 in 28 places, all below massif's threshold (1.00%)
  n1: 7040 0x4F50E12: ??? (in /usr/lib/x86_64-linux-gnu/libcrypto.so.3)
   n2: 7040 0x4F51134: OPENSSL_sk_insert (in /usr/lib/x86_64-linux-gnu/libcrypto.so.3)
    n2: 6720 0x4F0A6AB: ??? (in /usr/lib/x86_64-linux-gnu/libcrypto.so.3)
     n1: 6624 0x4DFE09E: ??? (in /usr/lib/x86_64-linux-gnu/libcrypto.so.3)
      n1: 6624 0x4E2354D: ??? (in /usr/lib/x86_64-linux-gnu/libcrypto.so.3)
       n1: 6624 0x4E2323F: ??? (in /usr/lib/x86_64-linux-gnu/libcrypto.so.3)
        n1: 6624 0x4E330F6: ??? (in /usr/lib/x86_64-linux-gnu/libcrypto.so.3)
         n1: 6624 0x4E233B7: ??? (in /usr/lib/x86_64-linux-gnu/libcrypto.so.3)
          n2: 6624 0x4E23758: ??? (in /usr/lib/x86_64-linux-gnu/libcrypto.so.3)
           n1: 6080 0x4DFE804: ??? (in /usr/lib/x86_64-linux-gnu/libcrypto.so.3)
            n1: 6080 0x4DFEAE3: ??? (in /usr/lib/x86_64-linux-gnu/libcrypto.so.3)
             n0: 6080 in 6 places, all below massif's threshold (1.00%)
           n0: 544 in 1 place, below massif's threshold (1.00%)
     n0: 96 in 1 place, below massif's threshold (1.00%)
    n0: 320 in 19 places, all below massif's threshold (1.00%)
  n1: 6528 0x4E23976: ??? (in /usr/lib/x86_64-linux-gnu/libcrypto.so.3)
   n0: 6528 in 2 places, all below massif's threshold (1.00%)
  n1: 5280 0x4DE7753: ??? (in /usr/lib/x86_64-linux-gnu/libcrypto.so.3)
   n1: 5280 0x4DE88E8: ??? (in /usr/lib/x86_64-linux-gnu/libcrypto.so.3)
    n1: 5280 0x4DFDF4B: ??? (in /usr/lib/x86_64-linux-gnu/libcrypto.so.3)
     n1: 5280 0x4E23528: ??? (in /usr/lib/x86_64-linux-gnu/libcrypto.so.3)
      n1: 5280 0x4E2323F: ??? (in /usr/lib/x86_64-linux-gnu/libcrypto.so.3)
       n1: 5280 0x4E330F6: ??? (in /usr/lib/x86_64-linux-gnu/libcrypto.so.3)
        n1: 5280 0x4E233B7: ??? (in /usr/lib/x86_64-linux-gnu/libcrypto.so.3)
         n1: 5280 0x4E23758: ??? (in /usr/lib/x86_64-linux-gnu/libcrypto.so.3)
          n1: 5280 0x4DFE804: ??? (in /usr/lib/x86_64-linux-gnu/libcrypto.so.3)
           n1: 5280 0x4DFEAE3: ??? (in /usr/lib/x86_64-linux-gnu/libcrypto.so.3)
            n1: 5280 0x4DE77E1: EVP_MD_fetch (in /usr/lib/x86_64-linux-gnu/libcrypto.so.3)
             n1: 5280 0x489951A: ??? (in /usr/lib/x86_64-linux-gnu/libssl.so.3)
              n1: 5280 0x488C86E: ??? (in /usr/lib/x86_64-linux-gnu/libssl.so.3)
               n1: 5280 0x489A8C7: SSL_CTX_new_ex (in /usr/lib/x86_64-linux-gnu/libssl.so.3)
                n1: 5280 0x10A527: download_model_from_github (in /home/khanh/A37/A35M/btc_predict)
                 n0: 5280 0x10954D: main (in /home/khanh/A37/A35M/btc_predict)
  n2: 5064 0x4F0A5A5: ??? (in /usr/lib/x86_64-linux-gnu/libcrypto.so.3)
   n1: 4968 0x4DFE09E: ??? (in /usr/lib/x86_64-linux-gnu/libcrypto.so.3)
    n1: 4968 0x4E2354D: ??? (in /usr/lib/x86_64-linux-gnu/libcrypto.so.3)
     n1: 4968 0x4E2323F: ??? (in /usr/lib/x86_64-linux-gnu/libcrypto.so.3)
      n1: 4968 0x4E330F6: ??? (in /usr/lib/x86_64-linux-gnu/libcrypto.so.3)
       n1: 4968 0x4E233B7: ??? (in /usr/lib/x86_64-linux-gnu/libcrypto.so.3)
        n1: 4968 0x4E23758: ??? (in /usr/lib/x86_64-linux-gnu/libcrypto.so.3)
         n0: 4968 in 2 places, all below massif's threshold (1.00%)
   n0: 96 in 1 place, below massif's threshold (1.00%)
 n4: 58656 0x4E219A5: OPENSSL_LH_insert (in /usr/lib/x86_64-linux-gnu/libcrypto.so.3)
  n2: 41808 0x4DD9062: ??? (in /usr/lib/x86_64-linux-gnu/libcrypto.so.3)
   n2: 39840 0x4DD9320: ERR_load_strings_const (in /usr/lib/x86_64-linux-gnu/libcrypto.so.3)
    n0: 32184 in 33 places, all below massif's threshold (1.00%)
    n1: 7656 0x48905DB: ??? (in /usr/lib/x86_64-linux-gnu/libssl.so.3)
     n1: 7656 0x489061C: ??? (in /usr/lib/x86_64-linux-gnu/libssl.so.3)
      n1: 7656 0x4A91ED2: __pthread_once_slow (pthread_once.c:116)
       n1: 7656 0x4E3480C: CRYPTO_THREAD_run_once (in /usr/lib/x86_64-linux-gnu/libcrypto.so.3)
        n1: 7656 0x4890754: OPENSSL_init_ssl (in /usr/lib/x86_64-linux-gnu/libssl.so.3)
         n1: 7656 0x489A792: SSL_CTX_new_ex (in /usr/lib/x86_64-linux-gnu/libssl.so.3)
          n1: 7656 0x10A527: download_model_from_github (in /home/khanh/A37/A35M/btc_predict)
           n0: 7656 0x10954D: main (in /home/khanh/A37/A35M/btc_predict)
   n0: 1968 in 2 places, all below massif's threshold (1.00%)
  n2: 9792 0x4E239B0: ??? (in /usr/lib/x86_64-linux-gnu/libcrypto.so.3)
   n1: 6096 0x4E24200: ??? (in /usr/lib/x86_64-linux-gnu/libcrypto.so.3)
    n0: 6096 in 7 places, all below massif's threshold (1.00%)
   n0: 3696 in 1 place, below massif's threshold (1.00%)
  n1: 5424 0x4EEA520: OBJ_NAME_add (in /usr/lib/x86_64-linux-gnu/libcrypto.so.3)
   n0: 5424 in 57 places, all below massif's threshold (1.00%)
  n0: 1632 in 5 places, all below massif's threshold (1.00%)
 n0: 28798 in 62 places, all below massif's threshold (1.00%)
 n2: 21956 0x4D1F203: BUF_MEM_grow (in /usr/lib/x86_64-linux-gnu/libcrypto.so.3)
  n1: 21848 0x48C68F1: ??? (in /usr/lib/x86_64-linux-gnu/libssl.so.3)
   n1: 21848 0x10A5E0: download_model_from_github (in /home/khanh/A37/A35M/btc_predict)
    n0: 21848 0x10954D: main (in /home/khanh/A37/A35M/btc_predict)
  n0: 108 in 3 places, all below massif's threshold (1.00%)
 n1: 16712 0x48B4A4D: ??? (in /usr/lib/x86_64-linux-gnu/libssl.so.3)
  n1: 16712 0x48B4C74: ??? (in /usr/lib/x86_64-linux-gnu/libssl.so.3)
   n1: 16712 0x48C5E95: ??? (in /usr/lib/x86_64-linux-gnu/libssl.so.3)
    n1: 16712 0x10A5E0: download_model_from_github (in /home/khanh/A37/A35M/btc_predict)
     n0: 16712 0x10954D: main (in /home/khanh/A37/A35M/btc_predict)
 n1: 16584 0x48B4BFF: ??? (in /usr/lib/x86_64-linux-gnu/libssl.so.3)
  n1: 16584 0x48B4C87: ??? (in /usr/lib/x86_64-linux-gnu/libssl.so.3)
   n1: 16584 0x48C5E95: ??? (in /usr/lib/x86_64-linux-gnu/libssl.so.3)
    n1: 16584 0x10A5E0: download_model_from_github (in /home/khanh/A37/A35M/btc_predict)
     n0: 16584 0x10954D: main (in /home/khanh/A37/A35M/btc_predict)
 n2: 11264 0x4E2194F: OPENSSL_LH_insert (in /usr/lib/x86_64-linux-gnu/libcrypto.so.3)
  n2: 8192 0x4DD9062: ??? (in /usr/lib/x86_64-linux-gnu/libcrypto.so.3)
   n2: 8192 0x4DD9320: ERR_load_strings_const (in /usr/lib/x86_64-linux-gnu/libcrypto.so.3)
    n1: 8192 0x4F5D3FB: ??? (in /usr/lib/x86_64-linux-gnu/libcrypto.so.3)
     n1: 8192 0x4DDAB20: ??? (in /usr/lib/x86_64-linux-gnu/libcrypto.so.3)
      n1: 8192 0x4E266FC: ??? (in /usr/lib/x86_64-linux-gnu/libcrypto.so.3)
       n1: 8192 0x4A91ED2: __pthread_once_slow (pthread_once.c:116)
        n1: 8192 0x4E3480C: CRYPTO_THREAD_run_once (in /usr/lib/x86_64-linux-gnu/libcrypto.so.3)
         n1: 8192 0x4E26BEA: OPENSSL_init_crypto (in /usr/lib/x86_64-linux-gnu/libcrypto.so.3)
          n1: 8192 0x4DD997A: ??? (in /usr/lib/x86_64-linux-gnu/libcrypto.so.3)
           n1: 8192 0x4DDA75C: ERR_set_mark (in /usr/lib/x86_64-linux-gnu/libcrypto.so.3)
            n1: 8192 0x4D49DD5: CONF_modules_load_file_ex (in /usr/lib/x86_64-linux-gnu/libcrypto.so.3)
             n1: 8192 0x4D4A1F0: ??? (in /usr/lib/x86_64-linux-gnu/libcrypto.so.3)
              n1: 8192 0x4E2667E: ??? (in /usr/lib/x86_64-linux-gnu/libcrypto.so.3)
               n1: 8192 0x4A91ED2: __pthread_once_slow (pthread_once.c:116)
                n1: 8192 0x4E3480C: CRYPTO_THREAD_run_once (in /usr/lib/x86_64-linux-gnu/libcrypto.so.3)
                 n1: 8192 0x4E26E43: OPENSSL_init_crypto (in /usr/lib/x86_64-linux-gnu/libcrypto.so.3)
                  n1: 8192 0x48906EC: OPENSSL_init_ssl (in /usr/lib/x86_64-linux-gnu/libssl.so.3)
                   n1: 8192 0x10A51A: download_model_from_github (in /home/khanh/A37/A35M/btc_predict)
                    n0: 8192 0x10954D: main (in /home/khanh/A37/A35M/btc_predict)
    n0: 0 in 3 places, all below massif's threshold (1.00%)
   n0: 0 in 2 places, all below massif's threshold (1.00%)
  n0: 3072 in 3 places, all below massif's threshold (1.00%)
 n2: 9000 0x4F0A432: ??? (in /usr/lib/x86_64-linux-gnu/libcrypto.so.3)
  n1: 8280 0x4DFE09E: ??? (in /usr/lib/x86_64-linux-gnu/libcrypto.so.3)
   n1: 8280 0x4E2354D: ??? (in /usr/lib/x86_64-linux-gnu/libcrypto.so.3)
    n1: 8280 0x4E2323F: ??? (in /usr/lib/x86_64-linux-gnu/libcrypto.so.3)
     n1: 8280 0x4E330F6: ??? (in /usr/lib/x86_64-linux-gnu/libcrypto.so.3)
      n1: 8280 0x4E233B7: ??? (in /usr/lib/x86_64-linux-gnu/libcrypto.so.3)
       n2: 8280 0x4E23758: ??? (in /usr/lib/x86_64-linux-gnu/libcrypto.so.3)
        n1: 7600 0x4DFE804: ??? (in /usr/lib/x86_64-linux-gnu/libcrypto.so.3)
         n2: 7600 0x4DFEAE3: ??? (in /usr/lib/x86_64-linux-gnu/libcrypto.so.3)
          n1: 4960 0x4DFC591: EVP_CIPHER_fetch (in /usr/lib/x86_64-linux-gnu/libcrypto.so.3)
           n1: 4960 0x489940A: ??? (in /usr/lib/x86_64-linux-gnu/libssl.so.3)
            n1: 4960 0x488C7E2: ??? (in /usr/lib/x86_64-linux-gnu/libssl.so.3)
             n1: 4960 0x489A8C7: SSL_CTX_new_ex (in /usr/lib/x86_64-linux-gnu/libssl.so.3)
              n1: 4960 0x10A527: download_model_from_github (in /home/khanh/A37/A35M/btc_predict)
               n0: 4960 0x10954D: main (in /home/khanh/A37/A35M/btc_predict)
          n0: 2640 in 5 places, all below massif's threshold (1.00%)
        n0: 680 in 1 place, below massif's threshold (1.00%)
  n0: 720 in 1 place, below massif's threshold (1.00%)
 n2: 8435 0x4E29123: CRYPTO_strndup (in /usr/lib/x86_64-linux-gnu/libcrypto.so.3)
  n1: 5968 0x4E23992: ??? (in /usr/lib/x86_64-linux-gnu/libcrypto.so.3)
   n0: 5968 in 2 places, all below massif's threshold (1.00%)
  n0: 2467 in 3 places, all below massif's threshold (1.00%)
 n1: 5424 0x4EEA4D8: OBJ_NAME_add (in /usr/lib/x86_64-linux-gnu/libcrypto.so.3)
  n0: 5424 in 208 places, all below massif's threshold (1.00%)
#-----------
snapshot=28
#-----------
time=14067695
mem_heap_B=393601
mem_heap_extra_B=89967
mem_stacks_B=0
heap_tree=empty
#-----------
snapshot=29
#-----------
time=14491730
mem_heap_B=398248
mem_heap_extra_B=91152
mem_stacks_B=0
heap_tree=empty
#-----------
snapshot=30
#-----------
time=15043690
mem_heap_B=398316
mem_heap_extra_B=91172
mem_stacks_B=0
heap_tree=empty
#-----------
snapshot=31
#-----------
time=15707144
mem_heap_B=403253
mem_heap_extra_B=92291
mem_stacks_B=0
heap_tree=empty
#-----------
snapshot=32
#-----------
time=16259386
mem_heap_B=403441
mem_heap_extra_B=92431
mem_stacks_B=0
heap_tree=empty
#-----------
snapshot=33
#-----------
time=16648933
mem_heap_B=411276
mem_heap_extra_B=93252
mem_stacks_B=0
heap_tree=detailed
n12: 411276 (heap allocation functions) malloc/new/new[], --alloc-fns, etc.
 n12: 221416 0x4E27844: CRYPTO_zalloc (in /usr/lib/x86_64-linux-gnu/libcrypto.so.3)
  n1: 49024 0x4E34642: ??? (in /usr/lib/x86_64-linux-gnu/libcrypto.so.3)
   n2: 49024 0x4F0A5ED: ??? (in /usr/lib/x86_64-linux-gnu/libcrypto.so.3)
    n1: 48640 0x4DFE09E: ??? (in /usr/lib/x86_64-linux-gnu/libcrypto.so.3)
     n1: 48640 0x4E2354D: ??? (in /usr/lib/x86_64-linux-gnu/libcrypto.so.3)
      n1: 48640 0x4E2323F: ??? (in /usr/lib/x86_64-linux-gnu/libcrypto.so.3)
       n1: 48640 0x4E330F6: ??? (in /usr/lib/x86_64-linux-gnu/libcrypto.so.3)
        n1: 48640 0x4E233B7: ??? (in /usr/lib/x86_64-linux-gnu/libcrypto.so.3)
         n2: 48640 0x4E23758: ??? (in /usr/lib/x86_64-linux-gnu/libcrypto.so.3)
          n1: 44928 0x4DFE804: ??? (in /usr/lib/x86_64-linux-gnu/libcrypto.so.3)
           n3: 44928 0x4DFEAE3: ??? (in /usr/lib/x86_64-linux-gnu/libcrypto.so.3)
            n1: 32896 0x4DFC591: EVP_CIPHER_fetch (in /usr/lib/x86_64-linux-gnu/libcrypto.so.3)
             n1: 32896 0x489940A: ??? (in /usr/lib/x86_64-linux-gnu/libssl.so.3)
              n1: 32896 0x488C7E2: ??? (in /usr/lib/x86_64-linux-gnu/libssl.so.3)
               n1: 32896 0x489A8C7: SSL_CTX_new_ex (in /usr/lib/x86_64-linux-gnu/libssl.so.3)
                n1: 32896 0x10A527: download_model_from_github (in /home/khanh/A37/A35M/btc_predict)
                 n0: 32896 0x10954D: main (in /home/khanh/A37/A35M/btc_predict)
            n0: 6528 in 4 places, all below massif's threshold (1.00%)
            n1: 5504 0x4DE77E1: EVP_MD_fetch (in /usr/lib/x86_64-linux-gnu/libcrypto.so.3)
             n1: 5504 0x489951A: ??? (in /usr/lib/x86_64-linux-gnu/libssl.so.3)
              n1: 5504 0x488C86E: ??? (in /usr/lib/x86_64-linux-gnu/libssl.so.3)
               n1: 5504 0x489A8C7: SSL_CTX_new_ex (in /usr/lib/x86_64-linux-gnu/libssl.so.3)
                n1: 5504 0x10A527: download_model_from_github (in /home/khanh/A37/A35M/btc_predict)
                 n0: 5504 0x10954D: main (in /home/khanh/A37/A35M/btc_predict)
          n0: 3712 in 1 place, below massif's threshold (1.00%)
    n0: 384 in 1 place, below massif's threshold (1.00%)
  n0: 38120 in 97 places, all below massif's threshold (1.00%)
  n1: 31744 0x4DFC503: ??? (in /usr/lib/x86_64-linux-gnu/libcrypto.so.3)
   n1: 31744 0x4DFD976: ??? (in /usr/lib/x86_64-linux-gnu/libcrypto.so.3)
    n1: 31744 0x4DFDF4B: ??? (in /usr/lib/x86_64-linux-gnu/libcrypto.so.3)
     n1: 31744 0x4E23528: ??? (in /usr/lib/x86_64-linux-gnu/libcrypto.so.3)
      n1: 31744 0x4E2323F: ??? (in /usr/lib/x86_64-linux-gnu/libcrypto.so.3)
       n1: 31744 0x4E330F6: ??? (in /usr/lib/x86_64-linux-gnu/libcrypto.so.3)
        n1: 31744 0x4E233B7: ??? (in /usr/lib/x86_64-linux-gnu/libcrypto.so.3)
         n1: 31744 0x4E23758: ??? (in /usr/lib/x86_64-linux-gnu/libcrypto.so.3)
          n1: 31744 0x4DFE804: ??? (in /usr/lib/x86_64-linux-gnu/libcrypto.so.3)
           n1: 31744 0x4DFEAE3: ??? (in /usr/lib/x86_64-linux-gnu/libcrypto.so.3)
            n1: 31744 0x4DFC591: EVP_CIPHER_fetch (in /usr/lib/x86_64-linux-gnu/libcrypto.so.3)
             n1: 31744 0x489940A: ??? (in /usr/lib/x86_64-linux-gnu/libssl.so.3)
              n1: 31744 0x488C7E2: ??? (in /usr/lib/x86_64-linux-gnu/libssl.so.3)
               n1: 31744 0x489A8C7: SSL_CTX_new_ex (in /usr/lib/x86_64-linux-gnu/libssl.so.3)
                n1: 31744 0x10A527: download_model_from_github (in /home/khanh/A37/A35M/btc_predict)
                 n0: 31744 0x10954D: main (in /home/khanh/A37/A35M/btc_predict)
  n2: 28544 0x4E2165B: OPENSSL_LH_new (in /usr/lib/x86_64-linux-gnu/libcrypto.so.3)
   n2: 28032 0x4F0A5D2: ??? (in /usr/lib/x86_64-linux-gnu/libcrypto.so.3)
    n1: 26496 0x4DFE09E: ??? (in /usr/lib/x86_64-linux-gnu/libcrypto.so.3)
     n1: 26496 0x4E2354D: ??? (in /usr/lib/x86_64-linux-gnu/libcrypto.so.3)
      n1: 26496 0x4E2323F: ??? (in /usr/lib/x86_64-linux-gnu/libcrypto.so.3)
       n1: 26496 0x4E330F6: ??? (in /usr/lib/x86_64-linux-gnu/libcrypto.so.3)
        n1: 26496 0x4E233B7: ??? (in /usr/lib/x86_64-linux-gnu/libcrypto.so.3)
         n2: 26496 0x4E23758: ??? (in /usr/lib/x86_64-linux-gnu/libcrypto.so.3)
          n1: 24320 0x4DFE804: ??? (in /usr/lib/x86_64-linux-gnu/libcrypto.so.3)
           n2: 24320 0x4DFEAE3: ??? (in /usr/lib/x86_64-linux-gnu/libcrypto.so.3)
            n1: 15872 0x4DFC591: EVP_CIPHER_fetch (in /usr/lib/x86_64-linux-gnu/libcrypto.so.3)
             n1: 15872 0x489940A: ??? (in /usr/lib/x86_64-linux-gnu/libssl.so.3)
              n1: 15872 0x488C7E2: ??? (in /usr/lib/x86_64-linux-gnu/libssl.so.3)
               n1: 15872 0x489A8C7: SSL_CTX_new_ex (in /usr/lib/x86_64-linux-gnu/libssl.so.3)
                n1: 15872 0x10A527: download_model_from_github (in /home/khanh/A37/A35M/btc_predict)
                 n0: 15872 0x10954D: main (in /home/khanh/A37/A35M/btc_predict)
            n0: 8448 in 5 places, all below massif's threshold (1.00%)
          n0: 2176 in 1 place, below massif's threshold (1.00%)
    n0: 1536 in 1 place, below massif's threshold (1.00%)
   n0: 512 in 8 places, all below massif's threshold (1.00%)
  n2: 17472 0x4E34703: CRYPTO_THREAD_lock_new (in /usr/lib/x86_64-linux-gnu/libcrypto.so.3)
   n0: 10528 in 45 places, all below massif's threshold (1.00%)
   n1: 6944 0x4DFC510: ??? (in /usr/lib/x86_64-linux-gnu/libcrypto.so.3)
    n1: 6944 0x4DFD976: ??? (in /usr/lib/x86_64-linux-gnu/libcrypto.so.3)
     n1: 6944 0x4DFDF4B: ??? (in /usr/lib/x86_64-linux-gnu/libcrypto.so.3)
      n1: 6944 0x4E23528: ??? (in /usr/lib/x86_64-linux-gnu/libcrypto.so.3)
       n1: 6944 0x4E2323F: ??? (in /usr/lib/x86_64-linux-gnu/libcrypto.so.3)
        n1: 6944 0x4E330F6: ??? (in /usr/lib/x86_64-linux-gnu/libcrypto.so.3)
         n1: 6944 0x4E233B7: ??? (in /usr/lib/x86_64-linux-gnu/libcrypto.so.3)
          n1: 6944 0x4E23758: ??? (in /usr/lib/x86_64-linux-gnu/libcrypto.so.3)
           n1: 6944 0x4DFE804: ??? (in /usr/lib/x86_64-linux-gnu/libcrypto.so.3)
            n1: 6944 0x4DFEAE3: ??? (in /usr/lib/x86_64-linux-gnu/libcrypto.so.3)
             n1: 6944 0x4DFC591: EVP_CIPHER_fetch (in /usr/lib/x86_64-linux-gnu/libcrypto.so.3)
              n1: 6944 0x489940A: ??? (in /usr/lib/x86_64-linux-gnu/libssl.so.3)
               n1: 6944 0x488C7E2: ??? (in /usr/lib/x86_64-linux-gnu/libssl.so.3)
                n1: 6944 0x489A8C7: SSL_CTX_new_ex (in /usr/lib/x86_64-linux-gnu/libssl.so.3)
                 n1: 6944 0x10A527: download_model_from_github (in /home/khanh/A37/A35M/btc_predict)
                  n0: 6944 0x10954D: main (in /home/khanh/A37/A35M/btc_predict)
  n2: 16272 0x4E2163D: OPENSSL_LH_new (in /usr/lib/x86_64-linux-gnu/libcrypto.so.3)
   n2: 15768 0x4F0A5D2: ??? (in /usr/lib/x86_64-linux-gnu/libcrypto.so.3)
    n1: 14904 0x4DFE09E: ??? (in /usr/lib/x86_64-linux-gnu/libcrypto.so.3)
     n1: 14904 0x4E2354D: ??? (in /usr/lib/x86_64-linux-gnu/libcrypto.so.3)
      n1: 14904 0x4E2323F: ??? (in /usr/lib/x86_64-linux-gnu/libcrypto.so.3)
       n1: 14904 0x4E330F6: ??? (in /usr/lib/x86_64-linux-gnu/libcrypto.so.3)
        n1: 14904 0x4E233B7: ??? (in /usr/lib/x86_64-linux-gnu/libcrypto.so.3)
         n2: 14904 0x4E23758: ??? (in /usr/lib/x86_64-linux-gnu/libcrypto.so.3)
          n1: 13680 0x4DFE804: ??? (in /usr/lib/x86_64-linux-gnu/libcrypto.so.3)
           n2: 13680 0x4DFEAE3: ??? (in /usr/lib/x86_64-linux-gnu/libcrypto.so.3)
            n1: 8928 0x4DFC591: EVP_CIPHER_fetch (in /usr/lib/x86_64-linux-gnu/libcrypto.so.3)
             n1: 8928 0x489940A: ??? (in /usr/lib/x86_64-linux-gnu/libssl.so.3)
              n1: 8928 0x488C7E2: ??? (in /usr/lib/x86_64-linux-gnu/libssl.so.3)
               n1: 8928 0x489A8C7: SSL_CTX_new_ex (in /usr/lib/x86_64-linux-gnu/libssl.so.3)
                n1: 8928 0x10A527: download_model_from_github (in /home/khanh/A37/A35M/btc_predict)
                 n0: 8928 0x10954D: main (in /home/khanh/A37/A35M/btc_predict)
            n0: 4752 in 5 places, all below massif's threshold (1.00%)
          n0: 1224 in 1 place, below massif's threshold (1.00%)
    n0: 864 in 1 place, below massif's threshold (1.00%)
   n0: 504 in 8 places, all below massif's threshold (1.00%)
  n2: 8032 0x4F5184D: OPENSSL_sk_new_reserve (in /usr/lib/x86_64-linux-gnu/libcrypto.so.3)
   n2: 7008 0x4F0A5B6: ??? (in /usr/lib/x86_64-linux-gnu/libcrypto.so.3)
    n1: 6624 0x4DFE09E: ??? (in /usr/lib/x86_64-linux-gnu/libcrypto.so.3)
     n1: 6624 0x4E2354D: ??? (in /usr/lib/x86_64-linux-gnu/libcrypto.so.3)
      n1: 6624 0x4E2323F: ??? (in /usr/lib/x86_64-linux-gnu/libcrypto.so.3)
       n1: 6624 0x4E330F6: ??? (in /usr/lib/x86_64-linux-gnu/libcrypto.so.3)
        n1: 6624 0x4E233B7: ??? (in /usr/lib/x86_64-linux-gnu/libcrypto.so.3)
         n2: 6624 0x4E23758: ??? (in /usr/lib/x86_64-linux-gnu/libcrypto.so.3)
          n1: 6080 0x4DFE804: ??? (in /usr/lib/x86_64-linux-gnu/libcrypto.so.3)
           n1: 6080 0x4DFEAE3: ??? (in /usr/lib/x86_64-linux-gnu/libcrypto.so.3)
            n0: 6080 in 6 places, all below massif's threshold (1.00%)
          n0: 544 in 1 place, below massif's threshold (1.00%)
    n0: 384 in 1 place, below massif's threshold (1.00%)
   n0: 1024 in 35 places, all below massif's threshold (1.00%)
  n1: 7608 0x4899D20: SSL_new (in /usr/lib/x86_64-linux-gnu/libssl.so.3)
   n1: 7608 0x10A5B5: download_model_from_github (in /home/khanh/A37/A35M/btc_predict)
    n0: 7608 0x10954D: main (in /home/khanh/A37/A35M/btc_predict)
  n1: 7520 0x4F50E12: ??? (in /usr/lib/x86_64-linux-gnu/libcrypto.so.3)
   n2: 7520 0x4F51134: OPENSSL_sk_insert (in /usr/lib/x86_64-linux-gnu/libcrypto.so.3)
    n2: 6944 0x4F0A6AB: ??? (in /usr/lib/x86_64-linux-gnu/libcrypto.so.3)
     n1: 6624 0x4DFE09E: ??? (in /usr/lib/x86_64-linux-gnu/libcrypto.so.3)
      n1: 6624 0x4E2354D: ??? (in /usr/lib/x86_64-linux-gnu/libcrypto.so.3)
       n1: 6624 0x4E2323F: ??? (in /usr/lib/x86_64-linux-gnu/libcrypto.so.3)
        n1: 6624 0x4E330F6: ??? (in /usr/lib/x86_64-linux-gnu/libcrypto.so.3)
         n1: 6624 0x4E233B7: ??? (in /usr/lib/x86_64-linux-gnu/libcrypto.so.3)
          n2: 6624 0x4E23758: ??? (in /usr/lib/x86_64-linux-gnu/libcrypto.so.3)
           n1: 6080 0x4DFE804: ??? (in /usr/lib/x86_64-linux-gnu/libcrypto.so.3)
            n1: 6080 0x4DFEAE3: ??? (in /usr/lib/x86_64-linux-gnu/libcrypto.so.3)
             n0: 6080 in 6 places, all below massif's threshold (1.00%)
           n0: 544 in 1 place, below massif's threshold (1.00%)
     n0: 320 in 1 place, below massif's threshold (1.00%)
    n0: 576 in 23 places, all below massif's threshold (1.00%)
  n1: 6544 0x4E23976: ??? (in /usr/lib/x86_64-linux-gnu/libcrypto.so.3)
   n0: 6544 in 2 places, all below massif's threshold (1.00%)
  n1: 5280 0x4DE7753: ??? (in /usr/lib/x86_64-linux-gnu/libcrypto.so.3)
   n1: 5280 0x4DE88E8: ??? (in /usr/lib/x86_64-linux-gnu/libcrypto.so.3)
    n1: 5280 0x4DFDF4B: ??? (in /usr/lib/x86_64-linux-gnu/libcrypto.so.3)
     n1: 5280 0x4E23528: ??? (in /usr/lib/x86_64-linux-gnu/libcrypto.so.3)
      n1: 5280 0x4E2323F: ??? (in /usr/lib/x86_64-linux-gnu/libcrypto.so.3)
       n1: 5280 0x4E330F6: ??? (in /usr/lib/x86_64-linux-gnu/libcrypto.so.3)
        n1: 5280 0x4E233B7: ??? (in /usr/lib/x86_64-linux-gnu/libcrypto.so.3)
         n1: 5280 0x4E23758: ??? (in /usr/lib/x86_64-linux-gnu/libcrypto.so.3)
          n1: 5280 0x4DFE804: ??? (in /usr/lib/x86_64-linux-gnu/libcrypto.so.3)
           n1: 5280 0x4DFEAE3: ??? (in /usr/lib/x86_64-linux-gnu/libcrypto.so.3)
            n1: 5280 0x4DE77E1: EVP_MD_fetch (in /usr/lib/x86_64-linux-gnu/libcrypto.so.3)
             n1: 5280 0x489951A: ??? (in /usr/lib/x86_64-linux-gnu/libssl.so.3)
              n1: 5280 0x488C86E: ??? (in /usr/lib/x86_64-linux-gnu/libssl.so.3)
               n1: 5280 0x489A8C7: SSL_CTX_new_ex (in /usr/lib/x86_64-linux-gnu/libssl.so.3)
                n1: 5280 0x10A527: download_model_from_github (in /home/khanh/A37/A35M/btc_predict)
                 n0: 5280 0x10954D: main (in /home/khanh/A37/A35M/btc_predict)
  n1: 5256 0x4F0A5A5: ??? (in /usr/lib/x86_64-linux-gnu/libcrypto.so.3)
   n0: 5256 in 2 places, all below massif's threshold (1.00%)
 n4: 58872 0x4E219A5: OPENSSL_LH_insert (in /usr/lib/x86_64-linux-gnu/libcrypto.so.3)
  n2: 41808 0x4DD9062: ??? (in /usr/lib/x86_64-linux-gnu/libcrypto.so.3)
   n2: 39840 0x4DD9320: ERR_load_strings_const (in /usr/lib/x86_64-linux-gnu/libcrypto.so.3)
    n0: 32184 in 33 places, all below massif's threshold (1.00%)
    n1: 7656 0x48905DB: ??? (in /usr/lib/x86_64-linux-gnu/libssl.so.3)
     n1: 7656 0x489061C: ??? (in /usr/lib/x86_64-linux-gnu/libssl.so.3)
      n1: 7656 0x4A91ED2: __pthread_once_slow (pthread_once.c:116)
       n1: 7656 0x4E3480C: CRYPTO_THREAD_run_once (in /usr/lib/x86_64-linux-gnu/libcrypto.so.3)
        n1: 7656 0x4890754: OPENSSL_init_ssl (in /usr/lib/x86_64-linux-gnu/libssl.so.3)
         n1: 7656 0x489A792: SSL_CTX_new_ex (in /usr/lib/x86_64-linux-gnu/libssl.so.3)
          n1: 7656 0x10A527: download_model_from_github (in /home/khanh/A37/A35M/btc_predict)
           n0: 7656 0x10954D: main (in /home/khanh/A37/A35M/btc_predict)
   n0: 1968 in 2 places, all below massif's threshold (1.00%)
  n2: 9816 0x4E239B0: ??? (in /usr/lib/x86_64-linux-gnu/libcrypto.so.3)
   n1: 6096 0x4E24200: ??? (in /usr/lib/x86_64-linux-gnu/libcrypto.so.3)
    n0: 6096 in 7 places, all below massif's threshold (1.00%)
   n0: 3720 in 1 place, below massif's threshold (1.00%)
  n1: 5424 0x4EEA520: OBJ_NAME_add (in /usr/lib/x86_64-linux-gnu/libcrypto.so.3)
   n0: 5424 in 57 places, all below massif's threshold (1.00%)
  n0: 1824 in 5 places, all below massif's threshold (1.00%)
 n0: 30009 in 65 places, all below massif's threshold (1.00%)
 n2: 22140 0x4D1F203: BUF_MEM_grow (in /usr/lib/x86_64-linux-gnu/libcrypto.so.3)
  n1: 21848 0x48C68F1: ??? (in /usr/lib/x86_64-linux-gnu/libssl.so.3)
   n1: 21848 0x10A5E0: download_model_from_github (in /home/khanh/A37/A35M/btc_predict)
    n0: 21848 0x10954D: main (in /home/khanh/A37/A35M/btc_predict)
  n0: 292 in 3 places, all below massif's threshold (1.00%)
 n1: 16712 0x48B4A4D: ??? (in /usr/lib/x86_64-linux-gnu/libssl.so.3)
  n1: 16712 0x48B4C74: ??? (in /usr/lib/x86_64-linux-gnu/libssl.so.3)
   n1: 16712 0x48C5E95: ??? (in /usr/lib/x86_64-linux-gnu/libssl.so.3)
    n1: 16712 0x10A5E0: download_model_from_github (in /home/khanh/A37/A35M/btc_predict)
     n0: 16712 0x10954D: main (in /home/khanh/A37/A35M/btc_predict)
 n1: 16584 0x48B4BFF: ??? (in /usr/lib/x86_64-linux-gnu/libssl.so.3)
  n1: 16584 0x48B4C87: ??? (in /usr/lib/x86_64-linux-gnu/libssl.so.3)
   n1: 16584 0x48C5E95: ??? (in /usr/lib/x86_64-linux-gnu/libssl.so.3)
    n1: 16584 0x10A5E0: download_model_from_github (in /home/khanh/A37/A35M/btc_predict)
     n0: 16584 0x10954D: main (in /home/khanh/A37/A35M/btc_predict)
 n2: 11264 0x4E2194F: OPENSSL_LH_insert (in /usr/lib/x86_64-linux-gnu/libcrypto.so.3)
  n2: 8192 0x4DD9062: ??? (in /usr/lib/x86_64-linux-gnu/libcrypto.so.3)
   n2: 8192 0x4DD9320: ERR_load_strings_const (in /usr/lib/x86_64-linux-gnu/libcrypto.so.3)
    n1: 8192 0x4F5D3FB: ??? (in /usr/lib/x86_64-linux-gnu/libcrypto.so.3)
     n1: 8192 0x4DDAB20: ??? (in /usr/lib/x86_64-linux-gnu/libcrypto.so.3)
      n1: 8192 0x4E266FC: ??? (in /usr/lib/x86_64-linux-gnu/libcrypto.so.3)
       n1: 8192 0x4A91ED2: __pthread_once_slow (pthread_once.c:116)
        n1: 8192 0x4E3480C: CRYPTO_THREAD_run_once (in /usr/lib/x86_64-linux-gnu/libcrypto.so.3)
         n1: 8192 0x4E26BEA: OPENSSL_init_crypto (in /usr/lib/x86_64-linux-gnu/libcrypto.so.3)
          n1: 8192 0x4DD997A: ??? (in /usr/lib/x86_64-linux-gnu/libcrypto.so.3)
           n1: 8192 0x4DDA75C: ERR_set_mark (in /usr/lib/x86_64-linux-gnu/libcrypto.so.3)
            n1: 8192 0x4D49DD5: CONF_modules_load_file_ex (in /usr/lib/x86_64-linux-gnu/libcrypto.so.3)
             n1: 8192 0x4D4A1F0: ??? (in /usr/lib/x86_64-linux-gnu/libcrypto.so.3)
              n1: 8192 0x4E2667E: ??? (in /usr/lib/x86_64-linux-gnu/libcrypto.so.3)
               n1: 8192 0x4A91ED2: __pthread_once_slow (pthread_once.c:116)
                n1: 8192 0x4E3480C: CRYPTO_THREAD_run_once (in /usr/lib/x86_64-linux-gnu/libcrypto.so.3)
                 n1: 8192 0x4E26E43: OPENSSL_init_crypto (in /usr/lib/x86_64-linux-gnu/libcrypto.so.3)
                  n1: 8192 0x48906EC: OPENSSL_init_ssl (in /usr/lib/x86_64-linux-gnu/libssl.so.3)
                   n1: 8192 0x10A51A: download_model_from_github (in /home/khanh/A37/A35M/btc_predict)
                    n0: 8192 0x10954D: main (in /home/khanh/A37/A35M/btc_predict)
    n0: 0 in 3 places, all below massif's threshold (1.00%)
   n0: 0 in 2 places, all below massif's threshold (1.00%)
  n0: 3072 in 3 places, all below massif's threshold (1.00%)
 n2: 9840 0x4F0A432: ??? (in /usr/lib/x86_64-linux-gnu/libcrypto.so.3)
  n1: 8280 0x4DFE09E: ??? (in /usr/lib/x86_64-linux-gnu/libcrypto.so.3)
   n1: 8280 0x4E2354D: ??? (in /usr/lib/x86_64-linux-gnu/libcrypto.so.3)
    n1: 8280 0x4E2323F: ??? (in /usr/lib/x86_64-linux-gnu/libcrypto.so.3)
     n1: 8280 0x4E330F6: ??? (in /usr/lib/x86_64-linux-gnu/libcrypto.so.3)
      n1: 8280 0x4E233B7: ??? (in /usr/lib/x86_64-linux-gnu/libcrypto.so.3)
       n2: 8280 0x4E23758: ??? (in /usr/lib/x86_64-linux-gnu/libcrypto.so.3)
        n1: 7600 0x4DFE804: ??? (in /usr/lib/x86_64-linux-gnu/libcrypto.so.3)
         n1: 7600 0x4DFEAE3: ??? (in /usr/lib/x86_64-linux-gnu/libcrypto.so.3)
          n0: 7600 in 6 places, all below massif's threshold (1.00%)
        n0: 680 in 1 place, below massif's threshold (1.00%)
  n0: 1560 in 1 place, below massif's threshold (1.00%)
 n2: 8543 0x4E29123: CRYPTO_strndup (in /usr/lib/x86_64-linux-gnu/libcrypto.so.3)
  n1: 5972 0x4E23992: ??? (in /usr/lib/x86_64-linux-gnu/libcrypto.so.3)
   n0: 5972 in 2 places, all below massif's threshold (1.00%)
  n0: 2571 in 3 places, all below massif's threshold (1.00%)
 n1: 5424 0x4EEA4D8: OBJ_NAME_add (in /usr/lib/x86_64-linux-gnu/libcrypto.so.3)
  n0: 5424 in 208 places, all below massif's threshold (1.00%)
 n1: 5352 0x4F0B10F: ??? (in /usr/lib/x86_64-linux-gnu/libcrypto.so.3)
  n1: 5352 0x4F0C12A: ??? (in /usr/lib/x86_64-linux-gnu/libcrypto.so.3)
   n0: 5352 in 2 places, all below massif's threshold (1.00%)
 n1: 5120 0x4A751B4: _IO_file_doallocate (filedoalloc.c:101)
  n1: 5120 0x4A85523: _IO_doallocbuf (genops.c:347)
   n0: 5120 in 4 places, all below massif's threshold (1.00%)
#-----------
snapshot=34
#-----------
time=17107312
mem_heap_B=411440
mem_heap_extra_B=93600
mem_stacks_B=0
heap_tree=empty
#-----------
snapshot=35
#-----------
time=17411584
mem_heap_B=407268
mem_heap_extra_B=93436
mem_stacks_B=0
heap_tree=empty
#-----------
snapshot=36
#-----------
time=17841661
mem_heap_B=427166
mem_heap_extra_B=94114
mem_stacks_B=0
heap_tree=detailed
n12: 427166 (heap allocation functions) malloc/new/new[], --alloc-fns, etc.
 n12: 221296 0x4E27844: CRYPTO_zalloc (in /usr/lib/x86_64-linux-gnu/libcrypto.so.3)
  n1: 49024 0x4E34642: ??? (in /usr/lib/x86_64-linux-gnu/libcrypto.so.3)
   n2: 49024 0x4F0A5ED: ??? (in /usr/lib/x86_64-linux-gnu/libcrypto.so.3)
    n1: 48640 0x4DFE09E: ??? (in /usr/lib/x86_64-linux-gnu/libcrypto.so.3)
     n1: 48640 0x4E2354D: ??? (in /usr/lib/x86_64-linux-gnu/libcrypto.so.3)
      n1: 48640 0x4E2323F: ??? (in /usr/lib/x86_64-linux-gnu/libcrypto.so.3)
       n1: 48640 0x4E330F6: ??? (in /usr/lib/x86_64-linux-gnu/libcrypto.so.3)
        n1: 48640 0x4E233B7: ??? (in /usr/lib/x86_64-linux-gnu/libcrypto.so.3)
         n2: 48640 0x4E23758: ??? (in /usr/lib/x86_64-linux-gnu/libcrypto.so.3)
          n1: 44928 0x4DFE804: ??? (in /usr/lib/x86_64-linux-gnu/libcrypto.so.3)
           n3: 44928 0x4DFEAE3: ??? (in /usr/lib/x86_64-linux-gnu/libcrypto.so.3)
            n1: 32896 0x4DFC591: EVP_CIPHER_fetch (in /usr/lib/x86_64-linux-gnu/libcrypto.so.3)
             n1: 32896 0x489940A: ??? (in /usr/lib/x86_64-linux-gnu/libssl.so.3)
              n1: 32896 0x488C7E2: ??? (in /usr/lib/x86_64-linux-gnu/libssl.so.3)
               n1: 32896 0x489A8C7: SSL_CTX_new_ex (in /usr/lib/x86_64-linux-gnu/libssl.so.3)
                n1: 32896 0x10A527: download_model_from_github (in /home/khanh/A37/A35M/btc_predict)
                 n0: 32896 0x10954D: main (in /home/khanh/A37/A35M/btc_predict)
            n0: 6528 in 4 places, all below massif's threshold (1.00%)
            n1: 5504 0x4DE77E1: EVP_MD_fetch (in /usr/lib/x86_64-linux-gnu/libcrypto.so.3)
             n1: 5504 0x489951A: ??? (in /usr/lib/x86_64-linux-gnu/libssl.so.3)
              n1: 5504 0x488C86E: ??? (in /usr/lib/x86_64-linux-gnu/libssl.so.3)
               n1: 5504 0x489A8C7: SSL_CTX_new_ex (in /usr/lib/x86_64-linux-gnu/libssl.so.3)
                n1: 5504 0x10A527: download_model_from_github (in /home/khanh/A37/A35M/btc_predict)
                 n0: 5504 0x10954D: main (in /home/khanh/A37/A35M/btc_predict)
          n0: 3712 in 1 place, below massif's threshold (1.00%)
    n0: 384 in 1 place, below massif's threshold (1.00%)
  n0: 38368 in 108 places, all below massif's threshold (1.00%)
  n1: 31744 0x4DFC503: ??? (in /usr/lib/x86_64-linux-gnu/libcrypto.so.3)
   n1: 31744 0x4DFD976: ??? (in /usr/lib/x86_64-linux-gnu/libcrypto.so.3)
    n1: 31744 0x4DFDF4B: ??? (in /usr/lib/x86_64-linux-gnu/libcrypto.so.3)
     n1: 31744 0x4E23528: ??? (in /usr/lib/x86_64-linux-gnu/libcrypto.so.3)
      n1: 31744 0x4E2323F: ??? (in /usr/lib/x86_64-linux-gnu/libcrypto.so.3)
       n1: 31744 0x4E330F6: ??? (in /usr/lib/x86_64-linux-gnu/libcrypto.so.3)
        n1: 31744 0x4E233B7: ??? (in /usr/lib/x86_64-linux-gnu/libcrypto.so.3)
         n1: 31744 0x4E23758: ??? (in /usr/lib/x86_64-linux-gnu/libcrypto.so.3)
          n1: 31744 0x4DFE804: ??? (in /usr/lib/x86_64-linux-gnu/libcrypto.so.3)
           n1: 31744 0x4DFEAE3: ??? (in /usr/lib/x86_64-linux-gnu/libcrypto.so.3)
            n1: 31744 0x4DFC591: EVP_CIPHER_fetch (in /usr/lib/x86_64-linux-gnu/libcrypto.so.3)
             n1: 31744 0x489940A: ??? (in /usr/lib/x86_64-linux-gnu/libssl.so.3)
              n1: 31744 0x488C7E2: ??? (in /usr/lib/x86_64-linux-gnu/libssl.so.3)
               n1: 31744 0x489A8C7: SSL_CTX_new_ex (in /usr/lib/x86_64-linux-gnu/libssl.so.3)
                n1: 31744 0x10A527: download_model_from_github (in /home/khanh/A37/A35M/btc_predict)
                 n0: 31744 0x10954D: main (in /home/khanh/A37/A35M/btc_predict)
  n2: 28544 0x4E2165B: OPENSSL_LH_new (in /usr/lib/x86_64-linux-gnu/libcrypto.so.3)
   n2: 28032 0x4F0A5D2: ??? (in /usr/lib/x86_64-linux-gnu/libcrypto.so.3)
    n1: 26496 0x4DFE09E: ??? (in /usr/lib/x86_64-linux-gnu/libcrypto.so.3)
     n1: 26496 0x4E2354D: ??? (in /usr/lib/x86_64-linux-gnu/libcrypto.so.3)
      n1: 26496 0x4E2323F: ??? (in /usr/lib/x86_64-linux-gnu/libcrypto.so.3)
       n1: 26496 0x4E330F6: ??? (in /usr/lib/x86_64-linux-gnu/libcrypto.so.3)
        n1: 26496 0x4E233B7: ??? (in /usr/lib/x86_64-linux-gnu/libcrypto.so.3)
         n2: 26496 0x4E23758: ??? (in /usr/lib/x86_64-linux-gnu/libcrypto.so.3)
          n1: 24320 0x4DFE804: ??? (in /usr/lib/x86_64-linux-gnu/libcrypto.so.3)
           n2: 24320 0x4DFEAE3: ??? (in /usr/lib/x86_64-linux-gnu/libcrypto.so.3)
            n1: 15872 0x4DFC591: EVP_CIPHER_fetch (in /usr/lib/x86_64-linux-gnu/libcrypto.so.3)
             n1: 15872 0x489940A: ??? (in /usr/lib/x86_64-linux-gnu/libssl.so.3)
              n1: 15872 0x488C7E2: ??? (in /usr/lib/x86_64-linux-gnu/libssl.so.3)
               n1: 15872 0x489A8C7: SSL_CTX_new_ex (in /usr/lib/x86_64-linux-gnu/libssl.so.3)
                n1: 15872 0x10A527: download_model_from_github (in /home/khanh/A37/A35M/btc_predict)
                 n0: 15872 0x10954D: main (in /home/khanh/A37/A35M/btc_predict)
            n0: 8448 in 5 places, all below massif's threshold (1.00%)
          n0: 2176 in 1 place, below massif's threshold (1.00%)
    n0: 1536 in 1 place, below massif's threshold (1.00%)
   n0: 512 in 8 places, all below massif's threshold (1.00%)
  n2: 17360 0x4E34703: CRYPTO_THREAD_lock_new (in /usr/lib/x86_64-linux-gnu/libcrypto.so.3)
   n0: 10416 in 46 places, all below massif's threshold (1.00%)
   n1: 6944 0x4DFC510: ??? (in /usr/lib/x86_64-linux-gnu/libcrypto.so.3)
    n1: 6944 0x4DFD976: ??? (in /usr/lib/x86_64-linux-gnu/libcrypto.so.3)
     n1: 6944 0x4DFDF4B: ??? (in /usr/lib/x86_64-linux-gnu/libcrypto.so.3)
      n1: 6944 0x4E23528: ??? (in /usr/lib/x86_64-linux-gnu/libcrypto.so.3)
       n1: 6944 0x4E2323F: ??? (in /usr/lib/x86_64-linux-gnu/libcrypto.so.3)
        n1: 6944 0x4E330F6: ??? (in /usr/lib/x86_64-linux-gnu/libcrypto.so.3)
         n1: 6944 0x4E233B7: ??? (in /usr/lib/x86_64-linux-gnu/libcrypto.so.3)
          n1: 6944 0x4E23758: ??? (in /usr/lib/x86_64-linux-gnu/libcrypto.so.3)
           n1: 6944 0x4DFE804: ??? (in /usr/lib/x86_64-linux-gnu/libcrypto.so.3)
            n1: 6944 0x4DFEAE3: ??? (in /usr/lib/x86_64-linux-gnu/libcrypto.so.3)
             n1: 6944 0x4DFC591: EVP_CIPHER_fetch (in /usr/lib/x86_64-linux-gnu/libcrypto.so.3)
              n1: 6944 0x489940A: ??? (in /usr/lib/x86_64-linux-gnu/libssl.so.3)
               n1: 6944 0x488C7E2: ??? (in /usr/lib/x86_64-linux-gnu/libssl.so.3)
                n1: 6944 0x489A8C7: SSL_CTX_new_ex (in /usr/lib/x86_64-linux-gnu/libssl.so.3)
                 n1: 6944 0x10A527: download_model_from_github (in /home/khanh/A37/A35M/btc_predict)
                  n0: 6944 0x10954D: main (in /home/khanh/A37/A35M/btc_predict)
  n2: 16272 0x4E2163D: OPENSSL_LH_new (in /usr/lib/x86_64-linux-gnu/libcrypto.so.3)
   n2: 15768 0x4F0A5D2: ??? (in /usr/lib/x86_64-linux-gnu/libcrypto.so.3)
    n1: 14904 0x4DFE09E: ??? (in /usr/lib/x86_64-linux-gnu/libcrypto.so.3)
     n1: 14904 0x4E2354D: ??? (in /usr/lib/x86_64-linux-gnu/libcrypto.so.3)
      n1: 14904 0x4E2323F: ??? (in /usr/lib/x86_64-linux-gnu/libcrypto.so.3)
       n1: 14904 0x4E330F6: ??? (in /usr/lib/x86_64-linux-gnu/libcrypto.so.3)
        n1: 14904 0x4E233B7: ??? (in /usr/lib/x86_64-linux-gnu/libcrypto.so.3)
         n2: 14904 0x4E23758: ??? (in /usr/lib/x86_64-linux-gnu/libcrypto.so.3)
          n1: 13680 0x4DFE804: ??? (in /usr/lib/x86_64-linux-gnu/libcrypto.so.3)
           n2: 13680 0x4DFEAE3: ??? (in /usr/lib/x86_64-linux-gnu/libcrypto.so.3)
            n1: 8928 0x4DFC591: EVP_CIPHER_fetch (in /usr/lib/x86_64-linux-gnu/libcrypto.so.3)
             n1: 8928 0x489940A: ??? (in /usr/lib/x86_64-linux-gnu/libssl.so.3)
              n1: 8928 0x488C7E2: ??? (in /usr/lib/x86_64-linux-gnu/libssl.so.3)
               n1: 8928 0x489A8C7: SSL_CTX_new_ex (in /usr/lib/x86_64-linux-gnu/libssl.so.3)
                n1: 8928 0x10A527: download_model_from_github (in /home/khanh/A37/A35M/btc_predict)
                 n0: 8928 0x10954D: main (in /home/khanh/A37/A35M/btc_predict)
            n0: 4752 in 5 places, all below massif's threshold (1.00%)
          n0: 1224 in 1 place, below massif's threshold (1.00%)
    n0: 864 in 1 place, below massif's threshold (1.00%)
   n0: 504 in 8 places, all below massif's threshold (1.00%)
  n2: 7904 0x4F5184D: OPENSSL_sk_new_reserve (in /usr/lib/x86_64-linux-gnu/libcrypto.so.3)
   n2: 7008 0x4F0A5B6: ??? (in /usr/lib/x86_64-linux-gnu/libcrypto.so.3)
    n1: 6624 0x4DFE09E: ??? (in /usr/lib/x86_64-linux-gnu/libcrypto.so.3)
     n1: 6624 0x4E2354D: ??? (in /usr/lib/x86_64-linux-gnu/libcrypto.so.3)
      n1: 6624 0x4E2323F: ??? (in /usr/lib/x86_64-linux-gnu/libcrypto.so.3)
       n1: 6624 0x4E330F6: ??? (in /usr/lib/x86_64-linux-gnu/libcrypto.so.3)
        n1: 6624 0x4E233B7: ??? (in /usr/lib/x86_64-linux-gnu/libcrypto.so.3)
         n2: 6624 0x4E23758: ??? (in /usr/lib/x86_64-linux-gnu/libcrypto.so.3)
          n1: 6080 0x4DFE804: ??? (in /usr/lib/x86_64-linux-gnu/libcrypto.so.3)
           n1: 6080 0x4DFEAE3: ??? (in /usr/lib/x86_64-linux-gnu/libcrypto.so.3)
            n0: 6080 in 6 places, all below massif's threshold (1.00%)
          n0: 544 in 1 place, below massif's threshold (1.00%)
    n0: 384 in 1 place, below massif's threshold (1.00%)
   n0: 896 in 35 places, all below massif's threshold (1.00%)
  n1: 7608 0x4899D20: SSL_new (in /usr/lib/x86_64-linux-gnu/libssl.so.3)
   n1: 7608 0x10A5B5: download_model_from_github (in /home/khanh/A37/A35M/btc_predict)
    n0: 7608 0x10954D: main (in /home/khanh/A37/A35M/btc_predict)
  n1: 7392 0x4F50E12: ??? (in /usr/lib/x86_64-linux-gnu/libcrypto.so.3)
   n2: 7392 0x4F51134: OPENSSL_sk_insert (in /usr/lib/x86_64-linux-gnu/libcrypto.so.3)
    n2: 6944 0x4F0A6AB: ??? (in /usr/lib/x86_64-linux-gnu/libcrypto.so.3)
     n1: 6624 0x4DFE09E: ??? (in /usr/lib/x86_64-linux-gnu/libcrypto.so.3)
      n1: 6624 0x4E2354D: ??? (in /usr/lib/x86_64-linux-gnu/libcrypto.so.3)
       n1: 6624 0x4E2323F: ??? (in /usr/lib/x86_64-linux-gnu/libcrypto.so.3)
        n1: 6624 0x4E330F6: ??? (in /usr/lib/x86_64-linux-gnu/libcrypto.so.3)
         n1: 6624 0x4E233B7: ??? (in /usr/lib/x86_64-linux-gnu/libcrypto.so.3)
          n2: 6624 0x4E23758: ??? (in /usr/lib/x86_64-linux-gnu/libcrypto.so.3)
           n1: 6080 0x4DFE804: ??? (in /usr/lib/x86_64-linux-gnu/libcrypto.so.3)
            n1: 6080 0x4DFEAE3: ??? (in /usr/lib/x86_64-linux-gnu/libcrypto.so.3)
             n0: 6080 in 6 places, all below massif's threshold (1.00%)
           n0: 544 in 1 place, below massif's threshold (1.00%)
     n0: 320 in 1 place, below massif's threshold (1.00%)
    n0: 448 in 23 places, all below massif's threshold (1.00%)
  n1: 6544 0x4E23976: ??? (in /usr/lib/x86_64-linux-gnu/libcrypto.so.3)
   n0: 6544 in 2 places, all below massif's threshold (1.00%)
  n1: 5280 0x4DE7753: ??? (in /usr/lib/x86_64-linux-gnu/libcrypto.so.3)
   n1: 5280 0x4DE88E8: ??? (in /usr/lib/x86_64-linux-gnu/libcrypto.so.3)
    n1: 5280 0x4DFDF4B: ??? (in /usr/lib/x86_64-linux-gnu/libcrypto.so.3)
     n1: 5280 0x4E23528: ??? (in /usr/lib/x86_64-linux-gnu/libcrypto.so.3)
      n1: 5280 0x4E2323F: ??? (in /usr/lib/x86_64-linux-gnu/libcrypto.so.3)
       n1: 5280 0x4E330F6: ??? (in /usr/lib/x86_64-linux-gnu/libcrypto.so.3)
        n1: 5280 0x4E233B7: ??? (in /usr/lib/x86_64-linux-gnu/libcrypto.so.3)
         n1: 5280 0x4E23758: ??? (in /usr/lib/x86_64-linux-gnu/libcrypto.so.3)
          n1: 5280 0x4DFE804: ??? (in /usr/lib/x86_64-linux-gnu/libcrypto.so.3)
           n1: 5280 0x4DFEAE3: ??? (in /usr/lib/x86_64-linux-gnu/libcrypto.so.3)
            n1: 5280 0x4DE77E1: EVP_MD_fetch (in /usr/lib/x86_64-linux-gnu/libcrypto.so.3)
             n1: 5280 0x489951A: ??? (in /usr/lib/x86_64-linux-gnu/libssl.so.3)
              n1: 5280 0x488C86E: ??? (in /usr/lib/x86_64-linux-gnu/libssl.so.3)
               n1: 5280 0x489A8C7: SSL_CTX_new_ex (in /usr/lib/x86_64-linux-gnu/libssl.so.3)
                n1: 5280 0x10A527: download_model_from_github (in /home/khanh/A37/A35M/btc_predict)
                 n0: 5280 0x10954D: main (in /home/khanh/A37/A35M/btc_predict)
  n1: 5256 0x4F0A5A5: ??? (in /usr/lib/x86_64-linux-gnu/libcrypto.so.3)
   n0: 5256 in 2 places, all below massif's threshold (1.00%)
 n4: 58896 0x4E219A5: OPENSSL_LH_insert (in /usr/lib/x86_64-linux-gnu/libcrypto.so.3)
  n2: 41808 0x4DD9062: ??? (in /usr/lib/x86_64-linux-gnu/libcrypto.so.3)
   n2: 39840 0x4DD9320: ERR_load_strings_const (in /usr/lib/x86_64-linux-gnu/libcrypto.so.3)
    n0: 32184 in 33 places, all below massif's threshold (1.00%)
    n1: 7656 0x48905DB: ??? (in /usr/lib/x86_64-linux-gnu/libssl.so.3)
     n1: 7656 0x489061C: ??? (in /usr/lib/x86_64-linux-gnu/libssl.so.3)
      n1: 7656 0x4A91ED2: __pthread_once_slow (pthread_once.c:116)
       n1: 7656 0x4E3480C: CRYPTO_THREAD_run_once (in /usr/lib/x86_64-linux-gnu/libcrypto.so.3)
        n1: 7656 0x4890754: OPENSSL_init_ssl (in /usr/lib/x86_64-linux-gnu/libssl.so.3)
         n1: 7656 0x489A792: SSL_CTX_new_ex (in /usr/lib/x86_64-linux-gnu/libssl.so.3)
          n1: 7656 0x10A527: download_model_from_github (in /home/khanh/A37/A35M/btc_predict)
           n0: 7656 0x10954D: main (in /home/khanh/A37/A35M/btc_predict)
   n0: 1968 in 2 places, all below massif's threshold (1.00%)
  n2: 9816 0x4E239B0: ??? (in /usr/lib/x86_64-linux-gnu/libcrypto.so.3)
   n1: 6096 0x4E24200: ??? (in /usr/lib/x86_64-linux-gnu/libcrypto.so.3)
    n0: 6096 in 7 places, all below massif's threshold (1.00%)
   n0: 3720 in 1 place, below massif's threshold (1.00%)
  n1: 5424 0x4EEA520: OBJ_NAME_add (in /usr/lib/x86_64-linux-gnu/libcrypto.so.3)
   n0: 5424 in 57 places, all below massif's threshold (1.00%)
  n0: 1848 in 5 places, all below massif's threshold (1.00%)
 n1: 32768 0x10A692: download_model_from_github (in /home/khanh/A37/A35M/btc_predict)
  n0: 32768 0x10954D: main (in /home/khanh/A37/A35M/btc_predict)
 n0: 25079 in 83 places, all below massif's threshold (1.00%)
 n1: 16712 0x48B4A4D: ??? (in /usr/lib/x86_64-linux-gnu/libssl.so.3)
  n1: 16712 0x48B4C74: ??? (in /usr/lib/x86_64-linux-gnu/libssl.so.3)
   n1: 16712 0x48C5E95: ??? (in /usr/lib/x86_64-linux-gnu/libssl.so.3)
    n1: 16712 0x10A5E0: download_model_from_github (in /home/khanh/A37/A35M/btc_predict)
     n0: 16712 0x10954D: main (in /home/khanh/A37/A35M/btc_predict)
 n1: 16584 0x48B4BFF: ??? (in /usr/lib/x86_64-linux-gnu/libssl.so.3)
  n1: 16584 0x48B4C87: ??? (in /usr/lib/x86_64-linux-gnu/libssl.so.3)
   n1: 16584 0x48C5E95: ??? (in /usr/lib/x86_64-linux-gnu/libssl.so.3)
    n1: 16584 0x10A5E0: download_model_from_github (in /home/khanh/A37/A35M/btc_predict)
     n0: 16584 0x10954D: main (in /home/khanh/A37/A35M/btc_predict)
 n1: 15408 0x10A864: download_model_from_github (in /home/khanh/A37/A35M/btc_predict)
  n0: 15408 0x10954D: main (in /home/khanh/A37/A35M/btc_predict)
 n2: 11264 0x4E2194F: OPENSSL_LH_insert (in /usr/lib/x86_64-linux-gnu/libcrypto.so.3)
  n2: 8192 0x4DD9062: ??? (in /usr/lib/x86_64-linux-gnu/libcrypto.so.3)
   n2: 8192 0x4DD9320: ERR_load_strings_const (in /usr/lib/x86_64-linux-gnu/libcrypto.so.3)
    n1: 8192 0x4F5D3FB: ??? (in /usr/lib/x86_64-linux-gnu/libcrypto.so.3)
     n1: 8192 0x4DDAB20: ??? (in /usr/lib/x86_64-linux-gnu/libcrypto.so.3)
      n1: 8192 0x4E266FC: ??? (in /usr/lib/x86_64-linux-gnu/libcrypto.so.3)
       n1: 8192 0x4A91ED2: __pthread_once_slow (pthread_once.c:116)
        n1: 8192 0x4E3480C: CRYPTO_THREAD_run_once (in /usr/lib/x86_64-linux-gnu/libcrypto.so.3)
         n1: 8192 0x4E26BEA: OPENSSL_init_crypto (in /usr/lib/x86_64-linux-gnu/libcrypto.so.3)
          n1: 8192 0x4DD997A: ??? (in /usr/lib/x86_64-linux-gnu/libcrypto.so.3)
           n1: 8192 0x4DDA75C: ERR_set_mark (in /usr/lib/x86_64-linux-gnu/libcrypto.so.3)
            n1: 8192 0x4D49DD5: CONF_modules_load_file_ex (in /usr/lib/x86_64-linux-gnu/libcrypto.so.3)
             n1: 8192 0x4D4A1F0: ??? (in /usr/lib/x86_64-linux-gnu/libcrypto.so.3)
              n1: 8192 0x4E2667E: ??? (in /usr/lib/x86_64-linux-gnu/libcrypto.so.3)
               n1: 8192 0x4A91ED2: __pthread_once_slow (pthread_once.c:116)
                n1: 8192 0x4E3480C: CRYPTO_THREAD_run_once (in /usr/lib/x86_64-linux-gnu/libcrypto.so.3)
                 n1: 8192 0x4E26E43: OPENSSL_init_crypto (in /usr/lib/x86_64-linux-gnu/libcrypto.so.3)
                  n1: 8192 0x48906EC: OPENSSL_init_ssl (in /usr/lib/x86_64-linux-gnu/libssl.so.3)
                   n1: 8192 0x10A51A: download_model_from_github (in /home/khanh/A37/A35M/btc_predict)
                    n0: 8192 0x10954D: main (in /home/khanh/A37/A35M/btc_predict)
    n0: 0 in 3 places, all below massif's threshold (1.00%)
   n0: 0 in 2 places, all below massif's threshold (1.00%)
  n0: 3072 in 3 places, all below massif's threshold (1.00%)
 n2: 9840 0x4F0A432: ??? (in /usr/lib/x86_64-linux-gnu/libcrypto.so.3)
  n1: 8280 0x4DFE09E: ??? (in /usr/lib/x86_64-linux-gnu/libcrypto.so.3)
   n1: 8280 0x4E2354D: ??? (in /usr/lib/x86_64-linux-gnu/libcrypto.so.3)
    n1: 8280 0x4E2323F: ??? (in /usr/lib/x86_64-linux-gnu/libcrypto.so.3)
     n1: 8280 0x4E330F6: ??? (in /usr/lib/x86_64-linux-gnu/libcrypto.so.3)
      n1: 8280 0x4E233B7: ??? (in /usr/lib/x86_64-linux-gnu/libcrypto.so.3)
       n2: 8280 0x4E23758: ??? (in /usr/lib/x86_64-linux-gnu/libcrypto.so.3)
        n1: 7600 0x4DFE804: ??? (in /usr/lib/x86_64-linux-gnu/libcrypto.so.3)
         n1: 7600 0x4DFEAE3: ??? (in /usr/lib/x86_64-linux-gnu/libcrypto.so.3)
          n0: 7600 in 6 places, all below massif's threshold (1.00%)
        n0: 680 in 1 place, below massif's threshold (1.00%)
  n0: 1560 in 1 place, below massif's threshold (1.00%)
 n2: 8543 0x4E29123: CRYPTO_strndup (in /usr/lib/x86_64-linux-gnu/libcrypto.so.3)
  n1: 5972 0x4E23992: ??? (in /usr/lib/x86_64-linux-gnu/libcrypto.so.3)
   n0: 5972 in 2 places, all below massif's threshold (1.00%)
  n0: 2571 in 3 places, all below massif's threshold (1.00%)
 n1: 5424 0x4EEA4D8: OBJ_NAME_add (in /usr/lib/x86_64-linux-gnu/libcrypto.so.3)
  n0: 5424 in 208 places, all below massif's threshold (1.00%)
 n1: 5352 0x4F0B10F: ??? (in /usr/lib/x86_64-linux-gnu/libcrypto.so.3)
  n1: 5352 0x4F0C12A: ??? (in /usr/lib/x86_64-linux-gnu/libcrypto.so.3)
   n0: 5352 in 2 places, all below massif's threshold (1.00%)
#-----------
snapshot=37
#-----------
time=18457060
mem_heap_B=331183
mem_heap_extra_B=88097
mem_stacks_B=0
heap_tree=detailed
n9: 331183 (heap allocation functions) malloc/new/new[], --alloc-fns, etc.
 n12: 202992 0x4E27844: CRYPTO_zalloc (in /usr/lib/x86_64-linux-gnu/libcrypto.so.3)
  n1: 49024 0x4E34642: ??? (in /usr/lib/x86_64-linux-gnu/libcrypto.so.3)
   n2: 49024 0x4F0A5ED: ??? (in /usr/lib/x86_64-linux-gnu/libcrypto.so.3)
    n1: 48640 0x4DFE09E: ??? (in /usr/lib/x86_64-linux-gnu/libcrypto.so.3)
     n1: 48640 0x4E2354D: ??? (in /usr/lib/x86_64-linux-gnu/libcrypto.so.3)
      n1: 48640 0x4E2323F: ??? (in /usr/lib/x86_64-linux-gnu/libcrypto.so.3)
       n1: 48640 0x4E330F6: ??? (in /usr/lib/x86_64-linux-gnu/libcrypto.so.3)
        n1: 48640 0x4E233B7: ??? (in /usr/lib/x86_64-linux-gnu/libcrypto.so.3)
         n2: 48640 0x4E23758: ??? (in /usr/lib/x86_64-linux-gnu/libcrypto.so.3)
          n1: 44928 0x4DFE804: ??? (in /usr/lib/x86_64-linux-gnu/libcrypto.so.3)
           n3: 44928 0x4DFEAE3: ??? (in /usr/lib/x86_64-linux-gnu/libcrypto.so.3)
            n1: 32896 0x4DFC591: EVP_CIPHER_fetch (in /usr/lib/x86_64-linux-gnu/libcrypto.so.3)
             n1: 32896 0x489940A: ??? (in /usr/lib/x86_64-linux-gnu/libssl.so.3)
              n1: 32896 0x488C7E2: ??? (in /usr/lib/x86_64-linux-gnu/libssl.so.3)
               n1: 32896 0x489A8C7: SSL_CTX_new_ex (in /usr/lib/x86_64-linux-gnu/libssl.so.3)
                n1: 32896 0x10A527: download_model_from_github (in /home/khanh/A37/A35M/btc_predict)
                 n0: 32896 0x10954D: main (in /home/khanh/A37/A35M/btc_predict)
            n0: 6528 in 4 places, all below massif's threshold (1.00%)
            n1: 5504 0x4DE77E1: EVP_MD_fetch (in /usr/lib/x86_64-linux-gnu/libcrypto.so.3)
             n1: 5504 0x489951A: ??? (in /usr/lib/x86_64-linux-gnu/libssl.so.3)
              n1: 5504 0x488C86E: ??? (in /usr/lib/x86_64-linux-gnu/libssl.so.3)
               n1: 5504 0x489A8C7: SSL_CTX_new_ex (in /usr/lib/x86_64-linux-gnu/libssl.so.3)
                n1: 5504 0x10A527: download_model_from_github (in /home/khanh/A37/A35M/btc_predict)
                 n0: 5504 0x10954D: main (in /home/khanh/A37/A35M/btc_predict)
          n0: 3712 in 1 place, below massif's threshold (1.00%)
    n0: 384 in 1 place, below massif's threshold (1.00%)
  n1: 31744 0x4DFC503: ??? (in /usr/lib/x86_64-linux-gnu/libcrypto.so.3)
   n1: 31744 0x4DFD976: ??? (in /usr/lib/x86_64-linux-gnu/libcrypto.so.3)
    n1: 31744 0x4DFDF4B: ??? (in /usr/lib/x86_64-linux-gnu/libcrypto.so.3)
     n1: 31744 0x4E23528: ??? (in /usr/lib/x86_64-linux-gnu/libcrypto.so.3)
      n1: 31744 0x4E2323F: ??? (in /usr/lib/x86_64-linux-gnu/libcrypto.so.3)
       n1: 31744 0x4E330F6: ??? (in /usr/lib/x86_64-linux-gnu/libcrypto.so.3)
        n1: 31744 0x4E233B7: ??? (in /usr/lib/x86_64-linux-gnu/libcrypto.so.3)
         n1: 31744 0x4E23758: ??? (in /usr/lib/x86_64-linux-gnu/libcrypto.so.3)
          n1: 31744 0x4DFE804: ??? (in /usr/lib/x86_64-linux-gnu/libcrypto.so.3)
           n1: 31744 0x4DFEAE3: ??? (in /usr/lib/x86_64-linux-gnu/libcrypto.so.3)
            n1: 31744 0x4DFC591: EVP_CIPHER_fetch (in /usr/lib/x86_64-linux-gnu/libcrypto.so.3)
             n1: 31744 0x489940A: ??? (in /usr/lib/x86_64-linux-gnu/libssl.so.3)
              n1: 31744 0x488C7E2: ??? (in /usr/lib/x86_64-linux-gnu/libssl.so.3)
               n1: 31744 0x489A8C7: SSL_CTX_new_ex (in /usr/lib/x86_64-linux-gnu/libssl.so.3)
                n1: 31744 0x10A527: download_model_from_github (in /home/khanh/A37/A35M/btc_predict)
                 n0: 31744 0x10954D: main (in /home/khanh/A37/A35M/btc_predict)
  n2: 28544 0x4E2165B: OPENSSL_LH_new (in /usr/lib/x86_64-linux-gnu/libcrypto.so.3)
   n2: 28032 0x4F0A5D2: ??? (in /usr/lib/x86_64-linux-gnu/libcrypto.so.3)
    n1: 26496 0x4DFE09E: ??? (in /usr/lib/x86_64-linux-gnu/libcrypto.so.3)
     n1: 26496 0x4E2354D: ??? (in /usr/lib/x86_64-linux-gnu/libcrypto.so.3)
      n1: 26496 0x4E2323F: ??? (in /usr/lib/x86_64-linux-gnu/libcrypto.so.3)
       n1: 26496 0x4E330F6: ??? (in /usr/lib/x86_64-linux-gnu/libcrypto.so.3)
        n1: 26496 0x4E233B7: ??? (in /usr/lib/x86_64-linux-gnu/libcrypto.so.3)
         n2: 26496 0x4E23758: ??? (in /usr/lib/x86_64-linux-gnu/libcrypto.so.3)
          n1: 24320 0x4DFE804: ??? (in /usr/lib/x86_64-linux-gnu/libcrypto.so.3)
           n2: 24320 0x4DFEAE3: ??? (in /usr/lib/x86_64-linux-gnu/libcrypto.so.3)
            n1: 15872 0x4DFC591: EVP_CIPHER_fetch (in /usr/lib/x86_64-linux-gnu/libcrypto.so.3)
             n1: 15872 0x489940A: ??? (in /usr/lib/x86_64-linux-gnu/libssl.so.3)
              n1: 15872 0x488C7E2: ??? (in /usr/lib/x86_64-linux-gnu/libssl.so.3)
               n1: 15872 0x489A8C7: SSL_CTX_new_ex (in /usr/lib/x86_64-linux-gnu/libssl.so.3)
                n1: 15872 0x10A527: download_model_from_github (in /home/khanh/A37/A35M/btc_predict)
                 n0: 15872 0x10954D: main (in /home/khanh/A37/A35M/btc_predict)
            n0: 8448 in 5 places, all below massif's threshold (1.00%)
          n0: 2176 in 1 place, below massif's threshold (1.00%)
    n0: 1536 in 1 place, below massif's threshold (1.00%)
   n0: 512 in 8 places, all below massif's threshold (1.00%)
  n0: 24176 in 108 places, all below massif's threshold (1.00%)
  n2: 16632 0x4E34703: CRYPTO_THREAD_lock_new (in /usr/lib/x86_64-linux-gnu/libcrypto.so.3)
   n0: 9688 in 46 places, all below massif's threshold (1.00%)
   n1: 6944 0x4DFC510: ??? (in /usr/lib/x86_64-linux-gnu/libcrypto.so.3)
    n1: 6944 0x4DFD976: ??? (in /usr/lib/x86_64-linux-gnu/libcrypto.so.3)
     n1: 6944 0x4DFDF4B: ??? (in /usr/lib/x86_64-linux-gnu/libcrypto.so.3)
      n1: 6944 0x4E23528: ??? (in /usr/lib/x86_64-linux-gnu/libcrypto.so.3)
       n1: 6944 0x4E2323F: ??? (in /usr/lib/x86_64-linux-gnu/libcrypto.so.3)
        n1: 6944 0x4E330F6: ??? (in /usr/lib/x86_64-linux-gnu/libcrypto.so.3)
         n1: 6944 0x4E233B7: ??? (in /usr/lib/x86_64-linux-gnu/libcrypto.so.3)
          n1: 6944 0x4E23758: ??? (in /usr/lib/x86_64-linux-gnu/libcrypto.so.3)
           n1: 6944 0x4DFE804: ??? (in /usr/lib/x86_64-linux-gnu/libcrypto.so.3)
            n1: 6944 0x4DFEAE3: ??? (in /usr/lib/x86_64-linux-gnu/libcrypto.so.3)
             n1: 6944 0x4DFC591: EVP_CIPHER_fetch (in /usr/lib/x86_64-linux-gnu/libcrypto.so.3)
              n1: 6944 0x489940A: ??? (in /usr/lib/x86_64-linux-gnu/libssl.so.3)
               n1: 6944 0x488C7E2: ??? (in /usr/lib/x86_64-linux-gnu/libssl.so.3)
                n1: 6944 0x489A8C7: SSL_CTX_new_ex (in /usr/lib/x86_64-linux-gnu/libssl.so.3)
                 n1: 6944 0x10A527: download_model_from_github (in /home/khanh/A37/A35M/btc_predict)
                  n0: 6944 0x10954D: main (in /home/khanh/A37/A35M/btc_predict)
  n2: 16272 0x4E2163D: OPENSSL_LH_new (in /usr/lib/x86_64-linux-gnu/libcrypto.so.3)
   n2: 15768 0x4F0A5D2: ??? (in /usr/lib/x86_64-linux-gnu/libcrypto.so.3)
    n1: 14904 0x4DFE09E: ??? (in /usr/lib/x86_64-linux-gnu/libcrypto.so.3)
     n1: 14904 0x4E2354D: ??? (in /usr/lib/x86_64-linux-gnu/libcrypto.so.3)
      n1: 14904 0x4E2323F: ??? (in /usr/lib/x86_64-linux-gnu/libcrypto.so.3)
       n1: 14904 0x4E330F6: ??? (in /usr/lib/x86_64-linux-gnu/libcrypto.so.3)
        n1: 14904 0x4E233B7: ??? (in /usr/lib/x86_64-linux-gnu/libcrypto.so.3)
         n2: 14904 0x4E23758: ??? (in /usr/lib/x86_64-linux-gnu/libcrypto.so.3)
          n1: 13680 0x4DFE804: ??? (in /usr/lib/x86_64-linux-gnu/libcrypto.so.3)
           n2: 13680 0x4DFEAE3: ??? (in /usr/lib/x86_64-linux-gnu/libcrypto.so.3)
            n1: 8928 0x4DFC591: EVP_CIPHER_fetch (in /usr/lib/x86_64-linux-gnu/libcrypto.so.3)
             n1: 8928 0x489940A: ??? (in /usr/lib/x86_64-linux-gnu/libssl.so.3)
              n1: 8928 0x488C7E2: ??? (in /usr/lib/x86_64-linux-gnu/libssl.so.3)
               n1: 8928 0x489A8C7: SSL_CTX_new_ex (in /usr/lib/x86_64-linux-gnu/libssl.so.3)
                n1: 8928 0x10A527: download_model_from_github (in /home/khanh/A37/A35M/btc_predict)
                 n0: 8928 0x10954D: main (in /home/khanh/A37/A35M/btc_predict)
            n0: 4752 in 5 places, all below massif's threshold (1.00%)
          n0: 1224 in 1 place, below massif's threshold (1.00%)
    n0: 864 in 1 place, below massif's threshold (1.00%)
   n0: 504 in 8 places, all below massif's threshold (1.00%)
  n2: 7424 0x4F5184D: OPENSSL_sk_new_reserve (in /usr/lib/x86_64-linux-gnu/libcrypto.so.3)
   n2: 7008 0x4F0A5B6: ??? (in /usr/lib/x86_64-linux-gnu/libcrypto.so.3)
    n1: 6624 0x4DFE09E: ??? (in /usr/lib/x86_64-linux-gnu/libcrypto.so.3)
     n1: 6624 0x4E2354D: ??? (in /usr/lib/x86_64-linux-gnu/libcrypto.so.3)
      n1: 6624 0x4E2323F: ??? (in /usr/lib/x86_64-linux-gnu/libcrypto.so.3)
       n1: 6624 0x4E330F6: ??? (in /usr/lib/x86_64-linux-gnu/libcrypto.so.3)
        n1: 6624 0x4E233B7: ??? (in /usr/lib/x86_64-linux-gnu/libcrypto.so.3)
         n2: 6624 0x4E23758: ??? (in /usr/lib/x86_64-linux-gnu/libcrypto.so.3)
          n1: 6080 0x4DFE804: ??? (in /usr/lib/x86_64-linux-gnu/libcrypto.so.3)
           n1: 6080 0x4DFEAE3: ??? (in /usr/lib/x86_64-linux-gnu/libcrypto.so.3)
            n0: 6080 in 6 places, all below massif's threshold (1.00%)
          n0: 544 in 1 place, below massif's threshold (1.00%)
    n0: 384 in 1 place, below massif's threshold (1.00%)
   n0: 416 in 36 places, all below massif's threshold (1.00%)
  n1: 7104 0x4F50E12: ??? (in /usr/lib/x86_64-linux-gnu/libcrypto.so.3)
   n2: 7104 0x4F51134: OPENSSL_sk_insert (in /usr/lib/x86_64-linux-gnu/libcrypto.so.3)
    n2: 6944 0x4F0A6AB: ??? (in /usr/lib/x86_64-linux-gnu/libcrypto.so.3)
     n1: 6624 0x4DFE09E: ??? (in /usr/lib/x86_64-linux-gnu/libcrypto.so.3)
      n1: 6624 0x4E2354D: ??? (in /usr/lib/x86_64-linux-gnu/libcrypto.so.3)
       n1: 6624 0x4E2323F: ??? (in /usr/lib/x86_64-linux-gnu/libcrypto.so.3)
        n1: 6624 0x4E330F6: ??? (in /usr/lib/x86_64-linux-gnu/libcrypto.so.3)
         n1: 6624 0x4E233B7: ??? (in /usr/lib/x86_64-linux-gnu/libcrypto.so.3)
          n2: 6624 0x4E23758: ??? (in /usr/lib/x86_64-linux-gnu/libcrypto.so.3)
           n1: 6080 0x4DFE804: ??? (in /usr/lib/x86_64-linux-gnu/libcrypto.so.3)
            n1: 6080 0x4DFEAE3: ??? (in /usr/lib/x86_64-linux-gnu/libcrypto.so.3)
             n0: 6080 in 6 places, all below massif's threshold (1.00%)
           n0: 544 in 1 place, below massif's threshold (1.00%)
     n0: 320 in 1 place, below massif's threshold (1.00%)
    n0: 160 in 23 places, all below massif's threshold (1.00%)
  n1: 6544 0x4E23976: ??? (in /usr/lib/x86_64-linux-gnu/libcrypto.so.3)
   n0: 6544 in 2 places, all below massif's threshold (1.00%)
  n1: 5280 0x4DE7753: ??? (in /usr/lib/x86_64-linux-gnu/libcrypto.so.3)
   n1: 5280 0x4DE88E8: ??? (in /usr/lib/x86_64-linux-gnu/libcrypto.so.3)
    n1: 5280 0x4DFDF4B: ??? (in /usr/lib/x86_64-linux-gnu/libcrypto.so.3)
     n1: 5280 0x4E23528: ??? (in /usr/lib/x86_64-linux-gnu/libcrypto.so.3)
      n1: 5280 0x4E2323F: ??? (in /usr/lib/x86_64-linux-gnu/libcrypto.so.3)
       n1: 5280 0x4E330F6: ??? (in /usr/lib/x86_64-linux-gnu/libcrypto.so.3)
        n1: 5280 0x4E233B7: ??? (in /usr/lib/x86_64-linux-gnu/libcrypto.so.3)
         n1: 5280 0x4E23758: ??? (in /usr/lib/x86_64-linux-gnu/libcrypto.so.3)
          n1: 5280 0x4DFE804: ??? (in /usr/lib/x86_64-linux-gnu/libcrypto.so.3)
           n1: 5280 0x4DFEAE3: ??? (in /usr/lib/x86_64-linux-gnu/libcrypto.so.3)
            n1: 5280 0x4DE77E1: EVP_MD_fetch (in /usr/lib/x86_64-linux-gnu/libcrypto.so.3)
             n1: 5280 0x489951A: ??? (in /usr/lib/x86_64-linux-gnu/libssl.so.3)
              n1: 5280 0x488C86E: ??? (in /usr/lib/x86_64-linux-gnu/libssl.so.3)
               n1: 5280 0x489A8C7: SSL_CTX_new_ex (in /usr/lib/x86_64-linux-gnu/libssl.so.3)
                n1: 5280 0x10A527: download_model_from_github (in /home/khanh/A37/A35M/btc_predict)
                 n0: 5280 0x10954D: main (in /home/khanh/A37/A35M/btc_predict)
  n2: 5256 0x4F0A5A5: ??? (in /usr/lib/x86_64-linux-gnu/libcrypto.so.3)
   n1: 4968 0x4DFE09E: ??? (in /usr/lib/x86_64-linux-gnu/libcrypto.so.3)
    n1: 4968 0x4E2354D: ??? (in /usr/lib/x86_64-linux-gnu/libcrypto.so.3)
     n1: 4968 0x4E2323F: ??? (in /usr/lib/x86_64-linux-gnu/libcrypto.so.3)
      n1: 4968 0x4E330F6: ??? (in /usr/lib/x86_64-linux-gnu/libcrypto.so.3)
       n1: 4968 0x4E233B7: ??? (in /usr/lib/x86_64-linux-gnu/libcrypto.so.3)
        n2: 4968 0x4E23758: ??? (in /usr/lib/x86_64-linux-gnu/libcrypto.so.3)
         n1: 4560 0x4DFE804: ??? (in /usr/lib/x86_64-linux-gnu/libcrypto.so.3)
          n1: 4560 0x4DFEAE3: ??? (in /usr/lib/x86_64-linux-gnu/libcrypto.so.3)
           n0: 4560 in 6 places, all below massif's threshold (1.00%)
         n0: 408 in 1 place, below massif's threshold (1.00%)
   n0: 288 in 1 place, below massif's threshold (1.00%)
  n1: 4992 0x4DCE8F6: ??? (in /usr/lib/x86_64-linux-gnu/libcrypto.so.3)
   n1: 4992 0x4DCEC5C: ??? (in /usr/lib/x86_64-linux-gnu/libcrypto.so.3)
    n1: 4992 0x4E23528: ??? (in /usr/lib/x86_64-linux-gnu/libcrypto.so.3)
     n1: 4992 0x4E2323F: ??? (in /usr/lib/x86_64-linux-gnu/libcrypto.so.3)
      n1: 4992 0x4E330F6: ??? (in /usr/lib/x86_64-linux-gnu/libcrypto.so.3)
       n1: 4992 0x4E233B7: ??? (in /usr/lib/x86_64-linux-gnu/libcrypto.so.3)
        n1: 4992 0x4E23758: ??? (in /usr/lib/x86_64-linux-gnu/libcrypto.so.3)
         n1: 4992 0x4DCE519: ??? (in /usr/lib/x86_64-linux-gnu/libcrypto.so.3)
          n1: 4992 0x4DCF043: OSSL_DECODER_do_all_provided (in /usr/lib/x86_64-linux-gnu/libcrypto.so.3)
           n1: 4992 0x4DCFBA7: ??? (in /usr/lib/x86_64-linux-gnu/libcrypto.so.3)
            n1: 4992 0x4DCFCED: OSSL_DECODER_CTX_new_for_pkey (in /usr/lib/x86_64-linux-gnu/libcrypto.so.3)
             n1: 4992 0x4F90460: ??? (in /usr/lib/x86_64-linux-gnu/libcrypto.so.3)
              n1: 4992 0x4CE393A: ??? (in /usr/lib/x86_64-linux-gnu/libcrypto.so.3)
               n1: 4992 0x4CE4711: ??? (in /usr/lib/x86_64-linux-gnu/libcrypto.so.3)
                n1: 4992 0x4CE3D65: ??? (in /usr/lib/x86_64-linux-gnu/libcrypto.so.3)
                 n1: 4992 0x4CE4711: ??? (in /usr/lib/x86_64-linux-gnu/libcrypto.so.3)
                  n1: 4992 0x4CE3D65: ??? (in /usr/lib/x86_64-linux-gnu/libcrypto.so.3)
                   n1: 4992 0x4CE4D01: ASN1_item_d2i_ex (in /usr/lib/x86_64-linux-gnu/libcrypto.so.3)
                    n1: 4992 0x48CA15E: ??? (in /usr/lib/x86_64-linux-gnu/libssl.so.3)
                     n1: 4992 0x48C625D: ??? (in /usr/lib/x86_64-linux-gnu/libssl.so.3)
                      n1: 4992 0x10A5E0: download_model_from_github (in /home/khanh/A37/A35M/btc_predict)
                       n0: 4992 0x10954D: main (in /home/khanh/A37/A35M/btc_predict)
 n4: 58896 0x4E219A5: OPENSSL_LH_insert (in /usr/lib/x86_64-linux-gnu/libcrypto.so.3)
  n2: 41808 0x4DD9062: ??? (in /usr/lib/x86_64-linux-gnu/libcrypto.so.3)
   n2: 39840 0x4DD9320: ERR_load_strings_const (in /usr/lib/x86_64-linux-gnu/libcrypto.so.3)
    n0: 32184 in 33 places, all below massif's threshold (1.00%)
    n1: 7656 0x48905DB: ??? (in /usr/lib/x86_64-linux-gnu/libssl.so.3)
     n1: 7656 0x489061C: ??? (in /usr/lib/x86_64-linux-gnu/libssl.so.3)
      n1: 7656 0x4A91ED2: __pthread_once_slow (pthread_once.c:116)
       n1: 7656 0x4E3480C: CRYPTO_THREAD_run_once (in /usr/lib/x86_64-linux-gnu/libcrypto.so.3)
        n1: 7656 0x4890754: OPENSSL_init_ssl (in /usr/lib/x86_64-linux-gnu/libssl.so.3)
         n1: 7656 0x489A792: SSL_CTX_new_ex (in /usr/lib/x86_64-linux-gnu/libssl.so.3)
          n1: 7656 0x10A527: download_model_from_github (in /home/khanh/A37/A35M/btc_predict)
           n0: 7656 0x10954D: main (in /home/khanh/A37/A35M/btc_predict)
   n0: 1968 in 2 places, all below massif's threshold (1.00%)
  n2: 9816 0x4E239B0: ??? (in /usr/lib/x86_64-linux-gnu/libcrypto.so.3)
   n1: 6096 0x4E24200: ??? (in /usr/lib/x86_64-linux-gnu/libcrypto.so.3)
    n0: 6096 in 7 places, all below massif's threshold (1.00%)
   n0: 3720 in 1 place, below massif's threshold (1.00%)
  n1: 5424 0x4EEA520: OBJ_NAME_add (in /usr/lib/x86_64-linux-gnu/libcrypto.so.3)
   n0: 5424 in 57 places, all below massif's threshold (1.00%)
  n0: 1848 in 5 places, all below massif's threshold (1.00%)
 n1: 15408 0x10A864: download_model_from_github (in /home/khanh/A37/A35M/btc_predict)
  n0: 15408 0x10954D: main (in /home/khanh/A37/A35M/btc_predict)
 n0: 13464 in 86 places, all below massif's threshold (1.00%)
 n2: 11264 0x4E2194F: OPENSSL_LH_insert (in /usr/lib/x86_64-linux-gnu/libcrypto.so.3)
  n2: 8192 0x4DD9062: ??? (in /usr/lib/x86_64-linux-gnu/libcrypto.so.3)
   n2: 8192 0x4DD9320: ERR_load_strings_const (in /usr/lib/x86_64-linux-gnu/libcrypto.so.3)
    n1: 8192 0x4F5D3FB: ??? (in /usr/lib/x86_64-linux-gnu/libcrypto.so.3)
     n1: 8192 0x4DDAB20: ??? (in /usr/lib/x86_64-linux-gnu/libcrypto.so.3)
      n1: 8192 0x4E266FC: ??? (in /usr/lib/x86_64-linux-gnu/libcrypto.so.3)
       n1: 8192 0x4A91ED2: __pthread_once_slow (pthread_once.c:116)
        n1: 8192 0x4E3480C: CRYPTO_THREAD_run_once (in /usr/lib/x86_64-linux-gnu/libcrypto.so.3)
         n1: 8192 0x4E26BEA: OPENSSL_init_crypto (in /usr/lib/x86_64-linux-gnu/libcrypto.so.3)
          n1: 8192 0x4DD997A: ??? (in /usr/lib/x86_64-linux-gnu/libcrypto.so.3)
           n1: 8192 0x4DDA75C: ERR_set_mark (in /usr/lib/x86_64-linux-gnu/libcrypto.so.3)
            n1: 8192 0x4D49DD5: CONF_modules_load_file_ex (in /usr/lib/x86_64-linux-gnu/libcrypto.so.3)
             n1: 8192 0x4D4A1F0: ??? (in /usr/lib/x86_64-linux-gnu/libcrypto.so.3)
              n1: 8192 0x4E2667E: ??? (in /usr/lib/x86_64-linux-gnu/libcrypto.so.3)
               n1: 8192 0x4A91ED2: __pthread_once_slow (pthread_once.c:116)
                n1: 8192 0x4E3480C: CRYPTO_THREAD_run_once (in /usr/lib/x86_64-linux-gnu/libcrypto.so.3)
                 n1: 8192 0x4E26E43: OPENSSL_init_crypto (in /usr/lib/x86_64-linux-gnu/libcrypto.so.3)
                  n1: 8192 0x48906EC: OPENSSL_init_ssl (in /usr/lib/x86_64-linux-gnu/libssl.so.3)
                   n1: 8192 0x10A51A: download_model_from_github (in /home/khanh/A37/A35M/btc_predict)
                    n0: 8192 0x10954D: main (in /home/khanh/A37/A35M/btc_predict)
    n0: 0 in 3 places, all below massif's threshold (1.00%)
   n0: 0 in 2 places, all below massif's threshold (1.00%)
  n0: 3072 in 3 places, all below massif's threshold (1.00%)
 n2: 9840 0x4F0A432: ??? (in /usr/lib/x86_64-linux-gnu/libcrypto.so.3)
  n1: 8280 0x4DFE09E: ??? (in /usr/lib/x86_64-linux-gnu/libcrypto.so.3)
   n1: 8280 0x4E2354D: ??? (in /usr/lib/x86_64-linux-gnu/libcrypto.so.3)
    n1: 8280 0x4E2323F: ??? (in /usr/lib/x86_64-linux-gnu/libcrypto.so.3)
     n1: 8280 0x4E330F6: ??? (in /usr/lib/x86_64-linux-gnu/libcrypto.so.3)
      n1: 8280 0x4E233B7: ??? (in /usr/lib/x86_64-linux-gnu/libcrypto.so.3)
       n2: 8280 0x4E23758: ??? (in /usr/lib/x86_64-linux-gnu/libcrypto.so.3)
        n1: 7600 0x4DFE804: ??? (in /usr/lib/x86_64-linux-gnu/libcrypto.so.3)
         n2: 7600 0x4DFEAE3: ??? (in /usr/lib/x86_64-linux-gnu/libcrypto.so.3)
          n1: 4960 0x4DFC591: EVP_CIPHER_fetch (in /usr/lib/x86_64-linux-gnu/libcrypto.so.3)
           n1: 4960 0x489940A: ??? (in /usr/lib/x86_64-linux-gnu/libssl.so.3)
            n1: 4960 0x488C7E2: ??? (in /usr/lib/x86_64-linux-gnu/libssl.so.3)
             n1: 4960 0x489A8C7: SSL_CTX_new_ex (in /usr/lib/x86_64-linux-gnu/libssl.so.3)
              n1: 4960 0x10A527: download_model_from_github (in /home/khanh/A37/A35M/btc_predict)
               n0: 4960 0x10954D: main (in /home/khanh/A37/A35M/btc_predict)
          n0: 2640 in 5 places, all below massif's threshold (1.00%)
        n0: 680 in 1 place, below massif's threshold (1.00%)
  n0: 1560 in 1 place, below massif's threshold (1.00%)
 n2: 8543 0x4E29123: CRYPTO_strndup (in /usr/lib/x86_64-linux-gnu/libcrypto.so.3)
  n1: 5972 0x4E23992: ??? (in /usr/lib/x86_64-linux-gnu/libcrypto.so.3)
   n0: 5972 in 2 places, all below massif's threshold (1.00%)
  n0: 2571 in 3 places, all below massif's threshold (1.00%)
 n1: 5424 0x4EEA4D8: OBJ_NAME_add (in /usr/lib/x86_64-linux-gnu/libcrypto.so.3)
  n0: 5424 in 208 places, all below massif's threshold (1.00%)
 n1: 5352 0x4F0B10F: ??? (in /usr/lib/x86_64-linux-gnu/libcrypto.so.3)
  n1: 5352 0x4F0C12A: ??? (in /usr/lib/x86_64-linux-gnu/libcrypto.so.3)
   n0: 5352 in 2 places, all below massif's threshold (1.00%)
#-----------
snapshot=38
#-----------
time=18844827
mem_heap_B=334808
mem_heap_extra_B=90232
mem_stacks_B=0
heap_tree=empty
#-----------
snapshot=39
#-----------
time=19251036
mem_heap_B=409947
mem_heap_extra_B=91077
mem_stacks_B=0
heap_tree=empty
#-----------
snapshot=40
#-----------
time=19873240
mem_heap_B=413867
mem_heap_extra_B=91197
mem_stacks_B=0
heap_tree=empty
#-----------
snapshot=41
#-----------
time=20485433
mem_heap_B=412433
mem_heap_extra_B=91223
mem_stacks_B=0
heap_tree=empty
#-----------
snapshot=42
#-----------
time=20811938
mem_heap_B=412519
mem_heap_extra_B=91225
mem_stacks_B=0
heap_tree=empty
#-----------
snapshot=43
#-----------
time=21431068
mem_heap_B=415828
mem_heap_extra_B=92364
mem_stacks_B=0
heap_tree=empty
#-----------
snapshot=44
#-----------
time=22097188
mem_heap_B=418362
mem_heap_extra_B=92518
mem_stacks_B=0
heap_tree=empty
#-----------
snapshot=45
#-----------
time=22717811
mem_heap_B=421713
mem_heap_extra_B=93639
mem_stacks_B=0
heap_tree=empty
#-----------
snapshot=46
#-----------
time=23138412
mem_heap_B=421781
mem_heap_extra_B=93659
mem_stacks_B=0
heap_tree=empty
#-----------
snapshot=47
#-----------
time=23632083
mem_heap_B=429056
mem_heap_extra_B=94648
mem_stacks_B=0
heap_tree=empty
#-----------
snapshot=48
#-----------
time=23996690
mem_heap_B=426524
mem_heap_extra_B=94892
mem_stacks_B=0
heap_tree=detailed
n12: 426524 (heap allocation functions) malloc/new/new[], --alloc-fns, etc.
 n12: 222120 0x4E27844: CRYPTO_zalloc (in /usr/lib/x86_64-linux-gnu/libcrypto.so.3)
  n1: 49024 0x4E34642: ??? (in /usr/lib/x86_64-linux-gnu/libcrypto.so.3)
   n2: 49024 0x4F0A5ED: ??? (in /usr/lib/x86_64-linux-gnu/libcrypto.so.3)
    n1: 48640 0x4DFE09E: ??? (in /usr/lib/x86_64-linux-gnu/libcrypto.so.3)
     n1: 48640 0x4E2354D: ??? (in /usr/lib/x86_64-linux-gnu/libcrypto.so.3)
      n1: 48640 0x4E2323F: ??? (in /usr/lib/x86_64-linux-gnu/libcrypto.so.3)
       n1: 48640 0x4E330F6: ??? (in /usr/lib/x86_64-linux-gnu/libcrypto.so.3)
        n1: 48640 0x4E233B7: ??? (in /usr/lib/x86_64-linux-gnu/libcrypto.so.3)
         n2: 48640 0x4E23758: ??? (in /usr/lib/x86_64-linux-gnu/libcrypto.so.3)
          n1: 44928 0x4DFE804: ??? (in /usr/lib/x86_64-linux-gnu/libcrypto.so.3)
           n3: 44928 0x4DFEAE3: ??? (in /usr/lib/x86_64-linux-gnu/libcrypto.so.3)
            n1: 32896 0x4DFC591: EVP_CIPHER_fetch (in /usr/lib/x86_64-linux-gnu/libcrypto.so.3)
             n1: 32896 0x489940A: ??? (in /usr/lib/x86_64-linux-gnu/libssl.so.3)
              n1: 32896 0x488C7E2: ??? (in /usr/lib/x86_64-linux-gnu/libssl.so.3)
               n1: 32896 0x489A8C7: SSL_CTX_new_ex (in /usr/lib/x86_64-linux-gnu/libssl.so.3)
                n1: 32896 0x10A527: download_model_from_github (in /home/khanh/A37/A35M/btc_predict)
                 n0: 32896 0x10954D: main (in /home/khanh/A37/A35M/btc_predict)
            n0: 6528 in 4 places, all below massif's threshold (1.00%)
            n1: 5504 0x4DE77E1: EVP_MD_fetch (in /usr/lib/x86_64-linux-gnu/libcrypto.so.3)
             n1: 5504 0x489951A: ??? (in /usr/lib/x86_64-linux-gnu/libssl.so.3)
              n1: 5504 0x488C86E: ??? (in /usr/lib/x86_64-linux-gnu/libssl.so.3)
               n1: 5504 0x489A8C7: SSL_CTX_new_ex (in /usr/lib/x86_64-linux-gnu/libssl.so.3)
                n1: 5504 0x10A527: download_model_from_github (in /home/khanh/A37/A35M/btc_predict)
                 n0: 5504 0x10954D: main (in /home/khanh/A37/A35M/btc_predict)
          n0: 3712 in 1 place, below massif's threshold (1.00%)
    n0: 384 in 1 place, below massif's threshold (1.00%)
  n0: 39024 in 108 places, all below massif's threshold (1.00%)
  n1: 31744 0x4DFC503: ??? (in /usr/lib/x86_64-linux-gnu/libcrypto.so.3)
   n1: 31744 0x4DFD976: ??? (in /usr/lib/x86_64-linux-gnu/libcrypto.so.3)
    n1: 31744 0x4DFDF4B: ??? (in /usr/lib/x86_64-linux-gnu/libcrypto.so.3)
     n1: 31744 0x4E23528: ??? (in /usr/lib/x86_64-linux-gnu/libcrypto.so.3)
      n1: 31744 0x4E2323F: ??? (in /usr/lib/x86_64-linux-gnu/libcrypto.so.3)
       n1: 31744 0x4E330F6: ??? (in /usr/lib/x86_64-linux-gnu/libcrypto.so.3)
        n1: 31744 0x4E233B7: ??? (in /usr/lib/x86_64-linux-gnu/libcrypto.so.3)
         n1: 31744 0x4E23758: ??? (in /usr/lib/x86_64-linux-gnu/libcrypto.so.3)
          n1: 31744 0x4DFE804: ??? (in /usr/lib/x86_64-linux-gnu/libcrypto.so.3)
           n1: 31744 0x4DFEAE3: ??? (in /usr/lib/x86_64-linux-gnu/libcrypto.so.3)
            n1: 31744 0x4DFC591: EVP_CIPHER_fetch (in /usr/lib/x86_64-linux-gnu/libcrypto.so.3)
             n1: 31744 0x489940A: ??? (in /usr/lib/x86_64-linux-gnu/libssl.so.3)
              n1: 31744 0x488C7E2: ??? (in /usr/lib/x86_64-linux-gnu/libssl.so.3)
               n1: 31744 0x489A8C7: SSL_CTX_new_ex (in /usr/lib/x86_64-linux-gnu/libssl.so.3)
                n1: 31744 0x10A527: download_model_from_github (in /home/khanh/A37/A35M/btc_predict)
                 n0: 31744 0x10954D: main (in /home/khanh/A37/A35M/btc_predict)
  n2: 28544 0x4E2165B: OPENSSL_LH_new (in /usr/lib/x86_64-linux-gnu/libcrypto.so.3)
   n2: 28032 0x4F0A5D2: ??? (in /usr/lib/x86_64-linux-gnu/libcrypto.so.3)
    n1: 26496 0x4DFE09E: ??? (in /usr/lib/x86_64-linux-gnu/libcrypto.so.3)
     n1: 26496 0x4E2354D: ??? (in /usr/lib/x86_64-linux-gnu/libcrypto.so.3)
      n1: 26496 0x4E2323F: ??? (in /usr/lib/x86_64-linux-gnu/libcrypto.so.3)
       n1: 26496 0x4E330F6: ??? (in /usr/lib/x86_64-linux-gnu/libcrypto.so.3)
        n1: 26496 0x4E233B7: ??? (in /usr/lib/x86_64-linux-gnu/libcrypto.so.3)
         n2: 26496 0x4E23758: ??? (in /usr/lib/x86_64-linux-gnu/libcrypto.so.3)
          n1: 24320 0x4DFE804: ??? (in /usr/lib/x86_64-linux-gnu/libcrypto.so.3)
           n2: 24320 0x4DFEAE3: ??? (in /usr/lib/x86_64-linux-gnu/libcrypto.so.3)
            n1: 15872 0x4DFC591: EVP_CIPHER_fetch (in /usr/lib/x86_64-linux-gnu/libcrypto.so.3)
             n1: 15872 0x489940A: ??? (in /usr/lib/x86_64-linux-gnu/libssl.so.3)
              n1: 15872 0x488C7E2: ??? (in /usr/lib/x86_64-linux-gnu/libssl.so.3)
               n1: 15872 0x489A8C7: SSL_CTX_new_ex (in /usr/lib/x86_64-linux-gnu/libssl.so.3)
                n1: 15872 0x10A527: download_model_from_github (in /home/khanh/A37/A35M/btc_predict)
                 n0: 15872 0x10954D: main (in /home/khanh/A37/A35M/btc_predict)
            n0: 8448 in 5 places, all below massif's threshold (1.00%)
          n0: 2176 in 1 place, below massif's threshold (1.00%)
    n0: 1536 in 1 place, below massif's threshold (1.00%)
   n0: 512 in 8 places, all below massif's threshold (1.00%)
  n2: 17528 0x4E34703: CRYPTO_THREAD_lock_new (in /usr/lib/x86_64-linux-gnu/libcrypto.so.3)
   n0: 10584 in 46 places, all below massif's threshold (1.00%)
   n1: 6944 0x4DFC510: ??? (in /usr/lib/x86_64-linux-gnu/libcrypto.so.3)
    n1: 6944 0x4DFD976: ??? (in /usr/lib/x86_64-linux-gnu/libcrypto.so.3)
     n1: 6944 0x4DFDF4B: ??? (in /usr/lib/x86_64-linux-gnu/libcrypto.so.3)
      n1: 6944 0x4E23528: ??? (in /usr/lib/x86_64-linux-gnu/libcrypto.so.3)
       n1: 6944 0x4E2323F: ??? (in /usr/lib/x86_64-linux-gnu/libcrypto.so.3)
        n1: 6944 0x4E330F6: ??? (in /usr/lib/x86_64-linux-gnu/libcrypto.so.3)
         n1: 6944 0x4E233B7: ??? (in /usr/lib/x86_64-linux-gnu/libcrypto.so.3)
          n1: 6944 0x4E23758: ??? (in /usr/lib/x86_64-linux-gnu/libcrypto.so.3)
           n1: 6944 0x4DFE804: ??? (in /usr/lib/x86_64-linux-gnu/libcrypto.so.3)
            n1: 6944 0x4DFEAE3: ??? (in /usr/lib/x86_64-linux-gnu/libcrypto.so.3)
             n1: 6944 0x4DFC591: EVP_CIPHER_fetch (in /usr/lib/x86_64-linux-gnu/libcrypto.so.3)
              n1: 6944 0x489940A: ??? (in /usr/lib/x86_64-linux-gnu/libssl.so.3)
               n1: 6944 0x488C7E2: ??? (in /usr/lib/x86_64-linux-gnu/libssl.so.3)
                n1: 6944 0x489A8C7: SSL_CTX_new_ex (in /usr/lib/x86_64-linux-gnu/libssl.so.3)
                 n1: 6944 0x10A527: download_model_from_github (in /home/khanh/A37/A35M/btc_predict)
                  n0: 6944 0x10954D: main (in /home/khanh/A37/A35M/btc_predict)
  n2: 16272 0x4E2163D: OPENSSL_LH_new (in /usr/lib/x86_64-linux-gnu/libcrypto.so.3)
   n2: 15768 0x4F0A5D2: ??? (in /usr/lib/x86_64-linux-gnu/libcrypto.so.3)
    n1: 14904 0x4DFE09E: ??? (in /usr/lib/x86_64-linux-gnu/libcrypto.so.3)
     n1: 14904 0x4E2354D: ??? (in /usr/lib/x86_64-linux-gnu/libcrypto.so.3)
      n1: 14904 0x4E2323F: ??? (in /usr/lib/x86_64-linux-gnu/libcrypto.so.3)
       n1: 14904 0x4E330F6: ??? (in /usr/lib/x86_64-linux-gnu/libcrypto.so.3)
        n1: 14904 0x4E233B7: ??? (in /usr/lib/x86_64-linux-gnu/libcrypto.so.3)
         n2: 14904 0x4E23758: ??? (in /usr/lib/x86_64-linux-gnu/libcrypto.so.3)
          n1: 13680 0x4DFE804: ??? (in /usr/lib/x86_64-linux-gnu/libcrypto.so.3)
           n2: 13680 0x4DFEAE3: ??? (in /usr/lib/x86_64-linux-gnu/libcrypto.so.3)
            n1: 8928 0x4DFC591: EVP_CIPHER_fetch (in /usr/lib/x86_64-linux-gnu/libcrypto.so.3)
             n1: 8928 0x489940A: ??? (in /usr/lib/x86_64-linux-gnu/libssl.so.3)
              n1: 8928 0x488C7E2: ??? (in /usr/lib/x86_64-linux-gnu/libssl.so.3)
               n1: 8928 0x489A8C7: SSL_CTX_new_ex (in /usr/lib/x86_64-linux-gnu/libssl.so.3)
                n1: 8928 0x10A527: download_model_from_github (in /home/khanh/A37/A35M/btc_predict)
                 n0: 8928 0x10954D: main (in /home/khanh/A37/A35M/btc_predict)
            n0: 4752 in 5 places, all below massif's threshold (1.00%)
          n0: 1224 in 1 place, below massif's threshold (1.00%)
    n0: 864 in 1 place, below massif's threshold (1.00%)
   n0: 504 in 8 places, all below massif's threshold (1.00%)
  n2: 7936 0x4F5184D: OPENSSL_sk_new_reserve (in /usr/lib/x86_64-linux-gnu/libcrypto.so.3)
   n2: 7008 0x4F0A5B6: ??? (in /usr/lib/x86_64-linux-gnu/libcrypto.so.3)
    n1: 6624 0x4DFE09E: ??? (in /usr/lib/x86_64-linux-gnu/libcrypto.so.3)
     n1: 6624 0x4E2354D: ??? (in /usr/lib/x86_64-linux-gnu/libcrypto.so.3)
      n1: 6624 0x4E2323F: ??? (in /usr/lib/x86_64-linux-gnu/libcrypto.so.3)
       n1: 6624 0x4E330F6: ??? (in /usr/lib/x86_64-linux-gnu/libcrypto.so.3)
        n1: 6624 0x4E233B7: ??? (in /usr/lib/x86_64-linux-gnu/libcrypto.so.3)
         n2: 6624 0x4E23758: ??? (in /usr/lib/x86_64-linux-gnu/libcrypto.so.3)
          n1: 6080 0x4DFE804: ??? (in /usr/lib/x86_64-linux-gnu/libcrypto.so.3)
           n1: 6080 0x4DFEAE3: ??? (in /usr/lib/x86_64-linux-gnu/libcrypto.so.3)
            n0: 6080 in 6 places, all below massif's threshold (1.00%)
          n0: 544 in 1 place, below massif's threshold (1.00%)
    n0: 384 in 1 place, below massif's threshold (1.00%)
   n0: 928 in 36 places, all below massif's threshold (1.00%)
  n2: 7608 0x4899D20: SSL_new (in /usr/lib/x86_64-linux-gnu/libssl.so.3)
   n1: 7608 0x10A273: fetch_binance_data (in /home/khanh/A37/A35M/btc_predict)
    n0: 7608 0x109597: main (in /home/khanh/A37/A35M/btc_predict)
   n0: 0 in 1 place, below massif's threshold (1.00%)
  n1: 7360 0x4F50E12: ??? (in /usr/lib/x86_64-linux-gnu/libcrypto.so.3)
   n2: 7360 0x4F51134: OPENSSL_sk_insert (in /usr/lib/x86_64-linux-gnu/libcrypto.so.3)
    n2: 6944 0x4F0A6AB: ??? (in /usr/lib/x86_64-linux-gnu/libcrypto.so.3)
     n1: 6624 0x4DFE09E: ??? (in /usr/lib/x86_64-linux-gnu/libcrypto.so.3)
      n1: 6624 0x4E2354D: ??? (in /usr/lib/x86_64-linux-gnu/libcrypto.so.3)
       n1: 6624 0x4E2323F: ??? (in /usr/lib/x86_64-linux-gnu/libcrypto.so.3)
        n1: 6624 0x4E330F6: ??? (in /usr/lib/x86_64-linux-gnu/libcrypto.so.3)
         n1: 6624 0x4E233B7: ??? (in /usr/lib/x86_64-linux-gnu/libcrypto.so.3)
          n2: 6624 0x4E23758: ??? (in /usr/lib/x86_64-linux-gnu/libcrypto.so.3)
           n1: 6080 0x4DFE804: ??? (in /usr/lib/x86_64-linux-gnu/libcrypto.so.3)
            n1: 6080 0x4DFEAE3: ??? (in /usr/lib/x86_64-linux-gnu/libcrypto.so.3)
             n0: 6080 in 6 places, all below massif's threshold (1.00%)
           n0: 544 in 1 place, below massif's threshold (1.00%)
     n0: 320 in 1 place, below massif's threshold (1.00%)
    n0: 416 in 23 places, all below massif's threshold (1.00%)
  n1: 6544 0x4E23976: ??? (in /usr/lib/x86_64-linux-gnu/libcrypto.so.3)
   n0: 6544 in 2 places, all below massif's threshold (1.00%)
  n1: 5280 0x4DE7753: ??? (in /usr/lib/x86_64-linux-gnu/libcrypto.so.3)
   n1: 5280 0x4DE88E8: ??? (in /usr/lib/x86_64-linux-gnu/libcrypto.so.3)
    n1: 5280 0x4DFDF4B: ??? (in /usr/lib/x86_64-linux-gnu/libcrypto.so.3)
     n1: 5280 0x4E23528: ??? (in /usr/lib/x86_64-linux-gnu/libcrypto.so.3)
      n1: 5280 0x4E2323F: ??? (in /usr/lib/x86_64-linux-gnu/libcrypto.so.3)
       n1: 5280 0x4E330F6: ??? (in /usr/lib/x86_64-linux-gnu/libcrypto.so.3)
        n1: 5280 0x4E233B7: ??? (in /usr/lib/x86_64-linux-gnu/libcrypto.so.3)
         n1: 5280 0x4E23758: ??? (in /usr/lib/x86_64-linux-gnu/libcrypto.so.3)
          n1: 5280 0x4DFE804: ??? (in /usr/lib/x86_64-linux-gnu/libcrypto.so.3)
           n1: 5280 0x4DFEAE3: ??? (in /usr/lib/x86_64-linux-gnu/libcrypto.so.3)
            n1: 5280 0x4DE77E1: EVP_MD_fetch (in /usr/lib/x86_64-linux-gnu/libcrypto.so.3)
             n1: 5280 0x489951A: ??? (in /usr/lib/x86_64-linux-gnu/libssl.so.3)
              n1: 5280 0x488C86E: ??? (in /usr/lib/x86_64-linux-gnu/libssl.so.3)
               n1: 5280 0x489A8C7: SSL_CTX_new_ex (in /usr/lib/x86_64-linux-gnu/libssl.so.3)
                n1: 5280 0x10A527: download_model_from_github (in /home/khanh/A37/A35M/btc_predict)
                 n0: 5280 0x10954D: main (in /home/khanh/A37/A35M/btc_predict)
  n1: 5256 0x4F0A5A5: ??? (in /usr/lib/x86_64-linux-gnu/libcrypto.so.3)
   n0: 5256 in 2 places, all below massif's threshold (1.00%)
 n4: 58896 0x4E219A5: OPENSSL_LH_insert (in /usr/lib/x86_64-linux-gnu/libcrypto.so.3)
  n2: 41808 0x4DD9062: ??? (in /usr/lib/x86_64-linux-gnu/libcrypto.so.3)
   n2: 39840 0x4DD9320: ERR_load_strings_const (in /usr/lib/x86_64-linux-gnu/libcrypto.so.3)
    n0: 32184 in 33 places, all below massif's threshold (1.00%)
    n1: 7656 0x48905DB: ??? (in /usr/lib/x86_64-linux-gnu/libssl.so.3)
     n1: 7656 0x489061C: ??? (in /usr/lib/x86_64-linux-gnu/libssl.so.3)
      n1: 7656 0x4A91ED2: __pthread_once_slow (pthread_once.c:116)
       n1: 7656 0x4E3480C: CRYPTO_THREAD_run_once (in /usr/lib/x86_64-linux-gnu/libcrypto.so.3)
        n1: 7656 0x4890754: OPENSSL_init_ssl (in /usr/lib/x86_64-linux-gnu/libssl.so.3)
         n1: 7656 0x489A792: SSL_CTX_new_ex (in /usr/lib/x86_64-linux-gnu/libssl.so.3)
          n1: 7656 0x10A527: download_model_from_github (in /home/khanh/A37/A35M/btc_predict)
           n0: 7656 0x10954D: main (in /home/khanh/A37/A35M/btc_predict)
   n0: 1968 in 2 places, all below massif's threshold (1.00%)
  n2: 9816 0x4E239B0: ??? (in /usr/lib/x86_64-linux-gnu/libcrypto.so.3)
   n1: 6096 0x4E24200: ??? (in /usr/lib/x86_64-linux-gnu/libcrypto.so.3)
    n0: 6096 in 7 places, all below massif's threshold (1.00%)
   n0: 3720 in 1 place, below massif's threshold (1.00%)
  n1: 5424 0x4EEA520: OBJ_NAME_add (in /usr/lib/x86_64-linux-gnu/libcrypto.so.3)
   n0: 5424 in 57 places, all below massif's threshold (1.00%)
  n0: 1848 in 5 places, all below massif's threshold (1.00%)
 n0: 33725 in 83 places, all below massif's threshold (1.00%)
 n2: 22652 0x4D1F203: BUF_MEM_grow (in /usr/lib/x86_64-linux-gnu/libcrypto.so.3)
  n2: 21848 0x48C68F1: ??? (in /usr/lib/x86_64-linux-gnu/libssl.so.3)
   n1: 21848 0x10A2A0: fetch_binance_data (in /home/khanh/A37/A35M/btc_predict)
    n0: 21848 0x109597: main (in /home/khanh/A37/A35M/btc_predict)
   n0: 0 in 2 places, all below massif's threshold (1.00%)
  n0: 804 in 3 places, all below massif's threshold (1.00%)
 n1: 16712 0x48B4A4D: ??? (in /usr/lib/x86_64-linux-gnu/libssl.so.3)
  n1: 16712 0x48B4C74: ??? (in /usr/lib/x86_64-linux-gnu/libssl.so.3)
   n2: 16712 0x48C5E95: ??? (in /usr/lib/x86_64-linux-gnu/libssl.so.3)
    n1: 16712 0x10A2A0: fetch_binance_data (in /home/khanh/A37/A35M/btc_predict)
     n0: 16712 0x109597: main (in /home/khanh/A37/A35M/btc_predict)
    n0: 0 in 1 place, below massif's threshold (1.00%)
 n1: 16584 0x48B4BFF: ??? (in /usr/lib/x86_64-linux-gnu/libssl.so.3)
  n1: 16584 0x48B4C87: ??? (in /usr/lib/x86_64-linux-gnu/libssl.so.3)
   n2: 16584 0x48C5E95: ??? (in /usr/lib/x86_64-linux-gnu/libssl.so.3)
    n1: 16584 0x10A2A0: fetch_binance_data (in /home/khanh/A37/A35M/btc_predict)
     n0: 16584 0x109597: main (in /home/khanh/A37/A35M/btc_predict)
    n0: 0 in 1 place, below massif's threshold (1.00%)
 n1: 15408 0x10A864: download_model_from_github (in /home/khanh/A37/A35M/btc_predict)
  n0: 15408 0x10954D: main (in /home/khanh/A37/A35M/btc_predict)
 n2: 11264 0x4E2194F: OPENSSL_LH_insert (in /usr/lib/x86_64-linux-gnu/libcrypto.so.3)
  n2: 8192 0x4DD9062: ??? (in /usr/lib/x86_64-linux-gnu/libcrypto.so.3)
   n2: 8192 0x4DD9320: ERR_load_strings_const (in /usr/lib/x86_64-linux-gnu/libcrypto.so.3)
    n1: 8192 0x4F5D3FB: ??? (in /usr/lib/x86_64-linux-gnu/libcrypto.so.3)
     n1: 8192 0x4DDAB20: ??? (in /usr/lib/x86_64-linux-gnu/libcrypto.so.3)
      n1: 8192 0x4E266FC: ??? (in /usr/lib/x86_64-linux-gnu/libcrypto.so.3)
       n1: 8192 0x4A91ED2: __pthread_once_slow (pthread_once.c:116)
        n1: 8192 0x4E3480C: CRYPTO_THREAD_run_once (in /usr/lib/x86_64-linux-gnu/libcrypto.so.3)
         n1: 8192 0x4E26BEA: OPENSSL_init_crypto (in /usr/lib/x86_64-linux-gnu/libcrypto.so.3)
          n1: 8192 0x4DD997A: ??? (in /usr/lib/x86_64-linux-gnu/libcrypto.so.3)
           n1: 8192 0x4DDA75C: ERR_set_mark (in /usr/lib/x86_64-linux-gnu/libcrypto.so.3)
            n1: 8192 0x4D49DD5: CONF_modules_load_file_ex (in /usr/lib/x86_64-linux-gnu/libcrypto.so.3)
             n1: 8192 0x4D4A1F0: ??? (in /usr/lib/x86_64-linux-gnu/libcrypto.so.3)
              n1: 8192 0x4E2667E: ??? (in /usr/lib/x86_64-linux-gnu/libcrypto.so.3)
               n1: 8192 0x4A91ED2: __pthread_once_slow (pthread_once.c:116)
                n1: 8192 0x4E3480C: CRYPTO_THREAD_run_once (in /usr/lib/x86_64-linux-gnu/libcrypto.so.3)
                 n1: 8192 0x4E26E43: OPENSSL_init_crypto (in /usr/lib/x86_64-linux-gnu/libcrypto.so.3)
                  n1: 8192 0x48906EC: OPENSSL_init_ssl (in /usr/lib/x86_64-linux-gnu/libssl.so.3)
                   n1: 8192 0x10A51A: download_model_from_github (in /home/khanh/A37/A35M/btc_predict)
                    n0: 8192 0x10954D: main (in /home/khanh/A37/A35M/btc_predict)
    n0: 0 in 3 places, all below massif's threshold (1.00%)
   n0: 0 in 2 places, all below massif's threshold (1.00%)
  n0: 3072 in 3 places, all below massif's threshold (1.00%)
 n2: 9840 0x4F0A432: ??? (in /usr/lib/x86_64-linux-gnu/libcrypto.so.3)
  n1: 8280 0x4DFE09E: ??? (in /usr/lib/x86_64-linux-gnu/libcrypto.so.3)
   n1: 8280 0x4E2354D: ??? (in /usr/lib/x86_64-linux-gnu/libcrypto.so.3)
    n1: 8280 0x4E2323F: ??? (in /usr/lib/x86_64-linux-gnu/libcrypto.so.3)
     n1: 8280 0x4E330F6: ??? (in /usr/lib/x86_64-linux-gnu/libcrypto.so.3)
      n1: 8280 0x4E233B7: ??? (in /usr/lib/x86_64-linux-gnu/libcrypto.so.3)
       n2: 8280 0x4E23758: ??? (in /usr/lib/x86_64-linux-gnu/libcrypto.so.3)
        n1: 7600 0x4DFE804: ??? (in /usr/lib/x86_64-linux-gnu/libcrypto.so.3)
         n1: 7600 0x4DFEAE3: ??? (in /usr/lib/x86_64-linux-gnu/libcrypto.so.3)
          n0: 7600 in 6 places, all below massif's threshold (1.00%)
        n0: 680 in 1 place, below massif's threshold (1.00%)
  n0: 1560 in 1 place, below massif's threshold (1.00%)
 n2: 8547 0x4E29123: CRYPTO_strndup (in /usr/lib/x86_64-linux-gnu/libcrypto.so.3)
  n1: 5972 0x4E23992: ??? (in /usr/lib/x86_64-linux-gnu/libcrypto.so.3)
   n0: 5972 in 2 places, all below massif's threshold (1.00%)
  n0: 2575 in 3 places, all below massif's threshold (1.00%)
 n1: 5424 0x4EEA4D8: OBJ_NAME_add (in /usr/lib/x86_64-linux-gnu/libcrypto.so.3)
  n0: 5424 in 208 places, all below massif's threshold (1.00%)
 n1: 5352 0x4F0B10F: ??? (in /usr/lib/x86_64-linux-gnu/libcrypto.so.3)
  n1: 5352 0x4F0C12A: ??? (in /usr/lib/x86_64-linux-gnu/libcrypto.so.3)
   n0: 5352 in 2 places, all below massif's threshold (1.00%)
#-----------
snapshot=49
#-----------
time=24477440
mem_heap_B=426592
mem_heap_extra_B=94912
mem_stacks_B=0
heap_tree=empty
#-----------
snapshot=50
#-----------
time=24602550
mem_heap_B=431436
mem_heap_extra_B=95276
mem_stacks_B=0
heap_tree=detailed
n12: 431436 (heap allocation functions) malloc/new/new[], --alloc-fns, etc.
 n11: 223592 0x4E27844: CRYPTO_zalloc (in /usr/lib/x86_64-linux-gnu/libcrypto.so.3)
  n1: 49024 0x4E34642: ??? (in /usr/lib/x86_64-linux-gnu/libcrypto.so.3)
   n2: 49024 0x4F0A5ED: ??? (in /usr/lib/x86_64-linux-gnu/libcrypto.so.3)
    n1: 48640 0x4DFE09E: ??? (in /usr/lib/x86_64-linux-gnu/libcrypto.so.3)
     n1: 48640 0x4E2354D: ??? (in /usr/lib/x86_64-linux-gnu/libcrypto.so.3)
      n1: 48640 0x4E2323F: ??? (in /usr/lib/x86_64-linux-gnu/libcrypto.so.3)
       n1: 48640 0x4E330F6: ??? (in /usr/lib/x86_64-linux-gnu/libcrypto.so.3)
        n1: 48640 0x4E233B7: ??? (in /usr/lib/x86_64-linux-gnu/libcrypto.so.3)
         n2: 48640 0x4E23758: ??? (in /usr/lib/x86_64-linux-gnu/libcrypto.so.3)
          n1: 44928 0x4DFE804: ??? (in /usr/lib/x86_64-linux-gnu/libcrypto.so.3)
           n3: 44928 0x4DFEAE3: ??? (in /usr/lib/x86_64-linux-gnu/libcrypto.so.3)
            n1: 32896 0x4DFC591: EVP_CIPHER_fetch (in /usr/lib/x86_64-linux-gnu/libcrypto.so.3)
             n1: 32896 0x489940A: ??? (in /usr/lib/x86_64-linux-gnu/libssl.so.3)
              n1: 32896 0x488C7E2: ??? (in /usr/lib/x86_64-linux-gnu/libssl.so.3)
               n1: 32896 0x489A8C7: SSL_CTX_new_ex (in /usr/lib/x86_64-linux-gnu/libssl.so.3)
                n1: 32896 0x10A527: download_model_from_github (in /home/khanh/A37/A35M/btc_predict)
                 n0: 32896 0x10954D: main (in /home/khanh/A37/A35M/btc_predict)
            n0: 6528 in 4 places, all below massif's threshold (1.00%)
            n1: 5504 0x4DE77E1: EVP_MD_fetch (in /usr/lib/x86_64-linux-gnu/libcrypto.so.3)
             n1: 5504 0x489951A: ??? (in /usr/lib/x86_64-linux-gnu/libssl.so.3)
              n1: 5504 0x488C86E: ??? (in /usr/lib/x86_64-linux-gnu/libssl.so.3)
               n1: 5504 0x489A8C7: SSL_CTX_new_ex (in /usr/lib/x86_64-linux-gnu/libssl.so.3)
                n1: 5504 0x10A527: download_model_from_github (in /home/khanh/A37/A35M/btc_predict)
                 n0: 5504 0x10954D: main (in /home/khanh/A37/A35M/btc_predict)
          n0: 3712 in 1 place, below massif's threshold (1.00%)
    n0: 384 in 1 place, below massif's threshold (1.00%)
  n0: 45448 in 109 places, all below massif's threshold (1.00%)
  n1: 31744 0x4DFC503: ??? (in /usr/lib/x86_64-linux-gnu/libcrypto.so.3)
   n1: 31744 0x4DFD976: ??? (in /usr/lib/x86_64-linux-gnu/libcrypto.so.3)
    n1: 31744 0x4DFDF4B: ??? (in /usr/lib/x86_64-linux-gnu/libcrypto.so.3)
     n1: 31744 0x4E23528: ??? (in /usr/lib/x86_64-linux-gnu/libcrypto.so.3)
      n1: 31744 0x4E2323F: ??? (in /usr/lib/x86_64-linux-gnu/libcrypto.so.3)
       n1: 31744 0x4E330F6: ??? (in /usr/lib/x86_64-linux-gnu/libcrypto.so.3)
        n1: 31744 0x4E233B7: ??? (in /usr/lib/x86_64-linux-gnu/libcrypto.so.3)
         n1: 31744 0x4E23758: ??? (in /usr/lib/x86_64-linux-gnu/libcrypto.so.3)
          n1: 31744 0x4DFE804: ??? (in /usr/lib/x86_64-linux-gnu/libcrypto.so.3)
           n1: 31744 0x4DFEAE3: ??? (in /usr/lib/x86_64-linux-gnu/libcrypto.so.3)
            n1: 31744 0x4DFC591: EVP_CIPHER_fetch (in /usr/lib/x86_64-linux-gnu/libcrypto.so.3)
             n1: 31744 0x489940A: ??? (in /usr/lib/x86_64-linux-gnu/libssl.so.3)
              n1: 31744 0x488C7E2: ??? (in /usr/lib/x86_64-linux-gnu/libssl.so.3)
               n1: 31744 0x489A8C7: SSL_CTX_new_ex (in /usr/lib/x86_64-linux-gnu/libssl.so.3)
                n1: 31744 0x10A527: download_model_from_github (in /home/khanh/A37/A35M/btc_predict)
                 n0: 31744 0x10954D: main (in /home/khanh/A37/A35M/btc_predict)
  n2: 28544 0x4E2165B: OPENSSL_LH_new (in /usr/lib/x86_64-linux-gnu/libcrypto.so.3)
   n2: 28032 0x4F0A5D2: ??? (in /usr/lib/x86_64-linux-gnu/libcrypto.so.3)
    n1: 26496 0x4DFE09E: ??? (in /usr/lib/x86_64-linux-gnu/libcrypto.so.3)
     n1: 26496 0x4E2354D: ??? (in /usr/lib/x86_64-linux-gnu/libcrypto.so.3)
      n1: 26496 0x4E2323F: ??? (in /usr/lib/x86_64-linux-gnu/libcrypto.so.3)
       n1: 26496 0x4E330F6: ??? (in /usr/lib/x86_64-linux-gnu/libcrypto.so.3)
        n1: 26496 0x4E233B7: ??? (in /usr/lib/x86_64-linux-gnu/libcrypto.so.3)
         n2: 26496 0x4E23758: ??? (in /usr/lib/x86_64-linux-gnu/libcrypto.so.3)
          n1: 24320 0x4DFE804: ??? (in /usr/lib/x86_64-linux-gnu/libcrypto.so.3)
           n2: 24320 0x4DFEAE3: ??? (in /usr/lib/x86_64-linux-gnu/libcrypto.so.3)
            n1: 15872 0x4DFC591: EVP_CIPHER_fetch (in /usr/lib/x86_64-linux-gnu/libcrypto.so.3)
             n1: 15872 0x489940A: ??? (in /usr/lib/x86_64-linux-gnu/libssl.so.3)
              n1: 15872 0x488C7E2: ??? (in /usr/lib/x86_64-linux-gnu/libssl.so.3)
               n1: 15872 0x489A8C7: SSL_CTX_new_ex (in /usr/lib/x86_64-linux-gnu/libssl.so.3)
                n1: 15872 0x10A527: download_model_from_github (in /home/khanh/A37/A35M/btc_predict)
                 n0: 15872 0x10954D: main (in /home/khanh/A37/A35M/btc_predict)
            n0: 8448 in 5 places, all below massif's threshold (1.00%)
          n0: 2176 in 1 place, below massif's threshold (1.00%)
    n0: 1536 in 1 place, below massif's threshold (1.00%)
   n0: 512 in 8 places, all below massif's threshold (1.00%)
  n2: 17864 0x4E34703: CRYPTO_THREAD_lock_new (in /usr/lib/x86_64-linux-gnu/libcrypto.so.3)
   n0: 10920 in 46 places, all below massif's threshold (1.00%)
   n1: 6944 0x4DFC510: ??? (in /usr/lib/x86_64-linux-gnu/libcrypto.so.3)
    n1: 6944 0x4DFD976: ??? (in /usr/lib/x86_64-linux-gnu/libcrypto.so.3)
     n1: 6944 0x4DFDF4B: ??? (in /usr/lib/x86_64-linux-gnu/libcrypto.so.3)
      n1: 6944 0x4E23528: ??? (in /usr/lib/x86_64-linux-gnu/libcrypto.so.3)
       n1: 6944 0x4E2323F: ??? (in /usr/lib/x86_64-linux-gnu/libcrypto.so.3)
        n1: 6944 0x4E330F6: ??? (in /usr/lib/x86_64-linux-gnu/libcrypto.so.3)
         n1: 6944 0x4E233B7: ??? (in /usr/lib/x86_64-linux-gnu/libcrypto.so.3)
          n1: 6944 0x4E23758: ??? (in /usr/lib/x86_64-linux-gnu/libcrypto.so.3)
           n1: 6944 0x4DFE804: ??? (in /usr/lib/x86_64-linux-gnu/libcrypto.so.3)
            n1: 6944 0x4DFEAE3: ??? (in /usr/lib/x86_64-linux-gnu/libcrypto.so.3)
             n1: 6944 0x4DFC591: EVP_CIPHER_fetch (in /usr/lib/x86_64-linux-gnu/libcrypto.so.3)
              n1: 6944 0x489940A: ??? (in /usr/lib/x86_64-linux-gnu/libssl.so.3)
               n1: 6944 0x488C7E2: ??? (in /usr/lib/x86_64-linux-gnu/libssl.so.3)
                n1: 6944 0x489A8C7: SSL_CTX_new_ex (in /usr/lib/x86_64-linux-gnu/libssl.so.3)
                 n1: 6944 0x10A527: download_model_from_github (in /home/khanh/A37/A35M/btc_predict)
                  n0: 6944 0x10954D: main (in /home/khanh/A37/A35M/btc_predict)
  n2: 16272 0x4E2163D: OPENSSL_LH_new (in /usr/lib/x86_64-linux-gnu/libcrypto.so.3)
   n2: 15768 0x4F0A5D2: ??? (in /usr/lib/x86_64-linux-gnu/libcrypto.so.3)
    n1: 14904 0x4DFE09E: ??? (in /usr/lib/x86_64-linux-gnu/libcrypto.so.3)
     n1: 14904 0x4E2354D: ??? (in /usr/lib/x86_64-linux-gnu/libcrypto.so.3)
      n1: 14904 0x4E2323F: ??? (in /usr/lib/x86_64-linux-gnu/libcrypto.so.3)
       n1: 14904 0x4E330F6: ??? (in /usr/lib/x86_64-linux-gnu/libcrypto.so.3)
        n1: 14904 0x4E233B7: ??? (in /usr/lib/x86_64-linux-gnu/libcrypto.so.3)
         n2: 14904 0x4E23758: ??? (in /usr/lib/x86_64-linux-gnu/libcrypto.so.3)
          n1: 13680 0x4DFE804: ??? (in /usr/lib/x86_64-linux-gnu/libcrypto.so.3)
           n2: 13680 0x4DFEAE3: ??? (in /usr/lib/x86_64-linux-gnu/libcrypto.so.3)
            n1: 8928 0x4DFC591: EVP_CIPHER_fetch (in /usr/lib/x86_64-linux-gnu/libcrypto.so.3)
             n1: 8928 0x489940A: ??? (in /usr/lib/x86_64-linux-gnu/libssl.so.3)
              n1: 8928 0x488C7E2: ??? (in /usr/lib/x86_64-linux-gnu/libssl.so.3)
               n1: 8928 0x489A8C7: SSL_CTX_new_ex (in /usr/lib/x86_64-linux-gnu/libssl.so.3)
                n1: 8928 0x10A527: download_model_from_github (in /home/khanh/A37/A35M/btc_predict)
                 n0: 8928 0x10954D: main (in /home/khanh/A37/A35M/btc_predict)
            n0: 4752 in 5 places, all below massif's threshold (1.00%)
          n0: 1224 in 1 place, below massif's threshold (1.00%)
    n0: 864 in 1 place, below massif's threshold (1.00%)
   n0: 504 in 8 places, all below massif's threshold (1.00%)
  n2: 7904 0x4F5184D: OPENSSL_sk_new_reserve (in /usr/lib/x86_64-linux-gnu/libcrypto.so.3)
   n2: 7008 0x4F0A5B6: ??? (in /usr/lib/x86_64-linux-gnu/libcrypto.so.3)
    n1: 6624 0x4DFE09E: ??? (in /usr/lib/x86_64-linux-gnu/libcrypto.so.3)
     n1: 6624 0x4E2354D: ??? (in /usr/lib/x86_64-linux-gnu/libcrypto.so.3)
      n1: 6624 0x4E2323F: ??? (in /usr/lib/x86_64-linux-gnu/libcrypto.so.3)
       n1: 6624 0x4E330F6: ??? (in /usr/lib/x86_64-linux-gnu/libcrypto.so.3)
        n1: 6624 0x4E233B7: ??? (in /usr/lib/x86_64-linux-gnu/libcrypto.so.3)
         n2: 6624 0x4E23758: ??? (in /usr/lib/x86_64-linux-gnu/libcrypto.so.3)
          n1: 6080 0x4DFE804: ??? (in /usr/lib/x86_64-linux-gnu/libcrypto.so.3)
           n1: 6080 0x4DFEAE3: ??? (in /usr/lib/x86_64-linux-gnu/libcrypto.so.3)
            n0: 6080 in 6 places, all below massif's threshold (1.00%)
          n0: 544 in 1 place, below massif's threshold (1.00%)
    n0: 384 in 1 place, below massif's threshold (1.00%)
   n0: 896 in 36 places, all below massif's threshold (1.00%)
  n2: 7608 0x4899D20: SSL_new (in /usr/lib/x86_64-linux-gnu/libssl.so.3)
   n1: 7608 0x10A273: fetch_binance_data (in /home/khanh/A37/A35M/btc_predict)
    n0: 7608 0x109597: main (in /home/khanh/A37/A35M/btc_predict)
   n0: 0 in 1 place, below massif's threshold (1.00%)
  n1: 7360 0x4F50E12: ??? (in /usr/lib/x86_64-linux-gnu/libcrypto.so.3)
   n2: 7360 0x4F51134: OPENSSL_sk_insert (in /usr/lib/x86_64-linux-gnu/libcrypto.so.3)
    n2: 6944 0x4F0A6AB: ??? (in /usr/lib/x86_64-linux-gnu/libcrypto.so.3)
     n1: 6624 0x4DFE09E: ??? (in /usr/lib/x86_64-linux-gnu/libcrypto.so.3)
      n1: 6624 0x4E2354D: ??? (in /usr/lib/x86_64-linux-gnu/libcrypto.so.3)
       n1: 6624 0x4E2323F: ??? (in /usr/lib/x86_64-linux-gnu/libcrypto.so.3)
        n1: 6624 0x4E330F6: ??? (in /usr/lib/x86_64-linux-gnu/libcrypto.so.3)
         n1: 6624 0x4E233B7: ??? (in /usr/lib/x86_64-linux-gnu/libcrypto.so.3)
          n2: 6624 0x4E23758: ??? (in /usr/lib/x86_64-linux-gnu/libcrypto.so.3)
           n1: 6080 0x4DFE804: ??? (in /usr/lib/x86_64-linux-gnu/libcrypto.so.3)
            n1: 6080 0x4DFEAE3: ??? (in /usr/lib/x86_64-linux-gnu/libcrypto.so.3)
             n0: 6080 in 6 places, all below massif's threshold (1.00%)
           n0: 544 in 1 place, below massif's threshold (1.00%)
     n0: 320 in 1 place, below massif's threshold (1.00%)
    n0: 416 in 23 places, all below massif's threshold (1.00%)
  n1: 6544 0x4E23976: ??? (in /usr/lib/x86_64-linux-gnu/libcrypto.so.3)
   n0: 6544 in 2 places, all below massif's threshold (1.00%)
  n1: 5280 0x4DE7753: ??? (in /usr/lib/x86_64-linux-gnu/libcrypto.so.3)
   n1: 5280 0x4DE88E8: ??? (in /usr/lib/x86_64-linux-gnu/libcrypto.so.3)
    n1: 5280 0x4DFDF4B: ??? (in /usr/lib/x86_64-linux-gnu/libcrypto.so.3)
     n1: 5280 0x4E23528: ??? (in /usr/lib/x86_64-linux-gnu/libcrypto.so.3)
      n1: 5280 0x4E2323F: ??? (in /usr/lib/x86_64-linux-gnu/libcrypto.so.3)
       n1: 5280 0x4E330F6: ??? (in /usr/lib/x86_64-linux-gnu/libcrypto.so.3)
        n1: 5280 0x4E233B7: ??? (in /usr/lib/x86_64-linux-gnu/libcrypto.so.3)
         n1: 5280 0x4E23758: ??? (in /usr/lib/x86_64-linux-gnu/libcrypto.so.3)
          n1: 5280 0x4DFE804: ??? (in /usr/lib/x86_64-linux-gnu/libcrypto.so.3)
           n1: 5280 0x4DFEAE3: ??? (in /usr/lib/x86_64-linux-gnu/libcrypto.so.3)
            n1: 5280 0x4DE77E1: EVP_MD_fetch (in /usr/lib/x86_64-linux-gnu/libcrypto.so.3)
             n1: 5280 0x489951A: ??? (in /usr/lib/x86_64-linux-gnu/libssl.so.3)
              n1: 5280 0x488C86E: ??? (in /usr/lib/x86_64-linux-gnu/libssl.so.3)
               n1: 5280 0x489A8C7: SSL_CTX_new_ex (in /usr/lib/x86_64-linux-gnu/libssl.so.3)
                n1: 5280 0x10A527: download_model_from_github (in /home/khanh/A37/A35M/btc_predict)
                 n0: 5280 0x10954D: main (in /home/khanh/A37/A35M/btc_predict)
 n4: 58896 0x4E219A5: OPENSSL_LH_insert (in /usr/lib/x86_64-linux-gnu/libcrypto.so.3)
  n2: 41808 0x4DD9062: ??? (in /usr/lib/x86_64-linux-gnu/libcrypto.so.3)
   n2: 39840 0x4DD9320: ERR_load_strings_const (in /usr/lib/x86_64-linux-gnu/libcrypto.so.3)
    n0: 32184 in 33 places, all below massif's threshold (1.00%)
    n1: 7656 0x48905DB: ??? (in /usr/lib/x86_64-linux-gnu/libssl.so.3)
     n1: 7656 0x489061C: ??? (in /usr/lib/x86_64-linux-gnu/libssl.so.3)
      n1: 7656 0x4A91ED2: __pthread_once_slow (pthread_once.c:116)
       n1: 7656 0x4E3480C: CRYPTO_THREAD_run_once (in /usr/lib/x86_64-linux-gnu/libcrypto.so.3)
        n1: 7656 0x4890754: OPENSSL_init_ssl (in /usr/lib/x86_64-linux-gnu/libssl.so.3)
         n1: 7656 0x489A792: SSL_CTX_new_ex (in /usr/lib/x86_64-linux-gnu/libssl.so.3)
          n1: 7656 0x10A527: download_model_from_github (in /home/khanh/A37/A35M/btc_predict)
           n0: 7656 0x10954D: main (in /home/khanh/A37/A35M/btc_predict)
   n0: 1968 in 2 places, all below massif's threshold (1.00%)
  n2: 9816 0x4E239B0: ??? (in /usr/lib/x86_64-linux-gnu/libcrypto.so.3)
   n1: 6096 0x4E24200: ??? (in /usr/lib/x86_64-linux-gnu/libcrypto.so.3)
    n0: 6096 in 7 places, all below massif's threshold (1.00%)
   n0: 3720 in 1 place, below massif's threshold (1.00%)
  n1: 5424 0x4EEA520: OBJ_NAME_add (in /usr/lib/x86_64-linux-gnu/libcrypto.so.3)
   n0: 5424 in 57 places, all below massif's threshold (1.00%)
  n0: 1848 in 5 places, all below massif's threshold (1.00%)
 n0: 37169 in 83 places, all below massif's threshold (1.00%)
 n2: 22652 0x4D1F203: BUF_MEM_grow (in /usr/lib/x86_64-linux-gnu/libcrypto.so.3)
  n2: 21848 0x48C68F1: ??? (in /usr/lib/x86_64-linux-gnu/libssl.so.3)
   n1: 21848 0x10A2A0: fetch_binance_data (in /home/khanh/A37/A35M/btc_predict)
    n0: 21848 0x109597: main (in /home/khanh/A37/A35M/btc_predict)
   n0: 0 in 2 places, all below massif's threshold (1.00%)
  n0: 804 in 3 places, all below massif's threshold (1.00%)
 n1: 16712 0x48B4A4D: ??? (in /usr/lib/x86_64-linux-gnu/libssl.so.3)
  n1: 16712 0x48B4C74: ??? (in /usr/lib/x86_64-linux-gnu/libssl.so.3)
   n2: 16712 0x48C5E95: ??? (in /usr/lib/x86_64-linux-gnu/libssl.so.3)
    n1: 16712 0x10A2A0: fetch_binance_data (in /home/khanh/A37/A35M/btc_predict)
     n0: 16712 0x109597: main (in /home/khanh/A37/A35M/btc_predict)
    n0: 0 in 1 place, below massif's threshold (1.00%)
 n1: 16584 0x48B4BFF: ??? (in /usr/lib/x86_64-linux-gnu/libssl.so.3)
  n1: 16584 0x48B4C87: ??? (in /usr/lib/x86_64-linux-gnu/libssl.so.3)
   n2: 16584 0x48C5E95: ??? (in /usr/lib/x86_64-linux-gnu/libssl.so.3)
    n1: 16584 0x10A2A0: fetch_binance_data (in /home/khanh/A37/A35M/btc_predict)
     n0: 16584 0x109597: main (in /home/khanh/A37/A35M/btc_predict)
    n0: 0 in 1 place, below massif's threshold (1.00%)
 n1: 15408 0x10A864: download_model_from_github (in /home/khanh/A37/A35M/btc_predict)
  n0: 15408 0x10954D: main (in /home/khanh/A37/A35M/btc_predict)
 n2: 11264 0x4E2194F: OPENSSL_LH_insert (in /usr/lib/x86_64-linux-gnu/libcrypto.so.3)
  n2: 8192 0x4DD9062: ??? (in /usr/lib/x86_64-linux-gnu/libcrypto.so.3)
   n2: 8192 0x4DD9320: ERR_load_strings_const (in /usr/lib/x86_64-linux-gnu/libcrypto.so.3)
    n1: 8192 0x4F5D3FB: ??? (in /usr/lib/x86_64-linux-gnu/libcrypto.so.3)
     n1: 8192 0x4DDAB20: ??? (in /usr/lib/x86_64-linux-gnu/libcrypto.so.3)
      n1: 8192 0x4E266FC: ??? (in /usr/lib/x86_64-linux-gnu/libcrypto.so.3)
       n1: 8192 0x4A91ED2: __pthread_once_slow (pthread_once.c:116)
        n1: 8192 0x4E3480C: CRYPTO_THREAD_run_once (in /usr/lib/x86_64-linux-gnu/libcrypto.so.3)
         n1: 8192 0x4E26BEA: OPENSSL_init_crypto (in /usr/lib/x86_64-linux-gnu/libcrypto.so.3)
          n1: 8192 0x4DD997A: ??? (in /usr/lib/x86_64-linux-gnu/libcrypto.so.3)
           n1: 8192 0x4DDA75C: ERR_set_mark (in /usr/lib/x86_64-linux-gnu/libcrypto.so.3)
            n1: 8192 0x4D49DD5: CONF_modules_load_file_ex (in /usr/lib/x86_64-linux-gnu/libcrypto.so.3)
             n1: 8192 0x4D4A1F0: ??? (in /usr/lib/x86_64-linux-gnu/libcrypto.so.3)
              n1: 8192 0x4E2667E: ??? (in /usr/lib/x86_64-linux-gnu/libcrypto.so.3)
               n1: 8192 0x4A91ED2: __pthread_once_slow (pthread_once.c:116)
                n1: 8192 0x4E3480C: CRYPTO_THREAD_run_once (in /usr/lib/x86_64-linux-gnu/libcrypto.so.3)
                 n1: 8192 0x4E26E43: OPENSSL_init_crypto (in /usr/lib/x86_64-linux-gnu/libcrypto.so.3)
                  n1: 8192 0x48906EC: OPENSSL_init_ssl (in /usr/lib/x86_64-linux-gnu/libssl.so.3)
                   n1: 8192 0x10A51A: download_model_from_github (in /home/khanh/A37/A35M/btc_predict)
                    n0: 8192 0x10954D: main (in /home/khanh/A37/A35M/btc_predict)
    n0: 0 in 3 places, all below massif's threshold (1.00%)
   n0: 0 in 2 places, all below massif's threshold (1.00%)
  n0: 3072 in 3 places, all below massif's threshold (1.00%)
 n2: 9840 0x4F0A432: ??? (in /usr/lib/x86_64-linux-gnu/libcrypto.so.3)
  n1: 8280 0x4DFE09E: ??? (in /usr/lib/x86_64-linux-gnu/libcrypto.so.3)
   n1: 8280 0x4E2354D: ??? (in /usr/lib/x86_64-linux-gnu/libcrypto.so.3)
    n1: 8280 0x4E2323F: ??? (in /usr/lib/x86_64-linux-gnu/libcrypto.so.3)
     n1: 8280 0x4E330F6: ??? (in /usr/lib/x86_64-linux-gnu/libcrypto.so.3)
      n1: 8280 0x4E233B7: ??? (in /usr/lib/x86_64-linux-gnu/libcrypto.so.3)
       n2: 8280 0x4E23758: ??? (in /usr/lib/x86_64-linux-gnu/libcrypto.so.3)
        n1: 7600 0x4DFE804: ??? (in /usr/lib/x86_64-linux-gnu/libcrypto.so.3)
         n1: 7600 0x4DFEAE3: ??? (in /usr/lib/x86_64-linux-gnu/libcrypto.so.3)
          n0: 7600 in 6 places, all below massif's threshold (1.00%)
        n0: 680 in 1 place, below massif's threshold (1.00%)
  n0: 1560 in 1 place, below massif's threshold (1.00%)
 n2: 8543 0x4E29123: CRYPTO_strndup (in /usr/lib/x86_64-linux-gnu/libcrypto.so.3)
  n1: 5972 0x4E23992: ??? (in /usr/lib/x86_64-linux-gnu/libcrypto.so.3)
   n0: 5972 in 2 places, all below massif's threshold (1.00%)
  n0: 2571 in 3 places, all below massif's threshold (1.00%)
 n1: 5424 0x4EEA4D8: OBJ_NAME_add (in /usr/lib/x86_64-linux-gnu/libcrypto.so.3)
  n0: 5424 in 208 places, all below massif's threshold (1.00%)
 n1: 5352 0x4F0B10F: ??? (in /usr/lib/x86_64-linux-gnu/libcrypto.so.3)
  n1: 5352 0x4F0C12A: ??? (in /usr/lib/x86_64-linux-gnu/libcrypto.so.3)
   n0: 5352 in 2 places, all below massif's threshold (1.00%)
#-----------
snapshot=51
#-----------
time=24878659
mem_heap_B=428432
mem_heap_extra_B=95376
mem_stacks_B=0
heap_tree=empty
#-----------
snapshot=52
#-----------
time=25272497
mem_heap_B=433472
mem_heap_extra_B=95680
mem_stacks_B=0
heap_tree=empty
#-----------
snapshot=53
#-----------
time=25547417
mem_heap_B=429317
mem_heap_extra_B=95547
mem_stacks_B=0
heap_tree=empty
#-----------
snapshot=54
#-----------
time=25821628
mem_heap_B=435006
mem_heap_extra_B=95442
mem_stacks_B=0
heap_tree=empty
#-----------
snapshot=55
#-----------
time=25978628
mem_heap_B=465142
mem_heap_extra_B=95362
mem_stacks_B=0
heap_tree=detailed
n10: 465142 (heap allocation functions) malloc/new/new[], --alloc-fns, etc.
 n10: 223760 0x4E27844: CRYPTO_zalloc (in /usr/lib/x86_64-linux-gnu/libcrypto.so.3)
  n0: 50976 in 110 places, all below massif's threshold (1.00%)
  n1: 49024 0x4E34642: ??? (in /usr/lib/x86_64-linux-gnu/libcrypto.so.3)
   n2: 49024 0x4F0A5ED: ??? (in /usr/lib/x86_64-linux-gnu/libcrypto.so.3)
    n1: 48640 0x4DFE09E: ??? (in /usr/lib/x86_64-linux-gnu/libcrypto.so.3)
     n1: 48640 0x4E2354D: ??? (in /usr/lib/x86_64-linux-gnu/libcrypto.so.3)
      n1: 48640 0x4E2323F: ??? (in /usr/lib/x86_64-linux-gnu/libcrypto.so.3)
       n1: 48640 0x4E330F6: ??? (in /usr/lib/x86_64-linux-gnu/libcrypto.so.3)
        n1: 48640 0x4E233B7: ??? (in /usr/lib/x86_64-linux-gnu/libcrypto.so.3)
         n2: 48640 0x4E23758: ??? (in /usr/lib/x86_64-linux-gnu/libcrypto.so.3)
          n1: 44928 0x4DFE804: ??? (in /usr/lib/x86_64-linux-gnu/libcrypto.so.3)
           n2: 44928 0x4DFEAE3: ??? (in /usr/lib/x86_64-linux-gnu/libcrypto.so.3)
            n1: 32896 0x4DFC591: EVP_CIPHER_fetch (in /usr/lib/x86_64-linux-gnu/libcrypto.so.3)
             n1: 32896 0x489940A: ??? (in /usr/lib/x86_64-linux-gnu/libssl.so.3)
              n1: 32896 0x488C7E2: ??? (in /usr/lib/x86_64-linux-gnu/libssl.so.3)
               n1: 32896 0x489A8C7: SSL_CTX_new_ex (in /usr/lib/x86_64-linux-gnu/libssl.so.3)
                n1: 32896 0x10A527: download_model_from_github (in /home/khanh/A37/A35M/btc_predict)
                 n0: 32896 0x10954D: main (in /home/khanh/A37/A35M/btc_predict)
            n0: 12032 in 5 places, all below massif's threshold (1.00%)
          n0: 3712 in 1 place, below massif's threshold (1.00%)
    n0: 384 in 1 place, below massif's threshold (1.00%)
  n1: 31744 0x4DFC503: ??? (in /usr/lib/x86_64-linux-gnu/libcrypto.so.3)
   n1: 31744 0x4DFD976: ??? (in /usr/lib/x86_64-linux-gnu/libcrypto.so.3)
    n1: 31744 0x4DFDF4B: ??? (in /usr/lib/x86_64-linux-gnu/libcrypto.so.3)
     n1: 31744 0x4E23528: ??? (in /usr/lib/x86_64-linux-gnu/libcrypto.so.3)
      n1: 31744 0x4E2323F: ??? (in /usr/lib/x86_64-linux-gnu/libcrypto.so.3)
       n1: 31744 0x4E330F6: ??? (in /usr/lib/x86_64-linux-gnu/libcrypto.so.3)
        n1: 31744 0x4E233B7: ??? (in /usr/lib/x86_64-linux-gnu/libcrypto.so.3)
         n1: 31744 0x4E23758: ??? (in /usr/lib/x86_64-linux-gnu/libcrypto.so.3)
          n1: 31744 0x4DFE804: ??? (in /usr/lib/x86_64-linux-gnu/libcrypto.so.3)
           n1: 31744 0x4DFEAE3: ??? (in /usr/lib/x86_64-linux-gnu/libcrypto.so.3)
            n1: 31744 0x4DFC591: EVP_CIPHER_fetch (in /usr/lib/x86_64-linux-gnu/libcrypto.so.3)
             n1: 31744 0x489940A: ??? (in /usr/lib/x86_64-linux-gnu/libssl.so.3)
              n1: 31744 0x488C7E2: ??? (in /usr/lib/x86_64-linux-gnu/libssl.so.3)
               n1: 31744 0x489A8C7: SSL_CTX_new_ex (in /usr/lib/x86_64-linux-gnu/libssl.so.3)
                n1: 31744 0x10A527: download_model_from_github (in /home/khanh/A37/A35M/btc_predict)
                 n0: 31744 0x10954D: main (in /home/khanh/A37/A35M/btc_predict)
  n2: 28544 0x4E2165B: OPENSSL_LH_new (in /usr/lib/x86_64-linux-gnu/libcrypto.so.3)
   n2: 28032 0x4F0A5D2: ??? (in /usr/lib/x86_64-linux-gnu/libcrypto.so.3)
    n1: 26496 0x4DFE09E: ??? (in /usr/lib/x86_64-linux-gnu/libcrypto.so.3)
     n1: 26496 0x4E2354D: ??? (in /usr/lib/x86_64-linux-gnu/libcrypto.so.3)
      n1: 26496 0x4E2323F: ??? (in /usr/lib/x86_64-linux-gnu/libcrypto.so.3)
       n1: 26496 0x4E330F6: ??? (in /usr/lib/x86_64-linux-gnu/libcrypto.so.3)
        n1: 26496 0x4E233B7: ??? (in /usr/lib/x86_64-linux-gnu/libcrypto.so.3)
         n2: 26496 0x4E23758: ??? (in /usr/lib/x86_64-linux-gnu/libcrypto.so.3)
          n1: 24320 0x4DFE804: ??? (in /usr/lib/x86_64-linux-gnu/libcrypto.so.3)
           n2: 24320 0x4DFEAE3: ??? (in /usr/lib/x86_64-linux-gnu/libcrypto.so.3)
            n1: 15872 0x4DFC591: EVP_CIPHER_fetch (in /usr/lib/x86_64-linux-gnu/libcrypto.so.3)
             n1: 15872 0x489940A: ??? (in /usr/lib/x86_64-linux-gnu/libssl.so.3)
              n1: 15872 0x488C7E2: ??? (in /usr/lib/x86_64-linux-gnu/libssl.so.3)
               n1: 15872 0x489A8C7: SSL_CTX_new_ex (in /usr/lib/x86_64-linux-gnu/libssl.so.3)
                n1: 15872 0x10A527: download_model_from_github (in /home/khanh/A37/A35M/btc_predict)
                 n0: 15872 0x10954D: main (in /home/khanh/A37/A35M/btc_predict)
            n0: 8448 in 5 places, all below massif's threshold (1.00%)
          n0: 2176 in 1 place, below massif's threshold (1.00%)
    n0: 1536 in 1 place, below massif's threshold (1.00%)
   n0: 512 in 8 places, all below massif's threshold (1.00%)
  n2: 17528 0x4E34703: CRYPTO_THREAD_lock_new (in /usr/lib/x86_64-linux-gnu/libcrypto.so.3)
   n0: 10584 in 46 places, all below massif's threshold (1.00%)
   n1: 6944 0x4DFC510: ??? (in /usr/lib/x86_64-linux-gnu/libcrypto.so.3)
    n1: 6944 0x4DFD976: ??? (in /usr/lib/x86_64-linux-gnu/libcrypto.so.3)
     n1: 6944 0x4DFDF4B: ??? (in /usr/lib/x86_64-linux-gnu/libcrypto.so.3)
      n1: 6944 0x4E23528: ??? (in /usr/lib/x86_64-linux-gnu/libcrypto.so.3)
       n1: 6944 0x4E2323F: ??? (in /usr/lib/x86_64-linux-gnu/libcrypto.so.3)
        n1: 6944 0x4E330F6: ??? (in /usr/lib/x86_64-linux-gnu/libcrypto.so.3)
         n1: 6944 0x4E233B7: ??? (in /usr/lib/x86_64-linux-gnu/libcrypto.so.3)
          n1: 6944 0x4E23758: ??? (in /usr/lib/x86_64-linux-gnu/libcrypto.so.3)
           n1: 6944 0x4DFE804: ??? (in /usr/lib/x86_64-linux-gnu/libcrypto.so.3)
            n1: 6944 0x4DFEAE3: ??? (in /usr/lib/x86_64-linux-gnu/libcrypto.so.3)
             n1: 6944 0x4DFC591: EVP_CIPHER_fetch (in /usr/lib/x86_64-linux-gnu/libcrypto.so.3)
              n1: 6944 0x489940A: ??? (in /usr/lib/x86_64-linux-gnu/libssl.so.3)
               n1: 6944 0x488C7E2: ??? (in /usr/lib/x86_64-linux-gnu/libssl.so.3)
                n1: 6944 0x489A8C7: SSL_CTX_new_ex (in /usr/lib/x86_64-linux-gnu/libssl.so.3)
                 n1: 6944 0x10A527: download_model_from_github (in /home/khanh/A37/A35M/btc_predict)
                  n0: 6944 0x10954D: main (in /home/khanh/A37/A35M/btc_predict)
  n2: 16272 0x4E2163D: OPENSSL_LH_new (in /usr/lib/x86_64-linux-gnu/libcrypto.so.3)
   n2: 15768 0x4F0A5D2: ??? (in /usr/lib/x86_64-linux-gnu/libcrypto.so.3)
    n1: 14904 0x4DFE09E: ??? (in /usr/lib/x86_64-linux-gnu/libcrypto.so.3)
     n1: 14904 0x4E2354D: ??? (in /usr/lib/x86_64-linux-gnu/libcrypto.so.3)
      n1: 14904 0x4E2323F: ??? (in /usr/lib/x86_64-linux-gnu/libcrypto.so.3)
       n1: 14904 0x4E330F6: ??? (in /usr/lib/x86_64-linux-gnu/libcrypto.so.3)
        n1: 14904 0x4E233B7: ??? (in /usr/lib/x86_64-linux-gnu/libcrypto.so.3)
         n2: 14904 0x4E23758: ??? (in /usr/lib/x86_64-linux-gnu/libcrypto.so.3)
          n1: 13680 0x4DFE804: ??? (in /usr/lib/x86_64-linux-gnu/libcrypto.so.3)
           n2: 13680 0x4DFEAE3: ??? (in /usr/lib/x86_64-linux-gnu/libcrypto.so.3)
            n1: 8928 0x4DFC591: EVP_CIPHER_fetch (in /usr/lib/x86_64-linux-gnu/libcrypto.so.3)
             n1: 8928 0x489940A: ??? (in /usr/lib/x86_64-linux-gnu/libssl.so.3)
              n1: 8928 0x488C7E2: ??? (in /usr/lib/x86_64-linux-gnu/libssl.so.3)
               n1: 8928 0x489A8C7: SSL_CTX_new_ex (in /usr/lib/x86_64-linux-gnu/libssl.so.3)
                n1: 8928 0x10A527: download_model_from_github (in /home/khanh/A37/A35M/btc_predict)
                 n0: 8928 0x10954D: main (in /home/khanh/A37/A35M/btc_predict)
            n0: 4752 in 5 places, all below massif's threshold (1.00%)
          n0: 1224 in 1 place, below massif's threshold (1.00%)
    n0: 864 in 1 place, below massif's threshold (1.00%)
   n0: 504 in 8 places, all below massif's threshold (1.00%)
  n2: 8000 0x4F5184D: OPENSSL_sk_new_reserve (in /usr/lib/x86_64-linux-gnu/libcrypto.so.3)
   n2: 7008 0x4F0A5B6: ??? (in /usr/lib/x86_64-linux-gnu/libcrypto.so.3)
    n1: 6624 0x4DFE09E: ??? (in /usr/lib/x86_64-linux-gnu/libcrypto.so.3)
     n1: 6624 0x4E2354D: ??? (in /usr/lib/x86_64-linux-gnu/libcrypto.so.3)
      n1: 6624 0x4E2323F: ??? (in /usr/lib/x86_64-linux-gnu/libcrypto.so.3)
       n1: 6624 0x4E330F6: ??? (in /usr/lib/x86_64-linux-gnu/libcrypto.so.3)
        n1: 6624 0x4E233B7: ??? (in /usr/lib/x86_64-linux-gnu/libcrypto.so.3)
         n2: 6624 0x4E23758: ??? (in /usr/lib/x86_64-linux-gnu/libcrypto.so.3)
          n1: 6080 0x4DFE804: ??? (in /usr/lib/x86_64-linux-gnu/libcrypto.so.3)
           n1: 6080 0x4DFEAE3: ??? (in /usr/lib/x86_64-linux-gnu/libcrypto.so.3)
            n0: 6080 in 6 places, all below massif's threshold (1.00%)
          n0: 544 in 1 place, below massif's threshold (1.00%)
    n0: 384 in 1 place, below massif's threshold (1.00%)
   n0: 992 in 36 places, all below massif's threshold (1.00%)
  n2: 7608 0x4899D20: SSL_new (in /usr/lib/x86_64-linux-gnu/libssl.so.3)
   n1: 7608 0x10A273: fetch_binance_data (in /home/khanh/A37/A35M/btc_predict)
    n0: 7608 0x109597: main (in /home/khanh/A37/A35M/btc_predict)
   n0: 0 in 1 place, below massif's threshold (1.00%)
  n1: 7520 0x4F50E12: ??? (in /usr/lib/x86_64-linux-gnu/libcrypto.so.3)
   n2: 7520 0x4F51134: OPENSSL_sk_insert (in /usr/lib/x86_64-linux-gnu/libcrypto.so.3)
    n2: 6944 0x4F0A6AB: ??? (in /usr/lib/x86_64-linux-gnu/libcrypto.so.3)
     n1: 6624 0x4DFE09E: ??? (in /usr/lib/x86_64-linux-gnu/libcrypto.so.3)
      n1: 6624 0x4E2354D: ??? (in /usr/lib/x86_64-linux-gnu/libcrypto.so.3)
       n1: 6624 0x4E2323F: ??? (in /usr/lib/x86_64-linux-gnu/libcrypto.so.3)
        n1: 6624 0x4E330F6: ??? (in /usr/lib/x86_64-linux-gnu/libcrypto.so.3)
         n1: 6624 0x4E233B7: ??? (in /usr/lib/x86_64-linux-gnu/libcrypto.so.3)
          n2: 6624 0x4E23758: ??? (in /usr/lib/x86_64-linux-gnu/libcrypto.so.3)
           n1: 6080 0x4DFE804: ??? (in /usr/lib/x86_64-linux-gnu/libcrypto.so.3)
            n1: 6080 0x4DFEAE3: ??? (in /usr/lib/x86_64-linux-gnu/libcrypto.so.3)
             n0: 6080 in 6 places, all below massif's threshold (1.00%)
           n0: 544 in 1 place, below massif's threshold (1.00%)
     n0: 320 in 1 place, below massif's threshold (1.00%)
    n0: 576 in 23 places, all below massif's threshold (1.00%)
  n1: 6544 0x4E23976: ??? (in /usr/lib/x86_64-linux-gnu/libcrypto.so.3)
   n0: 6544 in 2 places, all below massif's threshold (1.00%)
 n1: 65536 0x10A350: fetch_binance_data (in /home/khanh/A37/A35M/btc_predict)
  n0: 65536 0x109597: main (in /home/khanh/A37/A35M/btc_predict)
 n3: 58896 0x4E219A5: OPENSSL_LH_insert (in /usr/lib/x86_64-linux-gnu/libcrypto.so.3)
  n2: 41808 0x4DD9062: ??? (in /usr/lib/x86_64-linux-gnu/libcrypto.so.3)
   n2: 39840 0x4DD9320: ERR_load_strings_const (in /usr/lib/x86_64-linux-gnu/libcrypto.so.3)
    n0: 32184 in 33 places, all below massif's threshold (1.00%)
    n1: 7656 0x48905DB: ??? (in /usr/lib/x86_64-linux-gnu/libssl.so.3)
     n1: 7656 0x489061C: ??? (in /usr/lib/x86_64-linux-gnu/libssl.so.3)
      n1: 7656 0x4A91ED2: __pthread_once_slow (pthread_once.c:116)
       n1: 7656 0x4E3480C: CRYPTO_THREAD_run_once (in /usr/lib/x86_64-linux-gnu/libcrypto.so.3)
        n1: 7656 0x4890754: OPENSSL_init_ssl (in /usr/lib/x86_64-linux-gnu/libssl.so.3)
         n1: 7656 0x489A792: SSL_CTX_new_ex (in /usr/lib/x86_64-linux-gnu/libssl.so.3)
          n1: 7656 0x10A527: download_model_from_github (in /home/khanh/A37/A35M/btc_predict)
           n0: 7656 0x10954D: main (in /home/khanh/A37/A35M/btc_predict)
   n0: 1968 in 2 places, all below massif's threshold (1.00%)
  n2: 9816 0x4E239B0: ??? (in /usr/lib/x86_64-linux-gnu/libcrypto.so.3)
   n1: 6096 0x4E24200: ??? (in /usr/lib/x86_64-linux-gnu/libcrypto.so.3)
    n0: 6096 in 7 places, all below massif's threshold (1.00%)
   n0: 3720 in 1 place, below massif's threshold (1.00%)
  n0: 7272 in 6 places, all below massif's threshold (1.00%)
 n0: 38599 in 88 places, all below massif's threshold (1.00%)
 n1: 16712 0x48B4A4D: ??? (in /usr/lib/x86_64-linux-gnu/libssl.so.3)
  n1: 16712 0x48B4C74: ??? (in /usr/lib/x86_64-linux-gnu/libssl.so.3)
   n2: 16712 0x48C5E95: ??? (in /usr/lib/x86_64-linux-gnu/libssl.so.3)
    n1: 16712 0x10A2A0: fetch_binance_data (in /home/khanh/A37/A35M/btc_predict)
     n0: 16712 0x109597: main (in /home/khanh/A37/A35M/btc_predict)
    n0: 0 in 1 place, below massif's threshold (1.00%)
 n1: 16584 0x48B4BFF: ??? (in /usr/lib/x86_64-linux-gnu/libssl.so.3)
  n1: 16584 0x48B4C87: ??? (in /usr/lib/x86_64-linux-gnu/libssl.so.3)
   n2: 16584 0x48C5E95: ??? (in /usr/lib/x86_64-linux-gnu/libssl.so.3)
    n1: 16584 0x10A2A0: fetch_binance_data (in /home/khanh/A37/A35M/btc_predict)
     n0: 16584 0x109597: main (in /home/khanh/A37/A35M/btc_predict)
    n0: 0 in 1 place, below massif's threshold (1.00%)
 n1: 15408 0x10A864: download_model_from_github (in /home/khanh/A37/A35M/btc_predict)
  n0: 15408 0x10954D: main (in /home/khanh/A37/A35M/btc_predict)
 n2: 11264 0x4E2194F: OPENSSL_LH_insert (in /usr/lib/x86_64-linux-gnu/libcrypto.so.3)
  n2: 8192 0x4DD9062: ??? (in /usr/lib/x86_64-linux-gnu/libcrypto.so.3)
   n2: 8192 0x4DD9320: ERR_load_strings_const (in /usr/lib/x86_64-linux-gnu/libcrypto.so.3)
    n1: 8192 0x4F5D3FB: ??? (in /usr/lib/x86_64-linux-gnu/libcrypto.so.3)
     n1: 8192 0x4DDAB20: ??? (in /usr/lib/x86_64-linux-gnu/libcrypto.so.3)
      n1: 8192 0x4E266FC: ??? (in /usr/lib/x86_64-linux-gnu/libcrypto.so.3)
       n1: 8192 0x4A91ED2: __pthread_once_slow (pthread_once.c:116)
        n1: 8192 0x4E3480C: CRYPTO_THREAD_run_once (in /usr/lib/x86_64-linux-gnu/libcrypto.so.3)
         n1: 8192 0x4E26BEA: OPENSSL_init_crypto (in /usr/lib/x86_64-linux-gnu/libcrypto.so.3)
          n1: 8192 0x4DD997A: ??? (in /usr/lib/x86_64-linux-gnu/libcrypto.so.3)
           n1: 8192 0x4DDA75C: ERR_set_mark (in /usr/lib/x86_64-linux-gnu/libcrypto.so.3)
            n1: 8192 0x4D49DD5: CONF_modules_load_file_ex (in /usr/lib/x86_64-linux-gnu/libcrypto.so.3)
             n1: 8192 0x4D4A1F0: ??? (in /usr/lib/x86_64-linux-gnu/libcrypto.so.3)
              n1: 8192 0x4E2667E: ??? (in /usr/lib/x86_64-linux-gnu/libcrypto.so.3)
               n1: 8192 0x4A91ED2: __pthread_once_slow (pthread_once.c:116)
                n1: 8192 0x4E3480C: CRYPTO_THREAD_run_once (in /usr/lib/x86_64-linux-gnu/libcrypto.so.3)
                 n1: 8192 0x4E26E43: OPENSSL_init_crypto (in /usr/lib/x86_64-linux-gnu/libcrypto.so.3)
                  n1: 8192 0x48906EC: OPENSSL_init_ssl (in /usr/lib/x86_64-linux-gnu/libssl.so.3)
                   n1: 8192 0x10A51A: download_model_from_github (in /home/khanh/A37/A35M/btc_predict)
                    n0: 8192 0x10954D: main (in /home/khanh/A37/A35M/btc_predict)
    n0: 0 in 3 places, all below massif's threshold (1.00%)
   n0: 0 in 2 places, all below massif's threshold (1.00%)
  n0: 3072 in 3 places, all below massif's threshold (1.00%)
 n2: 9840 0x4F0A432: ??? (in /usr/lib/x86_64-linux-gnu/libcrypto.so.3)
  n1: 8280 0x4DFE09E: ??? (in /usr/lib/x86_64-linux-gnu/libcrypto.so.3)
   n1: 8280 0x4E2354D: ??? (in /usr/lib/x86_64-linux-gnu/libcrypto.so.3)
    n1: 8280 0x4E2323F: ??? (in /usr/lib/x86_64-linux-gnu/libcrypto.so.3)
     n1: 8280 0x4E330F6: ??? (in /usr/lib/x86_64-linux-gnu/libcrypto.so.3)
      n1: 8280 0x4E233B7: ??? (in /usr/lib/x86_64-linux-gnu/libcrypto.so.3)
       n2: 8280 0x4E23758: ??? (in /usr/lib/x86_64-linux-gnu/libcrypto.so.3)
        n1: 7600 0x4DFE804: ??? (in /usr/lib/x86_64-linux-gnu/libcrypto.so.3)
         n1: 7600 0x4DFEAE3: ??? (in /usr/lib/x86_64-linux-gnu/libcrypto.so.3)
          n0: 7600 in 6 places, all below massif's threshold (1.00%)
        n0: 680 in 1 place, below massif's threshold (1.00%)
  n0: 1560 in 1 place, below massif's threshold (1.00%)
 n2: 8543 0x4E29123: CRYPTO_strndup (in /usr/lib/x86_64-linux-gnu/libcrypto.so.3)
  n1: 5972 0x4E23992: ??? (in /usr/lib/x86_64-linux-gnu/libcrypto.so.3)
   n0: 5972 in 2 places, all below massif's threshold (1.00%)
  n0: 2571 in 3 places, all below massif's threshold (1.00%)
#-----------
snapshot=56
#-----------
time=26095475
mem_heap_B=530678
mem_heap_extra_B=95362
mem_stacks_B=0
heap_tree=peak
n10: 530678 (heap allocation functions) malloc/new/new[], --alloc-fns, etc.
 n10: 223760 0x4E27844: CRYPTO_zalloc (in /usr/lib/x86_64-linux-gnu/libcrypto.so.3)
  n0: 50976 in 110 places, all below massif's threshold (1.00%)
  n1: 49024 0x4E34642: ??? (in /usr/lib/x86_64-linux-gnu/libcrypto.so.3)
   n2: 49024 0x4F0A5ED: ??? (in /usr/lib/x86_64-linux-gnu/libcrypto.so.3)
    n1: 48640 0x4DFE09E: ??? (in /usr/lib/x86_64-linux-gnu/libcrypto.so.3)
     n1: 48640 0x4E2354D: ??? (in /usr/lib/x86_64-linux-gnu/libcrypto.so.3)
      n1: 48640 0x4E2323F: ??? (in /usr/lib/x86_64-linux-gnu/libcrypto.so.3)
       n1: 48640 0x4E330F6: ??? (in /usr/lib/x86_64-linux-gnu/libcrypto.so.3)
        n1: 48640 0x4E233B7: ??? (in /usr/lib/x86_64-linux-gnu/libcrypto.so.3)
         n2: 48640 0x4E23758: ??? (in /usr/lib/x86_64-linux-gnu/libcrypto.so.3)
          n1: 44928 0x4DFE804: ??? (in /usr/lib/x86_64-linux-gnu/libcrypto.so.3)
           n2: 44928 0x4DFEAE3: ??? (in /usr/lib/x86_64-linux-gnu/libcrypto.so.3)
            n1: 32896 0x4DFC591: EVP_CIPHER_fetch (in /usr/lib/x86_64-linux-gnu/libcrypto.so.3)
             n1: 32896 0x489940A: ??? (in /usr/lib/x86_64-linux-gnu/libssl.so.3)
              n1: 32896 0x488C7E2: ??? (in /usr/lib/x86_64-linux-gnu/libssl.so.3)
               n1: 32896 0x489A8C7: SSL_CTX_new_ex (in /usr/lib/x86_64-linux-gnu/libssl.so.3)
                n1: 32896 0x10A527: download_model_from_github (in /home/khanh/A37/A35M/btc_predict)
                 n0: 32896 0x10954D: main (in /home/khanh/A37/A35M/btc_predict)
            n0: 12032 in 5 places, all below massif's threshold (1.00%)
          n0: 3712 in 1 place, below massif's threshold (1.00%)
    n0: 384 in 1 place, below massif's threshold (1.00%)
  n1: 31744 0x4DFC503: ??? (in /usr/lib/x86_64-linux-gnu/libcrypto.so.3)
   n1: 31744 0x4DFD976: ??? (in /usr/lib/x86_64-linux-gnu/libcrypto.so.3)
    n1: 31744 0x4DFDF4B: ??? (in /usr/lib/x86_64-linux-gnu/libcrypto.so.3)
     n1: 31744 0x4E23528: ??? (in /usr/lib/x86_64-linux-gnu/libcrypto.so.3)
      n1: 31744 0x4E2323F: ??? (in /usr/lib/x86_64-linux-gnu/libcrypto.so.3)
       n1: 31744 0x4E330F6: ??? (in /usr/lib/x86_64-linux-gnu/libcrypto.so.3)
        n1: 31744 0x4E233B7: ??? (in /usr/lib/x86_64-linux-gnu/libcrypto.so.3)
         n1: 31744 0x4E23758: ??? (in /usr/lib/x86_64-linux-gnu/libcrypto.so.3)
          n1: 31744 0x4DFE804: ??? (in /usr/lib/x86_64-linux-gnu/libcrypto.so.3)
           n1: 31744 0x4DFEAE3: ??? (in /usr/lib/x86_64-linux-gnu/libcrypto.so.3)
            n1: 31744 0x4DFC591: EVP_CIPHER_fetch (in /usr/lib/x86_64-linux-gnu/libcrypto.so.3)
             n1: 31744 0x489940A: ??? (in /usr/lib/x86_64-linux-gnu/libssl.so.3)
              n1: 31744 0x488C7E2: ??? (in /usr/lib/x86_64-linux-gnu/libssl.so.3)
               n1: 31744 0x489A8C7: SSL_CTX_new_ex (in /usr/lib/x86_64-linux-gnu/libssl.so.3)
                n1: 31744 0x10A527: download_model_from_github (in /home/khanh/A37/A35M/btc_predict)
                 n0: 31744 0x10954D: main (in /home/khanh/A37/A35M/btc_predict)
  n2: 28544 0x4E2165B: OPENSSL_LH_new (in /usr/lib/x86_64-linux-gnu/libcrypto.so.3)
   n2: 28032 0x4F0A5D2: ??? (in /usr/lib/x86_64-linux-gnu/libcrypto.so.3)
    n1: 26496 0x4DFE09E: ??? (in /usr/lib/x86_64-linux-gnu/libcrypto.so.3)
     n1: 26496 0x4E2354D: ??? (in /usr/lib/x86_64-linux-gnu/libcrypto.so.3)
      n1: 26496 0x4E2323F: ??? (in /usr/lib/x86_64-linux-gnu/libcrypto.so.3)
       n1: 26496 0x4E330F6: ??? (in /usr/lib/x86_64-linux-gnu/libcrypto.so.3)
        n1: 26496 0x4E233B7: ??? (in /usr/lib/x86_64-linux-gnu/libcrypto.so.3)
         n2: 26496 0x4E23758: ??? (in /usr/lib/x86_64-linux-gnu/libcrypto.so.3)
          n1: 24320 0x4DFE804: ??? (in /usr/lib/x86_64-linux-gnu/libcrypto.so.3)
           n2: 24320 0x4DFEAE3: ??? (in /usr/lib/x86_64-linux-gnu/libcrypto.so.3)
            n1: 15872 0x4DFC591: EVP_CIPHER_fetch (in /usr/lib/x86_64-linux-gnu/libcrypto.so.3)
             n1: 15872 0x489940A: ??? (in /usr/lib/x86_64-linux-gnu/libssl.so.3)
              n1: 15872 0x488C7E2: ??? (in /usr/lib/x86_64-linux-gnu/libssl.so.3)
               n1: 15872 0x489A8C7: SSL_CTX_new_ex (in /usr/lib/x86_64-linux-gnu/libssl.so.3)
                n1: 15872 0x10A527: download_model_from_github (in /home/khanh/A37/A35M/btc_predict)
                 n0: 15872 0x10954D: main (in /home/khanh/A37/A35M/btc_predict)
            n0: 8448 in 5 places, all below massif's threshold (1.00%)
          n0: 2176 in 1 place, below massif's threshold (1.00%)
    n0: 1536 in 1 place, below massif's threshold (1.00%)
   n0: 512 in 8 places, all below massif's threshold (1.00%)
  n2: 17528 0x4E34703: CRYPTO_THREAD_lock_new (in /usr/lib/x86_64-linux-gnu/libcrypto.so.3)
   n0: 10584 in 46 places, all below massif's threshold (1.00%)
   n1: 6944 0x4DFC510: ??? (in /usr/lib/x86_64-linux-gnu/libcrypto.so.3)
    n1: 6944 0x4DFD976: ??? (in /usr/lib/x86_64-linux-gnu/libcrypto.so.3)
     n1: 6944 0x4DFDF4B: ??? (in /usr/lib/x86_64-linux-gnu/libcrypto.so.3)
      n1: 6944 0x4E23528: ??? (in /usr/lib/x86_64-linux-gnu/libcrypto.so.3)
       n1: 6944 0x4E2323F: ??? (in /usr/lib/x86_64-linux-gnu/libcrypto.so.3)
        n1: 6944 0x4E330F6: ??? (in /usr/lib/x86_64-linux-gnu/libcrypto.so.3)
         n1: 6944 0x4E233B7: ??? (in /usr/lib/x86_64-linux-gnu/libcrypto.so.3)
          n1: 6944 0x4E23758: ??? (in /usr/lib/x86_64-linux-gnu/libcrypto.so.3)
           n1: 6944 0x4DFE804: ??? (in /usr/lib/x86_64-linux-gnu/libcrypto.so.3)
            n1: 6944 0x4DFEAE3: ??? (in /usr/lib/x86_64-linux-gnu/libcrypto.so.3)
             n1: 6944 0x4DFC591: EVP_CIPHER_fetch (in /usr/lib/x86_64-linux-gnu/libcrypto.so.3)
              n1: 6944 0x489940A: ??? (in /usr/lib/x86_64-linux-gnu/libssl.so.3)
               n1: 6944 0x488C7E2: ??? (in /usr/lib/x86_64-linux-gnu/libssl.so.3)
                n1: 6944 0x489A8C7: SSL_CTX_new_ex (in /usr/lib/x86_64-linux-gnu/libssl.so.3)
                 n1: 6944 0x10A527: download_model_from_github (in /home/khanh/A37/A35M/btc_predict)
                  n0: 6944 0x10954D: main (in /home/khanh/A37/A35M/btc_predict)
  n2: 16272 0x4E2163D: OPENSSL_LH_new (in /usr/lib/x86_64-linux-gnu/libcrypto.so.3)
   n2: 15768 0x4F0A5D2: ??? (in /usr/lib/x86_64-linux-gnu/libcrypto.so.3)
    n1: 14904 0x4DFE09E: ??? (in /usr/lib/x86_64-linux-gnu/libcrypto.so.3)
     n1: 14904 0x4E2354D: ??? (in /usr/lib/x86_64-linux-gnu/libcrypto.so.3)
      n1: 14904 0x4E2323F: ??? (in /usr/lib/x86_64-linux-gnu/libcrypto.so.3)
       n1: 14904 0x4E330F6: ??? (in /usr/lib/x86_64-linux-gnu/libcrypto.so.3)
        n1: 14904 0x4E233B7: ??? (in /usr/lib/x86_64-linux-gnu/libcrypto.so.3)
         n2: 14904 0x4E23758: ??? (in /usr/lib/x86_64-linux-gnu/libcrypto.so.3)
          n1: 13680 0x4DFE804: ??? (in /usr/lib/x86_64-linux-gnu/libcrypto.so.3)
           n2: 13680 0x4DFEAE3: ??? (in /usr/lib/x86_64-linux-gnu/libcrypto.so.3)
            n1: 8928 0x4DFC591: EVP_CIPHER_fetch (in /usr/lib/x86_64-linux-gnu/libcrypto.so.3)
             n1: 8928 0x489940A: ??? (in /usr/lib/x86_64-linux-gnu/libssl.so.3)
              n1: 8928 0x488C7E2: ??? (in /usr/lib/x86_64-linux-gnu/libssl.so.3)
               n1: 8928 0x489A8C7: SSL_CTX_new_ex (in /usr/lib/x86_64-linux-gnu/libssl.so.3)
                n1: 8928 0x10A527: download_model_from_github (in /home/khanh/A37/A35M/btc_predict)
                 n0: 8928 0x10954D: main (in /home/khanh/A37/A35M/btc_predict)
            n0: 4752 in 5 places, all below massif's threshold (1.00%)
          n0: 1224 in 1 place, below massif's threshold (1.00%)
    n0: 864 in 1 place, below massif's threshold (1.00%)
   n0: 504 in 8 places, all below massif's threshold (1.00%)
  n2: 8000 0x4F5184D: OPENSSL_sk_new_reserve (in /usr/lib/x86_64-linux-gnu/libcrypto.so.3)
   n2: 7008 0x4F0A5B6: ??? (in /usr/lib/x86_64-linux-gnu/libcrypto.so.3)
    n1: 6624 0x4DFE09E: ??? (in /usr/lib/x86_64-linux-gnu/libcrypto.so.3)
     n1: 6624 0x4E2354D: ??? (in /usr/lib/x86_64-linux-gnu/libcrypto.so.3)
      n1: 6624 0x4E2323F: ??? (in /usr/lib/x86_64-linux-gnu/libcrypto.so.3)
       n1: 6624 0x4E330F6: ??? (in /usr/lib/x86_64-linux-gnu/libcrypto.so.3)
        n1: 6624 0x4E233B7: ??? (in /usr/lib/x86_64-linux-gnu/libcrypto.so.3)
         n1: 6624 0x4E23758: ??? (in /usr/lib/x86_64-linux-gnu/libcrypto.so.3)
          n0: 6624 in 2 places, all below massif's threshold (1.00%)
    n0: 384 in 1 place, below massif's threshold (1.00%)
   n0: 992 in 36 places, all below massif's threshold (1.00%)
  n2: 7608 0x4899D20: SSL_new (in /usr/lib/x86_64-linux-gnu/libssl.so.3)
   n1: 7608 0x10A273: fetch_binance_data (in /home/khanh/A37/A35M/btc_predict)
    n0: 7608 0x109597: main (in /home/khanh/A37/A35M/btc_predict)
   n0: 0 in 1 place, below massif's threshold (1.00%)
  n1: 7520 0x4F50E12: ??? (in /usr/lib/x86_64-linux-gnu/libcrypto.so.3)
   n2: 7520 0x4F51134: OPENSSL_sk_insert (in /usr/lib/x86_64-linux-gnu/libcrypto.so.3)
    n2: 6944 0x4F0A6AB: ??? (in /usr/lib/x86_64-linux-gnu/libcrypto.so.3)
     n1: 6624 0x4DFE09E: ??? (in /usr/lib/x86_64-linux-gnu/libcrypto.so.3)
      n1: 6624 0x4E2354D: ??? (in /usr/lib/x86_64-linux-gnu/libcrypto.so.3)
       n1: 6624 0x4E2323F: ??? (in /usr/lib/x86_64-linux-gnu/libcrypto.so.3)
        n1: 6624 0x4E330F6: ??? (in /usr/lib/x86_64-linux-gnu/libcrypto.so.3)
         n1: 6624 0x4E233B7: ??? (in /usr/lib/x86_64-linux-gnu/libcrypto.so.3)
          n1: 6624 0x4E23758: ??? (in /usr/lib/x86_64-linux-gnu/libcrypto.so.3)
           n0: 6624 in 2 places, all below massif's threshold (1.00%)
     n0: 320 in 1 place, below massif's threshold (1.00%)
    n0: 576 in 23 places, all below massif's threshold (1.00%)
  n1: 6544 0x4E23976: ??? (in /usr/lib/x86_64-linux-gnu/libcrypto.so.3)
   n0: 6544 in 2 places, all below massif's threshold (1.00%)
 n1: 131072 0x10A350: fetch_binance_data (in /home/khanh/A37/A35M/btc_predict)
  n0: 131072 0x109597: main (in /home/khanh/A37/A35M/btc_predict)
 n3: 58896 0x4E219A5: OPENSSL_LH_insert (in /usr/lib/x86_64-linux-gnu/libcrypto.so.3)
  n2: 41808 0x4DD9062: ??? (in /usr/lib/x86_64-linux-gnu/libcrypto.so.3)
   n2: 39840 0x4DD9320: ERR_load_strings_const (in /usr/lib/x86_64-linux-gnu/libcrypto.so.3)
    n0: 32184 in 33 places, all below massif's threshold (1.00%)
    n1: 7656 0x48905DB: ??? (in /usr/lib/x86_64-linux-gnu/libssl.so.3)
     n1: 7656 0x489061C: ??? (in /usr/lib/x86_64-linux-gnu/libssl.so.3)
      n1: 7656 0x4A91ED2: __pthread_once_slow (pthread_once.c:116)
       n1: 7656 0x4E3480C: CRYPTO_THREAD_run_once (in /usr/lib/x86_64-linux-gnu/libcrypto.so.3)
        n1: 7656 0x4890754: OPENSSL_init_ssl (in /usr/lib/x86_64-linux-gnu/libssl.so.3)
         n1: 7656 0x489A792: SSL_CTX_new_ex (in /usr/lib/x86_64-linux-gnu/libssl.so.3)
          n1: 7656 0x10A527: download_model_from_github (in /home/khanh/A37/A35M/btc_predict)
           n0: 7656 0x10954D: main (in /home/khanh/A37/A35M/btc_predict)
   n0: 1968 in 2 places, all below massif's threshold (1.00%)
  n1: 9816 0x4E239B0: ??? (in /usr/lib/x86_64-linux-gnu/libcrypto.so.3)
   n0: 9816 in 2 places, all below massif's threshold (1.00%)
  n0: 7272 in 6 places, all below massif's threshold (1.00%)
 n0: 38599 in 88 places, all below massif's threshold (1.00%)
 n1: 16712 0x48B4A4D: ??? (in /usr/lib/x86_64-linux-gnu/libssl.so.3)
  n1: 16712 0x48B4C74: ??? (in /usr/lib/x86_64-linux-gnu/libssl.so.3)
   n2: 16712 0x48C5E95: ??? (in /usr/lib/x86_64-linux-gnu/libssl.so.3)
    n1: 16712 0x10A2A0: fetch_binance_data (in /home/khanh/A37/A35M/btc_predict)
     n0: 16712 0x109597: main (in /home/khanh/A37/A35M/btc_predict)
    n0: 0 in 1 place, below massif's threshold (1.00%)
 n1: 16584 0x48B4BFF: ??? (in /usr/lib/x86_64-linux-gnu/libssl.so.3)
  n1: 16584 0x48B4C87: ??? (in /usr/lib/x86_64-linux-gnu/libssl.so.3)
   n2: 16584 0x48C5E95: ??? (in /usr/lib/x86_64-linux-gnu/libssl.so.3)
    n1: 16584 0x10A2A0: fetch_binance_data (in /home/khanh/A37/A35M/btc_predict)
     n0: 16584 0x109597: main (in /home/khanh/A37/A35M/btc_predict)
    n0: 0 in 1 place, below massif's threshold (1.00%)
 n1: 15408 0x10A864: download_model_from_github (in /home/khanh/A37/A35M/btc_predict)
  n0: 15408 0x10954D: main (in /home/khanh/A37/A35M/btc_predict)
 n2: 11264 0x4E2194F: OPENSSL_LH_insert (in /usr/lib/x86_64-linux-gnu/libcrypto.so.3)
  n2: 8192 0x4DD9062: ??? (in /usr/lib/x86_64-linux-gnu/libcrypto.so.3)
   n2: 8192 0x4DD9320: ERR_load_strings_const (in /usr/lib/x86_64-linux-gnu/libcrypto.so.3)
    n1: 8192 0x4F5D3FB: ??? (in /usr/lib/x86_64-linux-gnu/libcrypto.so.3)
     n1: 8192 0x4DDAB20: ??? (in /usr/lib/x86_64-linux-gnu/libcrypto.so.3)
      n1: 8192 0x4E266FC: ??? (in /usr/lib/x86_64-linux-gnu/libcrypto.so.3)
       n1: 8192 0x4A91ED2: __pthread_once_slow (pthread_once.c:116)
        n1: 8192 0x4E3480C: CRYPTO_THREAD_run_once (in /usr/lib/x86_64-linux-gnu/libcrypto.so.3)
         n1: 8192 0x4E26BEA: OPENSSL_init_crypto (in /usr/lib/x86_64-linux-gnu/libcrypto.so.3)
          n1: 8192 0x4DD997A: ??? (in /usr/lib/x86_64-linux-gnu/libcrypto.so.3)
           n1: 8192 0x4DDA75C: ERR_set_mark (in /usr/lib/x86_64-linux-gnu/libcrypto.so.3)
            n1: 8192 0x4D49DD5: CONF_modules_load_file_ex (in /usr/lib/x86_64-linux-gnu/libcrypto.so.3)
             n1: 8192 0x4D4A1F0: ??? (in /usr/lib/x86_64-linux-gnu/libcrypto.so.3)
              n1: 8192 0x4E2667E: ??? (in /usr/lib/x86_64-linux-gnu/libcrypto.so.3)
               n1: 8192 0x4A91ED2: __pthread_once_slow (pthread_once.c:116)
                n1: 8192 0x4E3480C: CRYPTO_THREAD_run_once (in /usr/lib/x86_64-linux-gnu/libcrypto.so.3)
                 n1: 8192 0x4E26E43: OPENSSL_init_crypto (in /usr/lib/x86_64-linux-gnu/libcrypto.so.3)
                  n1: 8192 0x48906EC: OPENSSL_init_ssl (in /usr/lib/x86_64-linux-gnu/libssl.so.3)
                   n1: 8192 0x10A51A: download_model_from_github (in /home/khanh/A37/A35M/btc_predict)
                    n0: 8192 0x10954D: main (in /home/khanh/A37/A35M/btc_predict)
    n0: 0 in 3 places, all below massif's threshold (1.00%)
   n0: 0 in 2 places, all below massif's threshold (1.00%)
  n0: 3072 in 3 places, all below massif's threshold (1.00%)
 n2: 9840 0x4F0A432: ??? (in /usr/lib/x86_64-linux-gnu/libcrypto.so.3)
  n1: 8280 0x4DFE09E: ??? (in /usr/lib/x86_64-linux-gnu/libcrypto.so.3)
   n1: 8280 0x4E2354D: ??? (in /usr/lib/x86_64-linux-gnu/libcrypto.so.3)
    n1: 8280 0x4E2323F: ??? (in /usr/lib/x86_64-linux-gnu/libcrypto.so.3)
     n1: 8280 0x4E330F6: ??? (in /usr/lib/x86_64-linux-gnu/libcrypto.so.3)
      n1: 8280 0x4E233B7: ??? (in /usr/lib/x86_64-linux-gnu/libcrypto.so.3)
       n2: 8280 0x4E23758: ??? (in /usr/lib/x86_64-linux-gnu/libcrypto.so.3)
        n1: 7600 0x4DFE804: ??? (in /usr/lib/x86_64-linux-gnu/libcrypto.so.3)
         n1: 7600 0x4DFEAE3: ??? (in /usr/lib/x86_64-linux-gnu/libcrypto.so.3)
          n0: 7600 in 6 places, all below massif's threshold (1.00%)
        n0: 680 in 1 place, below massif's threshold (1.00%)
  n0: 1560 in 1 place, below massif's threshold (1.00%)
 n1: 8543 0x4E29123: CRYPTO_strndup (in /usr/lib/x86_64-linux-gnu/libcrypto.so.3)
  n0: 8543 in 4 places, all below massif's threshold (1.00%)
#-----------
snapshot=57
#-----------
time=28948561
mem_heap_B=399566
mem_heap_extra_B=95338
mem_stacks_B=0
heap_tree=empty
#-----------
snapshot=58
#-----------
time=29506502
mem_heap_B=330143
mem_heap_extra_B=87873
mem_stacks_B=0
heap_tree=empty
#-----------
snapshot=59
#-----------
time=29869498
mem_heap_B=330143
mem_heap_extra_B=87873
mem_stacks_B=0
heap_tree=empty
#-----------
snapshot=60
#-----------
time=30142979
mem_heap_B=182429
mem_heap_extra_B=64171
mem_stacks_B=0
heap_tree=empty
#-----------
snapshot=61
#-----------
time=30417164
mem_heap_B=66775
mem_heap_extra_B=34401
mem_stacks_B=0
heap_tree=empty
#-----------
snapshot=62
#-----------
time=30690590
mem_heap_B=42167
mem_heap_extra_B=18729
mem_stacks_B=0
heap_tree=empty
